CLIENT_HANDSHAKE_TRAFFIC_SECRET 0ec515b8cc13bb038774cb7a51abca799b5e19a492e0a71549a1c3133a54cb5c 7ce578f1ac53d6a79b474ccc66376152b876aeebaa6961de55ddd25378dc20354608382f64e6099924ee9f1cb5c97eba
SERVER_HANDSHAKE_TRAFFIC_SECRET 0ec515b8cc13bb038774cb7a51abca799b5e19a492e0a71549a1c3133a54cb5c 6d998c6d871e5a513fa8162121b8f6d329e3390553f8190624379e131d51ea2f23db09c5a95cd786bb1a5a5a80c56a1f
CLIENT_TRAFFIC_SECRET_0 0ec515b8cc13bb038774cb7a51abca799b5e19a492e0a71549a1c3133a54cb5c 22e9a0ec97bcb7c8aaa537c58de8c099b7056b0d15126a0e578f113879ae4383367d7832aca069093e0b2b246a1e0809
SERVER_TRAFFIC_SECRET_0 0ec515b8cc13bb038774cb7a51abca799b5e19a492e0a71549a1c3133a54cb5c d09081055526f9bd379db1cadeb1d8de033c4a5efb6a6f99d9c6780177fd18328c408d27f92355f51a474ed93e4baf02
EXPORTER_SECRET 0ec515b8cc13bb038774cb7a51abca799b5e19a492e0a71549a1c3133a54cb5c 3b4dd187b6af3611a5056dc76726b804fd0acd0842d4c16d560ecd865180169af5ce41bb996fe2a0c6aedddd2bd3d8fa
CLIENT_HANDSHAKE_TRAFFIC_SECRET 8ae8d00dab6c444dd45baedd382d1400f972e85d473635649732f7f5615c819a 2276e1553d01140048a185999b32b6cd8191075cc1c5da2f75b67117421e797cf662e2b600b5a55efa4df1a692f4976f
SERVER_HANDSHAKE_TRAFFIC_SECRET 8ae8d00dab6c444dd45baedd382d1400f972e85d473635649732f7f5615c819a c6c3d49cf6fca299c4018365ad8e63e5d6509af9a9f4d30ee590ea4a33d25fca22e9217c757482bc71c3c20713bb46c7
CLIENT_TRAFFIC_SECRET_0 8ae8d00dab6c444dd45baedd382d1400f972e85d473635649732f7f5615c819a 8978dd6e2a62dad182885967fc5d18c8d25a31792adbdde9b7911c7d53c6b1af794488d143246cec212b2459fbbd7c6d
SERVER_TRAFFIC_SECRET_0 8ae8d00dab6c444dd45baedd382d1400f972e85d473635649732f7f5615c819a 74646ede00376dda959749348c637769debc8326f1584d4b75cf68ae8c76707b5eb62dfdf203bcab5e6a9fbc839f4995
EXPORTER_SECRET 8ae8d00dab6c444dd45baedd382d1400f972e85d473635649732f7f5615c819a b7aa3e293e2070508e068989d8ff28e1a5aefa442e2b243cf688f760bc4b5c463aaa077290a11b52d46487c983195b0c
CLIENT_HANDSHAKE_TRAFFIC_SECRET 0c090859ade926bd783e270416708f7ef86a6d3534bf6962470f8971fb9c5968 dc199ae2052f19f35b373eab1e087c160667c7b64256acc3427257c5745f82be
SERVER_HANDSHAKE_TRAFFIC_SECRET 0c090859ade926bd783e270416708f7ef86a6d3534bf6962470f8971fb9c5968 b4212de4d0f67f823924b5ad2d5a99b74613169b6eb1addf146128ea560f0efd
CLIENT_TRAFFIC_SECRET_0 0c090859ade926bd783e270416708f7ef86a6d3534bf6962470f8971fb9c5968 ccacc0afd0b12ad0c81076ee6a7ccdb42fcb6312b0fba58b52d9dea3b24e62d6
SERVER_TRAFFIC_SECRET_0 0c090859ade926bd783e270416708f7ef86a6d3534bf6962470f8971fb9c5968 445f6c6bd69142ff6e0e427993bcaf59cb9ada6af8203d513c1d5ae7400390a9
EXPORTER_SECRET 0c090859ade926bd783e270416708f7ef86a6d3534bf6962470f8971fb9c5968 9e2c92b647989ffcbad426bed89e0184ffaeafe1184e33fc3445bb6a57d0a971
CLIENT_HANDSHAKE_TRAFFIC_SECRET 865805fb65e973e5684f3d9b043ddb7b56d6b48e171bcae0fb78ae4149dab194 f8557e6af925166ba9697f0dfc19adf9d2a75956d395c97026d3ba78d1aea120
SERVER_HANDSHAKE_TRAFFIC_SECRET 865805fb65e973e5684f3d9b043ddb7b56d6b48e171bcae0fb78ae4149dab194 2240a2fdd1940e1cb914a3689294514e1e1b20e159edd867839976885922ac10
CLIENT_HANDSHAKE_TRAFFIC_SECRET 503511bb314608cbb8eafb2865f63d9215113d6a46008b9c8f13f51811fec338 ff830677057d412a2ab61280d44a3a61e1fc507db9b0ea44181b3701fe873bc6
SERVER_HANDSHAKE_TRAFFIC_SECRET 503511bb314608cbb8eafb2865f63d9215113d6a46008b9c8f13f51811fec338 cded1600ed2d8ac12813f7ae2ef0b249ed40291f9c7e21bc5c545d3530d8ada9
CLIENT_TRAFFIC_SECRET_0 503511bb314608cbb8eafb2865f63d9215113d6a46008b9c8f13f51811fec338 50d5cab3051d7c99102d65513728f25a828d36a2163a7f3083af62c4b944fae5
SERVER_TRAFFIC_SECRET_0 503511bb314608cbb8eafb2865f63d9215113d6a46008b9c8f13f51811fec338 a40987f7b215195fded67599feb1b576df3c334eb921fabbd510351923be7a2c
EXPORTER_SECRET 503511bb314608cbb8eafb2865f63d9215113d6a46008b9c8f13f51811fec338 4e2170860d5c12a8d09166a0f4825a6a31d664f85f1fffa4d12b08c5a82cdc23
CLIENT_HANDSHAKE_TRAFFIC_SECRET 1adef9282261e4bfc5f352074a5955a5550e5610f3b68400c41aac66c47f3d71 9563abc404ed0a679160572a3018f9c69fee55cd42a6b5290bfb6dcdd84c6e5b
SERVER_HANDSHAKE_TRAFFIC_SECRET 1adef9282261e4bfc5f352074a5955a5550e5610f3b68400c41aac66c47f3d71 ce7f598dfe50e7f7c84e8ef72ca6d9384ba73a0ee122adab0e168854bbccd58c
CLIENT_TRAFFIC_SECRET_0 865805fb65e973e5684f3d9b043ddb7b56d6b48e171bcae0fb78ae4149dab194 6c55ec8b19383773b420532abb62a258476ad714b424d3cbbb217996892a09e8
SERVER_TRAFFIC_SECRET_0 865805fb65e973e5684f3d9b043ddb7b56d6b48e171bcae0fb78ae4149dab194 92c6d535587519114324d663aa69d3ee8059eaf19bb27a7e05c7480e0774a748
EXPORTER_SECRET 865805fb65e973e5684f3d9b043ddb7b56d6b48e171bcae0fb78ae4149dab194 728758c82ab8008b34c1f37b5465bb28a0a3136c493a62e840a87a6085f2d461
CLIENT_HANDSHAKE_TRAFFIC_SECRET fc739403ab5ae377b5d80b3f3efa6864d4e5ca0853e64e8680227fcd090edacd 596ff14a337bdbe9f595f5e82676e94779ce2fdf1935b5044ee156a421c53d23
SERVER_HANDSHAKE_TRAFFIC_SECRET fc739403ab5ae377b5d80b3f3efa6864d4e5ca0853e64e8680227fcd090edacd 00ffc61568ac49e16e49d7cf1e7eefa316b49d7c8aa2784929080f995fa875f0
CLIENT_HANDSHAKE_TRAFFIC_SECRET 246b5e65ab966924b62ae732f7e7cccbecdcb396846cd8258568fc75ec8479f6 eff35ee093906eff1a775b31a75210325129dc838534ce8b2867f44e03660d57
SERVER_HANDSHAKE_TRAFFIC_SECRET 246b5e65ab966924b62ae732f7e7cccbecdcb396846cd8258568fc75ec8479f6 7a955c3c48b9fe6be7a43cd6a74fe601e5b68d76014d0ec3c5f99b2318adb895
CLIENT_HANDSHAKE_TRAFFIC_SECRET 9a74b46aba0db7a2787074fe2a0db8ae9408ae3d14a30f54252e4e255cfcfcf0 26fddcb045adc22de1b9c269d96328341cf170b3baefa65fdccc1c7d8579fdf0
SERVER_HANDSHAKE_TRAFFIC_SECRET 9a74b46aba0db7a2787074fe2a0db8ae9408ae3d14a30f54252e4e255cfcfcf0 cf795f1f411ac589fe49f9787a9cf2339ed17ce166f7b7641c36c185c2d20f67
CLIENT_HANDSHAKE_TRAFFIC_SECRET afb00f4422fb580a4ab76749cf822c7154f77c4eb73b5f49d82904787f5c8d16 b0488d751eabeb32b0f7ac0057e4d4dc73ce691df55b9ef44a3da30362bd9af6
SERVER_HANDSHAKE_TRAFFIC_SECRET afb00f4422fb580a4ab76749cf822c7154f77c4eb73b5f49d82904787f5c8d16 2e70e65dfd960a458371e456aa66776588cfe49ad6f311ef27572669bf04589b
CLIENT_TRAFFIC_SECRET_0 1adef9282261e4bfc5f352074a5955a5550e5610f3b68400c41aac66c47f3d71 af3cbeb1f9dac5b7fc0929f5d6a519707cb2b45aa33d79c0091b05f79cfe479b
SERVER_TRAFFIC_SECRET_0 1adef9282261e4bfc5f352074a5955a5550e5610f3b68400c41aac66c47f3d71 440c6f9e8be2bbbbda4f7c188748cca8842b6facb338c9e5f7b7b540f9b1a19e
EXPORTER_SECRET 1adef9282261e4bfc5f352074a5955a5550e5610f3b68400c41aac66c47f3d71 6ae322770e0fa002b27d81dc1b5862299a9fbf07f8a02b5ba11176a5d0108610
CLIENT_TRAFFIC_SECRET_0 afb00f4422fb580a4ab76749cf822c7154f77c4eb73b5f49d82904787f5c8d16 e8bd2de3bb12dfa0f610e69f1527d3c00128131ffdc4a67940f3f9b45408a3f8
SERVER_TRAFFIC_SECRET_0 afb00f4422fb580a4ab76749cf822c7154f77c4eb73b5f49d82904787f5c8d16 099fee6aa6815f6e42091f2eb7b4ac2e991557834469d6aab0f6460c1384afad
EXPORTER_SECRET afb00f4422fb580a4ab76749cf822c7154f77c4eb73b5f49d82904787f5c8d16 c5b55bc302fdf50048e8443fda0c9ce8b02056372c789607284f85c0a6cb716a
CLIENT_HANDSHAKE_TRAFFIC_SECRET 7c2aa6af5e3c30eb6219a6550e61f2482c96886696a5b39488e2cef97b774166 6805500f44d6e03529245eccff47094081a0a6db744abc65331e965d7f82f66c
SERVER_HANDSHAKE_TRAFFIC_SECRET 7c2aa6af5e3c30eb6219a6550e61f2482c96886696a5b39488e2cef97b774166 1d1e0af26c3a3243b6e9923ae3033fae8b2a59120f0ef8828bf4f1b877197555
CLIENT_TRAFFIC_SECRET_0 246b5e65ab966924b62ae732f7e7cccbecdcb396846cd8258568fc75ec8479f6 819f79ab7f9f587c74a189338535e209511245cd12e5dbbb30f7fceb36ed9e35
SERVER_TRAFFIC_SECRET_0 246b5e65ab966924b62ae732f7e7cccbecdcb396846cd8258568fc75ec8479f6 e62b9141a55482f8ba50e520b0056956907f9febe6c23317188e0f8a75180671
EXPORTER_SECRET 246b5e65ab966924b62ae732f7e7cccbecdcb396846cd8258568fc75ec8479f6 8ad3d1234cf729735ff81b8edc419c366a8611ad0e44ffcb5fcf11809b364243
CLIENT_TRAFFIC_SECRET_0 fc739403ab5ae377b5d80b3f3efa6864d4e5ca0853e64e8680227fcd090edacd 32e78f42ea52f70bde3cd98bd38b28886f7bba06e0d9aa3980792436ded6043d
SERVER_TRAFFIC_SECRET_0 fc739403ab5ae377b5d80b3f3efa6864d4e5ca0853e64e8680227fcd090edacd 0d82cc1b18307370891f244a1d700cb137b9e830ff046509f6cebef3d0bc7732
EXPORTER_SECRET fc739403ab5ae377b5d80b3f3efa6864d4e5ca0853e64e8680227fcd090edacd df8c1585a2f06b0f102ae96b3143da8e37192fcfb41f71bda7bbbfd9885a2009
CLIENT_TRAFFIC_SECRET_0 7c2aa6af5e3c30eb6219a6550e61f2482c96886696a5b39488e2cef97b774166 5f5d3cf71558b6da497cb867481f9525d7b49cd3daa393a594daf65917b627d2
SERVER_TRAFFIC_SECRET_0 7c2aa6af5e3c30eb6219a6550e61f2482c96886696a5b39488e2cef97b774166 078c3a3a7bfc7151946b4473ddc019859676d8790c0f1a7c15769b0afa078667
EXPORTER_SECRET 7c2aa6af5e3c30eb6219a6550e61f2482c96886696a5b39488e2cef97b774166 8e6fe348dafc162d8db394bf2d15b7afd89a14a0d67b4acc8f106683030c9680
CLIENT_TRAFFIC_SECRET_0 9a74b46aba0db7a2787074fe2a0db8ae9408ae3d14a30f54252e4e255cfcfcf0 41c101b3412b09700c6c360cc0c493bd6b0fba00452ff2e5c04115919602ae51
SERVER_TRAFFIC_SECRET_0 9a74b46aba0db7a2787074fe2a0db8ae9408ae3d14a30f54252e4e255cfcfcf0 ef518524fef7585ff65c68a82d12ac95f2e756a7696e8d56e3886e2efe8e95a3
EXPORTER_SECRET 9a74b46aba0db7a2787074fe2a0db8ae9408ae3d14a30f54252e4e255cfcfcf0 52040b48216af7809169c3755e3b536f0c1e0b70f947a5d9d9f5401e2d50eb67
CLIENT_HANDSHAKE_TRAFFIC_SECRET 68d21eca66d340140f6bd1366221e95ce765d5ca48fd4f4adbf744d79aa87153 6b87afca76b9d14c38d3e3c837d890f9b93411e6fdc8cd562defe9afdfd4d0cb
SERVER_HANDSHAKE_TRAFFIC_SECRET 68d21eca66d340140f6bd1366221e95ce765d5ca48fd4f4adbf744d79aa87153 09fbf5194a344f6bb672509f30f9bbe3cb30393fe86bc3e80f6f6234040985d3
CLIENT_TRAFFIC_SECRET_0 68d21eca66d340140f6bd1366221e95ce765d5ca48fd4f4adbf744d79aa87153 9a214a4581aa45294900ed672fa4b27e1beabc09f47df15d9432ee5233a624c8
SERVER_TRAFFIC_SECRET_0 68d21eca66d340140f6bd1366221e95ce765d5ca48fd4f4adbf744d79aa87153 81137cfe8e2a9961530245da9ddbc906031c3cc6d43e276e4eb06deb33a0430a
EXPORTER_SECRET 68d21eca66d340140f6bd1366221e95ce765d5ca48fd4f4adbf744d79aa87153 38908ee855957755f9bc83c05779bfb17a719c0b6eb48ebc294a4fdf2ff7d2cd
CLIENT_HANDSHAKE_TRAFFIC_SECRET ecf2b85b7c95ea01e4064c5e1cf85d8dfa79e30de87f7e9f0dd61f6eed2c23d8 0123bc7d74a5728aae452b633dcf5a82d355f0913d9c428ecb1dd4c4261b32c332941a2280ee651843bf1ccdfdf06254
SERVER_HANDSHAKE_TRAFFIC_SECRET ecf2b85b7c95ea01e4064c5e1cf85d8dfa79e30de87f7e9f0dd61f6eed2c23d8 ea18220bea878acef587a8637004014d6fbf426f6a3a44bfd898bb6486bd945e1ab3fbb3a5d1edd4caa308c9b1ea2827
CLIENT_TRAFFIC_SECRET_0 ecf2b85b7c95ea01e4064c5e1cf85d8dfa79e30de87f7e9f0dd61f6eed2c23d8 bb20ca1feb146eedf66e528895757268aaad5eab2de98ffe95b3fc1e6d5b8727d509c2082ba03c23200c52b869119fd7
SERVER_TRAFFIC_SECRET_0 ecf2b85b7c95ea01e4064c5e1cf85d8dfa79e30de87f7e9f0dd61f6eed2c23d8 8494edff650a3788f629db57f1ced21327d69a878006b1bd3d7fc7e078e1e702b2589d3370d07617b30f5ef9a84a80d6
EXPORTER_SECRET ecf2b85b7c95ea01e4064c5e1cf85d8dfa79e30de87f7e9f0dd61f6eed2c23d8 7c4810ad2190469081b1a389d67b1f98143dc1f975f0f6a329ad4c916db886affd41c50f5fd076415f62a2c0f3ff3c64
CLIENT_HANDSHAKE_TRAFFIC_SECRET 28aaca32d22eff352568648b80f0e4a24b3e89ba0887dd3b5d7a073cc9b69e04 a986e6dd481cca30a446bd20e52cce593d7207ab6a403e070a472bf5660c1ed4
SERVER_HANDSHAKE_TRAFFIC_SECRET 28aaca32d22eff352568648b80f0e4a24b3e89ba0887dd3b5d7a073cc9b69e04 ca6b8fe98d64f1d3290cecc04e8d5ac8d7a7249098806e8648787c2f313f5330
CLIENT_TRAFFIC_SECRET_0 28aaca32d22eff352568648b80f0e4a24b3e89ba0887dd3b5d7a073cc9b69e04 e61c25a7bbad949b32b04a091611712e3c11750417ca3799ecde0ea2c6835098
SERVER_TRAFFIC_SECRET_0 28aaca32d22eff352568648b80f0e4a24b3e89ba0887dd3b5d7a073cc9b69e04 a545c4f74c4053f8e1688e4d8fe0c43968d34566c8bc17a91c32e3ae8feac18d
EXPORTER_SECRET 28aaca32d22eff352568648b80f0e4a24b3e89ba0887dd3b5d7a073cc9b69e04 f5458cf993d98394c548921b943f9a274dcf5beebb87ac6cf77c71241b9a3406
CLIENT_HANDSHAKE_TRAFFIC_SECRET 164ac8833e36517c54b2f064d680b295bbb8878f0978ffb8a6279d59aaf2115f 9acc19d0431d36403261e50ef7041b82b30ebb41e4f225f222269c24d8130249
SERVER_HANDSHAKE_TRAFFIC_SECRET 164ac8833e36517c54b2f064d680b295bbb8878f0978ffb8a6279d59aaf2115f 6ebd94556514dc68b0e00bf8a67baffcf5ab7c5720a3ece18d9cf70fc481441c
CLIENT_HANDSHAKE_TRAFFIC_SECRET 0e24d62eeaa0ab96851c8055d22c930be9990c9ec025407a268418e4a0736b7f aaccfe4e2358e50e6cb762af234db34fc28788d8bc90f698d265105aad3b406f
SERVER_HANDSHAKE_TRAFFIC_SECRET 0e24d62eeaa0ab96851c8055d22c930be9990c9ec025407a268418e4a0736b7f a8e5785fd49525b3468c74091e5a1cf86b6d27c6a3a8002cd7508f9ef68a9b65
CLIENT_TRAFFIC_SECRET_0 0e24d62eeaa0ab96851c8055d22c930be9990c9ec025407a268418e4a0736b7f 23abf83871fa9bb16e0911b9386cc91db9230cbbffc54a48e13ef8c44e13bc12
SERVER_TRAFFIC_SECRET_0 0e24d62eeaa0ab96851c8055d22c930be9990c9ec025407a268418e4a0736b7f 28821d32db44af6f224f9b4c72caa9bea6bf90ba5176424f5dd45a55d7b8e8b4
EXPORTER_SECRET 0e24d62eeaa0ab96851c8055d22c930be9990c9ec025407a268418e4a0736b7f 93306769032b0b42b871fa6d1e70634cc0864186b652c52f1e8e0e43d9bdba31
CLIENT_HANDSHAKE_TRAFFIC_SECRET 2198bf6b6f91ba260f0937b818ac0288bbe0015a448ba4935283bc5f4aa9f5a2 721126c607d0cb25974c3449f4b3a7ca8162449251cc95ac46c08d01fa240be33657e415375ebd4c4e2bc4d2c0f31060
SERVER_HANDSHAKE_TRAFFIC_SECRET 2198bf6b6f91ba260f0937b818ac0288bbe0015a448ba4935283bc5f4aa9f5a2 16e9775c59372e86872a21d8bfa5738c04c9d9852c80d19a44aa720fdacc00817b3ef953cedb657c6fea8ad4d32d0cbd
CLIENT_HANDSHAKE_TRAFFIC_SECRET cf2009e6935639b491275124ea5c581e29e80346587c01539dd3b5a8cdab3768 d48c6a11ef1d8dcfb9b1e5189dce8612b7fe6f855903ed739fd08c46ac84a500
SERVER_HANDSHAKE_TRAFFIC_SECRET cf2009e6935639b491275124ea5c581e29e80346587c01539dd3b5a8cdab3768 df7c2753b1b8fca8107125f7dd0f9bcf771b30cb8d738c9dd6365e8803370a3c
CLIENT_TRAFFIC_SECRET_0 2198bf6b6f91ba260f0937b818ac0288bbe0015a448ba4935283bc5f4aa9f5a2 c7069aece8e6e83ad521e885924677cbe6480547581907c4a97641f0ef19f04b12195086bc12c54b267d0b1ecc018bec
SERVER_TRAFFIC_SECRET_0 2198bf6b6f91ba260f0937b818ac0288bbe0015a448ba4935283bc5f4aa9f5a2 4c11054ee34083ee549a705f77f403b2fec43ab3738c91d75d07219ba2986a4486fccbb6c36b932c54831765fb8de537
EXPORTER_SECRET 2198bf6b6f91ba260f0937b818ac0288bbe0015a448ba4935283bc5f4aa9f5a2 16b7a8f5d9b916d244d43d79e5e0a68b95ef955d7ed9b01660774497dbd9bcf167c14681e307041fbd37af42145405c6
CLIENT_TRAFFIC_SECRET_0 cf2009e6935639b491275124ea5c581e29e80346587c01539dd3b5a8cdab3768 32886ff41e2aae892591280db6d70a319004c6c0b1171eb90a30ba2fb24be70b
SERVER_TRAFFIC_SECRET_0 cf2009e6935639b491275124ea5c581e29e80346587c01539dd3b5a8cdab3768 afa5ccb24eef271fe6d5c25199dd6d1c16d1ae3d68e6ec9dbbbdf0b9c633371a
EXPORTER_SECRET cf2009e6935639b491275124ea5c581e29e80346587c01539dd3b5a8cdab3768 84de5b4f144d8c700e71044b79725b9a7002224b8b4780f3bfe7130998c15381
CLIENT_TRAFFIC_SECRET_0 164ac8833e36517c54b2f064d680b295bbb8878f0978ffb8a6279d59aaf2115f 52636eb70b39df71850191e6f503b7acc150aee2ba2b5be5b475b5bc97bdf154
SERVER_TRAFFIC_SECRET_0 164ac8833e36517c54b2f064d680b295bbb8878f0978ffb8a6279d59aaf2115f e0d53ea188263b6dd7bd2c1ec959ca7b7eca8734f2028482422c258eb4347cf0
EXPORTER_SECRET 164ac8833e36517c54b2f064d680b295bbb8878f0978ffb8a6279d59aaf2115f 50c1b922303fd39ee1adb3d6b1ae134283ac1c77420c208e87ed33e9018a065c
CLIENT_HANDSHAKE_TRAFFIC_SECRET 34247cbc81dc186e503d71f13ebd846ae40d85854c23ea20146ad9d26a2fa705 6607c40c7cb568cd7910cf5b14914bf8be6df9ad74f3d1cec449438e57139c9a
SERVER_HANDSHAKE_TRAFFIC_SECRET 34247cbc81dc186e503d71f13ebd846ae40d85854c23ea20146ad9d26a2fa705 b7b92742a495fee09159705aeea92c63123c62ca48af7a38b538865db1aa1e2e
CLIENT_TRAFFIC_SECRET_0 34247cbc81dc186e503d71f13ebd846ae40d85854c23ea20146ad9d26a2fa705 51bb7ece75a5248fefc62cad02858cc30c0087fa00013da68565b0f707f7783e
SERVER_TRAFFIC_SECRET_0 34247cbc81dc186e503d71f13ebd846ae40d85854c23ea20146ad9d26a2fa705 586f1468dc850bdea146b3ad882ae0109bd3b6b31e2b1a5481b76aecfd13c950
EXPORTER_SECRET 34247cbc81dc186e503d71f13ebd846ae40d85854c23ea20146ad9d26a2fa705 5498c207a67ec77fba42bbf987d89ce9bad9c006cbbecbe0b0c44031f3a9fa42
CLIENT_HANDSHAKE_TRAFFIC_SECRET 2374024282193647a077c1126a6fecb86701ac171105c8c323de0c2f630e2edb a16696bb00d3981922f24c8f43747acdb413241d51017a1c9209932536f53f60
SERVER_HANDSHAKE_TRAFFIC_SECRET 2374024282193647a077c1126a6fecb86701ac171105c8c323de0c2f630e2edb 1104fc81ca7f4ba38e2924b1aaeca3404ab7bea5acf7b866dc6399f7a75312e2
CLIENT_TRAFFIC_SECRET_0 2374024282193647a077c1126a6fecb86701ac171105c8c323de0c2f630e2edb 35f2ffe9bf75946fc71c565586fb7218a27c075bdc1d6f0cc2c4ffc14c768e1f
SERVER_TRAFFIC_SECRET_0 2374024282193647a077c1126a6fecb86701ac171105c8c323de0c2f630e2edb 75f7932aae6b782c9d3f89f4c31ff5adb0d9e63bed46e9be3eab1368744d6d51
EXPORTER_SECRET 2374024282193647a077c1126a6fecb86701ac171105c8c323de0c2f630e2edb 3f9b911e5765104245631bb4c48386514d4741807d44c7588d253dfd98692636
CLIENT_HANDSHAKE_TRAFFIC_SECRET 93c01c8033a854d16b93ef04ac2edb562d0e441cffbd20a065a1e15e018099ab f5a15c372598816926302cfc7915d0ca95e18b34df601a9b4b02407d1acf0780b34d8b6132e44edd796f5da90b4e86dc
SERVER_HANDSHAKE_TRAFFIC_SECRET 93c01c8033a854d16b93ef04ac2edb562d0e441cffbd20a065a1e15e018099ab c4cf8eca3d587f7d2a568b9138305cb02b24f460a59ddd6360cee6554c15963adfb98d068a3007abe7c625a3d89c9cef
CLIENT_HANDSHAKE_TRAFFIC_SECRET 7021ec4f473d21817dfab43535946e16dac97c8fccb974094d7396906fd1ee3e b8af7de5966349833e373a44dbda3e159cf5f757e3da6f5dae8fa5e8bb2c48a7cfbcb71f508e087655fb61b4f9edbae1
SERVER_HANDSHAKE_TRAFFIC_SECRET 7021ec4f473d21817dfab43535946e16dac97c8fccb974094d7396906fd1ee3e aeb1422f80197069d1c0965e1f6a06880504d76fd2a02d4f8ef7df5207f307f34f3d266367e0aea2bb0758149f12e813
CLIENT_TRAFFIC_SECRET_0 7021ec4f473d21817dfab43535946e16dac97c8fccb974094d7396906fd1ee3e 9742a8d969feab33ccca8213eaa95221057808a6b24e4f14fe8530cd9e0b39343ab90e13efcafffd3eca3c4bebf6f7a5
SERVER_TRAFFIC_SECRET_0 7021ec4f473d21817dfab43535946e16dac97c8fccb974094d7396906fd1ee3e c67057e724764a4f7f5d759318bdf6bc1afa42b47f7aacc55de622b90f0b3a383d4ac21dbf3a2ed2f4dbb7a8596c610d
EXPORTER_SECRET 7021ec4f473d21817dfab43535946e16dac97c8fccb974094d7396906fd1ee3e a56267b4a718f2cfe1f5bd911ac95885c49be8c438d099d27754f420251a16d114003dece1cbcb0292b4d5416f921038
CLIENT_TRAFFIC_SECRET_0 93c01c8033a854d16b93ef04ac2edb562d0e441cffbd20a065a1e15e018099ab b935c50c0d4426b7216f6a5bf50aef53272769c473b1e7244f738a2f58a0a1a58f779b5743aa40383f3108b4b6a149fa
SERVER_TRAFFIC_SECRET_0 93c01c8033a854d16b93ef04ac2edb562d0e441cffbd20a065a1e15e018099ab d78b6f535df0171779a11f715a0225aa7ccf05f1142880a803cab014b99aae4cb9537d98405c43d0a56c15a07299f2f8
EXPORTER_SECRET 93c01c8033a854d16b93ef04ac2edb562d0e441cffbd20a065a1e15e018099ab 2c5d51674d3b43df2e87527c7ff2e3ae7dc289a0ca0736abf5789563aadd412eb2d70d63e04c0bbcbaf977ba11606d12
CLIENT_EARLY_TRAFFIC_SECRET 95911d2a7be84189dd17b034f1d138feb442fc7e449d1397389f3149e9fa8d7a b150b48bbd9028c5ff6e3065fcc460db3f977fa59ca2735cd05d1a35a4107052
CLIENT_HANDSHAKE_TRAFFIC_SECRET 95911d2a7be84189dd17b034f1d138feb442fc7e449d1397389f3149e9fa8d7a 5ca2b322eed35af5c72a3b808244f8ca362b8aa5d6cf6c5b949f6c6060d13aba
SERVER_HANDSHAKE_TRAFFIC_SECRET 95911d2a7be84189dd17b034f1d138feb442fc7e449d1397389f3149e9fa8d7a c3c64973330fff0319a049bd3fab7543af9be3934dc810340f7ed491a2fcf27c
CLIENT_TRAFFIC_SECRET_0 95911d2a7be84189dd17b034f1d138feb442fc7e449d1397389f3149e9fa8d7a 083788c4ddb3649643cb6f03b6d64e586aeeb202968c46b15427059ca21fd4ef
SERVER_TRAFFIC_SECRET_0 95911d2a7be84189dd17b034f1d138feb442fc7e449d1397389f3149e9fa8d7a 5cbcad5d14ddaa20ae9fe46664c7f70c61fe2a5ab560e004aa303e723e7c8685
EXPORTER_SECRET 95911d2a7be84189dd17b034f1d138feb442fc7e449d1397389f3149e9fa8d7a edbdc83b7c6579e70f452005568331cd8e7179e2f1e8432523e6144c3db00815
CLIENT_HANDSHAKE_TRAFFIC_SECRET e69f785913f7856e9548f9d659ce4d2258ba36bd21ae04cb4c39282e6241ebcd a3f7db38fb2ca9613f4eaf399de2f23d999b115d61462b0dd975d862ec753501cbb5a8b80d4e36d87ca9a52ec93756f1
SERVER_HANDSHAKE_TRAFFIC_SECRET e69f785913f7856e9548f9d659ce4d2258ba36bd21ae04cb4c39282e6241ebcd fff895996d3b6c6b3b1999e0043a8e5caf6087006947945f303904f7978e61428710bf63956956f281fd64776e260189
CLIENT_TRAFFIC_SECRET_0 e69f785913f7856e9548f9d659ce4d2258ba36bd21ae04cb4c39282e6241ebcd c3d3c66c5454a7a67bc61deade672d88374ecee7a556eeaf46da4c92301f4c8e433d4dfa94b8c3c79f587ffd4c086443
SERVER_TRAFFIC_SECRET_0 e69f785913f7856e9548f9d659ce4d2258ba36bd21ae04cb4c39282e6241ebcd 7d296657d125e8b540cf9e21cf9e02d3402aa021d7fda922df723373ee5e7dc05db72a0bfb924205d9224cbdee1e43d3
EXPORTER_SECRET e69f785913f7856e9548f9d659ce4d2258ba36bd21ae04cb4c39282e6241ebcd 28c3a73a0bb14b442d7140aeaffbf14422d590c02468946106665d226371f22496eef691c8c97a4d3a094443c723ef7e
CLIENT_EARLY_TRAFFIC_SECRET 28adb93ade5be4151ffc4ebea69bc0e63346d6851a9d8c973a7935a305e0b343 43f2559e4ed03b2d64c9d3820693ebdbf10cea9d98b3471896a5f7f6a8195b93486d4372e60d8e38352c5eebb7917e70
CLIENT_HANDSHAKE_TRAFFIC_SECRET 28adb93ade5be4151ffc4ebea69bc0e63346d6851a9d8c973a7935a305e0b343 eac7cf4716c231e9ad79af836b8007376f28bef4bd782a3a674460e81deac78e050255938b44bb3e2b33671d9e9c2d9c
SERVER_HANDSHAKE_TRAFFIC_SECRET 28adb93ade5be4151ffc4ebea69bc0e63346d6851a9d8c973a7935a305e0b343 e15a6e6f9dd855afff6bcc5753130bdccdc440d55296fa2b5cf3adf184b54e9991e0aa2af220df76b39b0cc3381a6a5c
CLIENT_TRAFFIC_SECRET_0 28adb93ade5be4151ffc4ebea69bc0e63346d6851a9d8c973a7935a305e0b343 d466a030c577d64e2ef4ce58b31fac1d5aa251542da6d114d97f1be30a2c41f6dad5c3e0d040dcb97e135b2717ab56fc
SERVER_TRAFFIC_SECRET_0 28adb93ade5be4151ffc4ebea69bc0e63346d6851a9d8c973a7935a305e0b343 8d28706ba7731845f28d765a1183f9348d55784c72a9807c09c66b67976ad0111f8cf4f6652608fb77b1c90bba8a0d7b
EXPORTER_SECRET 28adb93ade5be4151ffc4ebea69bc0e63346d6851a9d8c973a7935a305e0b343 0185fd6c42b812eaea720c2cd252e591fea1dd1a81fcb69a5daf27dc06d223bbd8b9dd23de292e63b1c44e8e3cb51437
CLIENT_HANDSHAKE_TRAFFIC_SECRET a8973360d2a23e57e1202f7200f815c52f9b61d291f09c7d3e827b90da683807 ef3f5ed61648fcf5284622b2b18fed31d411892563802ffea5ce3a855e94c3bf
SERVER_HANDSHAKE_TRAFFIC_SECRET a8973360d2a23e57e1202f7200f815c52f9b61d291f09c7d3e827b90da683807 6880b3353e91ea9e2e8af3e7a54a920d70cf6dc2a7f788110c0a5649c827bac7
CLIENT_TRAFFIC_SECRET_0 a8973360d2a23e57e1202f7200f815c52f9b61d291f09c7d3e827b90da683807 aedd5b2f039a4b9e30ed96e1adbb0a594c0775c29fafafbb2c2bb79590e35a52
SERVER_TRAFFIC_SECRET_0 a8973360d2a23e57e1202f7200f815c52f9b61d291f09c7d3e827b90da683807 caaf13e81f920a0d9dc69d2c01c91eb3b0108cc140f14f60ce44d188eb2d7c98
EXPORTER_SECRET a8973360d2a23e57e1202f7200f815c52f9b61d291f09c7d3e827b90da683807 af3508eb2ef2ff77de5486f08bcd7d7525d66856ed915bc3b6c2a6e6d6e28aa1
CLIENT_EARLY_TRAFFIC_SECRET 75d208e3bdade46f6484d09c75bfcdaa4ee4717e102af58da4cda1d6d3f9ecdf e14292df20dce33533cf4e0eab219c57f31f7557c3ac4eb0b83a68ec33c0cf1c
CLIENT_HANDSHAKE_TRAFFIC_SECRET 75d208e3bdade46f6484d09c75bfcdaa4ee4717e102af58da4cda1d6d3f9ecdf 546c836585560d2f3a3a5ffc1fca6e92ba5412e0796fc333d662d6d01e1a962d
SERVER_HANDSHAKE_TRAFFIC_SECRET 75d208e3bdade46f6484d09c75bfcdaa4ee4717e102af58da4cda1d6d3f9ecdf c21c690adfccdbb3ae795f3dbf538f720f24b7e94781aeaf74c64abf263f5961
CLIENT_TRAFFIC_SECRET_0 75d208e3bdade46f6484d09c75bfcdaa4ee4717e102af58da4cda1d6d3f9ecdf b875734fda0a5d0f53bf81ecfa4d521f36b718a05f3d1c6cf72d95063d08ca58
SERVER_TRAFFIC_SECRET_0 75d208e3bdade46f6484d09c75bfcdaa4ee4717e102af58da4cda1d6d3f9ecdf e2886117fb41a63ece0a381eb6ef522b885c5783802ec75011cfc9583b8171c8
EXPORTER_SECRET 75d208e3bdade46f6484d09c75bfcdaa4ee4717e102af58da4cda1d6d3f9ecdf 11ea2cd1428190711673b290d00dc68346064ac295ab41ff0947bf9288cdd847
CLIENT_HANDSHAKE_TRAFFIC_SECRET 1badeb6cd573b5d903fdbdb240e4946f8176f0deac307f0d181653ee14b4eea7 1a7cc78ef16d563d5d5d4768c3a89c23e3a496b85e37a7ad347e34adc94e8770fcf84421cb4663caa2bb5764721043f7
SERVER_HANDSHAKE_TRAFFIC_SECRET 1badeb6cd573b5d903fdbdb240e4946f8176f0deac307f0d181653ee14b4eea7 863d2e5d189008872e83ba9f3e918988409bf542333902fcc9def76fe160334ded6cddc78414dee7f42ccd7cfb061979
CLIENT_TRAFFIC_SECRET_0 1badeb6cd573b5d903fdbdb240e4946f8176f0deac307f0d181653ee14b4eea7 7e07b47e72c277ba8bfff6a50d03b4abb13461d76b5ce74314bd83da6c15be6e260fe9762aa05a228a2730ce34b9e222
SERVER_TRAFFIC_SECRET_0 1badeb6cd573b5d903fdbdb240e4946f8176f0deac307f0d181653ee14b4eea7 5d77f7d931fa8bcffa41ec39ef6ac40fe23707e02de2440dcc7a99bf6e74b53e2bfcf8a8546edead4a6a925493a5695e
EXPORTER_SECRET 1badeb6cd573b5d903fdbdb240e4946f8176f0deac307f0d181653ee14b4eea7 5fbba0526f77c9d78555aa9e4a09be16f1e7ffbf242e56c0d0a29f59734ae979ddfaddec3b92a051bd51d70569db9a0a
CLIENT_HANDSHAKE_TRAFFIC_SECRET 9bcfdf51051bf4a115781c22e2c83fbd9c59ac50411dd0d6e15fdcf2e4af0492 0b904c7b064a4bf7b462e845c7ba99018d2ae6a80eb46fdff7114d8dbc6a4e06
SERVER_HANDSHAKE_TRAFFIC_SECRET 9bcfdf51051bf4a115781c22e2c83fbd9c59ac50411dd0d6e15fdcf2e4af0492 049d00667ca0187a3dd33391d4ce531814b166a93ab81921e5a841743790744d
CLIENT_TRAFFIC_SECRET_0 9bcfdf51051bf4a115781c22e2c83fbd9c59ac50411dd0d6e15fdcf2e4af0492 374275914a986b921fc82b1cbadeb79fd87c44c8aceae27ac89273ae6e3b62e5
SERVER_TRAFFIC_SECRET_0 9bcfdf51051bf4a115781c22e2c83fbd9c59ac50411dd0d6e15fdcf2e4af0492 ea1d8dab7f7e89e7511b6804a5804942fb326e0acef0af9c050ab83f1d445b87
EXPORTER_SECRET 9bcfdf51051bf4a115781c22e2c83fbd9c59ac50411dd0d6e15fdcf2e4af0492 8f4cbfada439c957ed379c4742ef489834e635efda43fd0e8e538fa47a64a5cd
CLIENT_HANDSHAKE_TRAFFIC_SECRET 4365b8d057e892738c70ae578d2eb434c7ca84e2a8f6a80050ac2def9dafed31 6a495eef12329cb8351f790271d077eb274296fdefe8744f274117fa5a65640d
SERVER_HANDSHAKE_TRAFFIC_SECRET 4365b8d057e892738c70ae578d2eb434c7ca84e2a8f6a80050ac2def9dafed31 0cdce739ba23df56441d64c09f2e6c4fd0b0c561f65b9b6534297b6316251cd1
CLIENT_TRAFFIC_SECRET_0 4365b8d057e892738c70ae578d2eb434c7ca84e2a8f6a80050ac2def9dafed31 5ef019c3b8e2bf29b3c2434a78c6a5637e5954e6bce714422ca17a251d1b087e
SERVER_TRAFFIC_SECRET_0 4365b8d057e892738c70ae578d2eb434c7ca84e2a8f6a80050ac2def9dafed31 cbe661b84bf9a86f576685ecce24ab349131cfe4056a629fc2c03545892ae185
EXPORTER_SECRET 4365b8d057e892738c70ae578d2eb434c7ca84e2a8f6a80050ac2def9dafed31 e85fcca49fd06f7ab23dcbd7f0c4e671736aa4e7d7b1695cd0ceb7591fb4a1f5
CLIENT_HANDSHAKE_TRAFFIC_SECRET 81a91e008cb9bf62794331c0fc9b24a67d0294339c675bc90f5d8b0f4b4d0721 459f11b1aef68f3a87e934defb6ff28eb409afc429b35061bc725f4608b3b96f
SERVER_HANDSHAKE_TRAFFIC_SECRET 81a91e008cb9bf62794331c0fc9b24a67d0294339c675bc90f5d8b0f4b4d0721 dda8bb07c88c2818c2bd1f7fe8d97392ffa7ecdb85acf09b365f12ef57f86b02
CLIENT_TRAFFIC_SECRET_0 81a91e008cb9bf62794331c0fc9b24a67d0294339c675bc90f5d8b0f4b4d0721 6acb7e478a81df8f0c74f0eb7056e1fafdab37b914d7b47e9540ef9b4e4bf7da
SERVER_TRAFFIC_SECRET_0 81a91e008cb9bf62794331c0fc9b24a67d0294339c675bc90f5d8b0f4b4d0721 0ed534b0e5b4cadc486547bcbb45c7f49a5e61dbb0fdadf89b321eb214938a25
EXPORTER_SECRET 81a91e008cb9bf62794331c0fc9b24a67d0294339c675bc90f5d8b0f4b4d0721 adb6118f98871c8a40540f2a097229776d32b400fc99c188356f5ef7628cbfd6
CLIENT_HANDSHAKE_TRAFFIC_SECRET 173cddcbdfec9acd2b482257f7c710240163ab546d5399cf01dda6afd754b0fb 932d47faad1af9a7b6343299a50d8554790d03cdced2e9c4581da78d07d549a2cd9c5ce821cba831909e0b1952372d29
SERVER_HANDSHAKE_TRAFFIC_SECRET 173cddcbdfec9acd2b482257f7c710240163ab546d5399cf01dda6afd754b0fb 7968aa13b8c5c906b05ff67471b04745a55f2dfd1813b23badd7100e024701531d5791bb6400311f2938c95c723c43b6
CLIENT_TRAFFIC_SECRET_0 173cddcbdfec9acd2b482257f7c710240163ab546d5399cf01dda6afd754b0fb 2d78dc72035208aa8f87b6861e1e7542177f971e3ef6a3be56620773c6b3bdf55bded609d67e8bed3c7486cf9fc99a3b
SERVER_TRAFFIC_SECRET_0 173cddcbdfec9acd2b482257f7c710240163ab546d5399cf01dda6afd754b0fb 284f6414a6b4f7b4e46d31d37777fd8dfcecbc694b6f59340dc8fc031551805fccddbc5dc589318666e902358193cbaf
EXPORTER_SECRET 173cddcbdfec9acd2b482257f7c710240163ab546d5399cf01dda6afd754b0fb bbda0bb6c87d792f5c8c50dfe0a1467a295e3715caa9a13697005f395cfee0a070ac83b29463e7057c611658993efa41
CLIENT_EARLY_TRAFFIC_SECRET 2c050b55310e9fb1f3909aa426b8e0126baba9d2db5bc7e6d7fe4dd439f2fd46 e56fc233e6439fe2379df06100fb0c08aedace2e88a4bbe483465ce4069cf1e43d4e48c5c413d05477d43be0a6791a24
CLIENT_HANDSHAKE_TRAFFIC_SECRET 2c050b55310e9fb1f3909aa426b8e0126baba9d2db5bc7e6d7fe4dd439f2fd46 9a274b8ae8bc813205306a195251ced8c793734b89e1f2ef2376ebb48883f7bd7be152b2384ce31eedbf5f5861dc9550
SERVER_HANDSHAKE_TRAFFIC_SECRET 2c050b55310e9fb1f3909aa426b8e0126baba9d2db5bc7e6d7fe4dd439f2fd46 2f12e3850776752eef100e995d9b12845e195c8c79aaa0c2caed8ffe03e81b7713c0046b2b070852aeabe7b9637ffd63
CLIENT_TRAFFIC_SECRET_0 2c050b55310e9fb1f3909aa426b8e0126baba9d2db5bc7e6d7fe4dd439f2fd46 822b1dbc66e4c9c52a10a7d59dbbc4150b0ed72ce2f103f086be627e9f42e465585ad150c08914b1be8f0fb76e00072e
SERVER_TRAFFIC_SECRET_0 2c050b55310e9fb1f3909aa426b8e0126baba9d2db5bc7e6d7fe4dd439f2fd46 1964bb2548be9e627d62826ebbc18f405f596d76512de0308a503f66cf5e3bf5ceb5e40d6b2271eaf68a678efd7281c9
EXPORTER_SECRET 2c050b55310e9fb1f3909aa426b8e0126baba9d2db5bc7e6d7fe4dd439f2fd46 b68613f4dd3ebd8809cc9727125ad29674e4cda2d5445941f746abb71c816345856b2095b9be9b869249f4bd403ff2b6
CLIENT_HANDSHAKE_TRAFFIC_SECRET 2476403b034b3d89e0d26e9e12d3bff77163da606103f8b30eb934a23d8e18fa bde45b185dd44ba1fac9de7ffc8276e8bab098326e492fe636110c98517a6a3cf200a369d7a1de0a263181ff1ed33375
SERVER_HANDSHAKE_TRAFFIC_SECRET 2476403b034b3d89e0d26e9e12d3bff77163da606103f8b30eb934a23d8e18fa b9fca15998cc38d136c1041af8391e788a1063e2f06f723d3e072033608c9af6aaf6207f144312e68f694208552dbbb2
CLIENT_TRAFFIC_SECRET_0 2476403b034b3d89e0d26e9e12d3bff77163da606103f8b30eb934a23d8e18fa c3ad1ac676e0832fb076a573def020d99490c51568ce0baa8335d54973b6d11abbcd978851e0324bfd180a181ca076d3
SERVER_TRAFFIC_SECRET_0 2476403b034b3d89e0d26e9e12d3bff77163da606103f8b30eb934a23d8e18fa 9b8a7ddc64cae7187f849f6435119808d8d6d9802043aead1662572402efa39d564a636627d864aee059a5413dd7b46f
EXPORTER_SECRET 2476403b034b3d89e0d26e9e12d3bff77163da606103f8b30eb934a23d8e18fa cec4a886ebd40abe45163e037d6336deaf955efc25d32b904ffaf61827aa9fe0f1b6c3918a1011613450135008f01624
CLIENT_HANDSHAKE_TRAFFIC_SECRET 2ad222d7e21b47ed80feab3a2f1189b13888eacb2d4456b8f4ca662de9067337 456375076af4861dcc16a5eb8a5597b00e345e8f87946fcae5132ac31968aa23
SERVER_HANDSHAKE_TRAFFIC_SECRET 2ad222d7e21b47ed80feab3a2f1189b13888eacb2d4456b8f4ca662de9067337 4b4551b696621c408cf9d3b9ea758860d0125609e1dd66f970802a47dfa6e79d
CLIENT_TRAFFIC_SECRET_0 2ad222d7e21b47ed80feab3a2f1189b13888eacb2d4456b8f4ca662de9067337 ff63a37f4c345fe65c998c7f4f3c2bf5b7bd22c22a6dfa0e46c6dbcb854a31d6
SERVER_TRAFFIC_SECRET_0 2ad222d7e21b47ed80feab3a2f1189b13888eacb2d4456b8f4ca662de9067337 1789c526ecd1c7c5039f7a6a0be90f3950ffb4a55fbd602efaf9fe824651a7e4
EXPORTER_SECRET 2ad222d7e21b47ed80feab3a2f1189b13888eacb2d4456b8f4ca662de9067337 eedf5e67546252a3e1aa841baf78d57c5f4a498cc5f8a790d08e5f3eab53e43e
CLIENT_HANDSHAKE_TRAFFIC_SECRET bcec6d16329b035f7961e01fecccf62a1dbad10f4c6f4be7cb3e52f05163d2b6 a7165d815a066ce63b172b2db348b3cb7d92db2ea57fa522b30f60946034dc6f
SERVER_HANDSHAKE_TRAFFIC_SECRET bcec6d16329b035f7961e01fecccf62a1dbad10f4c6f4be7cb3e52f05163d2b6 d2013e080de4cfc41849141cc0eaab8a0c7875daf0eac555d595fdcafa8c057b
CLIENT_TRAFFIC_SECRET_0 bcec6d16329b035f7961e01fecccf62a1dbad10f4c6f4be7cb3e52f05163d2b6 7ae8e049f9b7ed8681f5350610334aa86bcf684cde7a3a820fa8e2b580344a51
SERVER_TRAFFIC_SECRET_0 bcec6d16329b035f7961e01fecccf62a1dbad10f4c6f4be7cb3e52f05163d2b6 d16d77c4bd86bfc4055b3c0b0eea5e457d92c221bd2c8b0f24f9a265e1d098f6
EXPORTER_SECRET bcec6d16329b035f7961e01fecccf62a1dbad10f4c6f4be7cb3e52f05163d2b6 9916e7864ba23d5824630ccf056e2a79815e51dc47d3a3a7d35ad26e7c584af3
CLIENT_HANDSHAKE_TRAFFIC_SECRET 4c0b7a766a0175342a04670bf5ccef0dacf8611e5e34c445bb7ff50f2458c052 8057ec6c57ce0a5108f67ad2b9d2f728698b8def9d6624b2520cde1aba858c53
SERVER_HANDSHAKE_TRAFFIC_SECRET 4c0b7a766a0175342a04670bf5ccef0dacf8611e5e34c445bb7ff50f2458c052 96a4dd1bcccbea6ced0149f34be0b07aae9d7a71022ebdbb032acf55d9e37176
CLIENT_HANDSHAKE_TRAFFIC_SECRET d2d53a6b6d9412b7e5066952c8bb8922ebb9c43e6d50b0bb9dc37520e66849a0 2d84172058bdc3cdfa9f4031fa8b82f452cd8a650ca1472013c2b10a1962f986
SERVER_HANDSHAKE_TRAFFIC_SECRET d2d53a6b6d9412b7e5066952c8bb8922ebb9c43e6d50b0bb9dc37520e66849a0 364c01b7eec2746c76d6c5f3a88931b0a5c77ef075d12d5b0e817ad1716084df
CLIENT_TRAFFIC_SECRET_0 4c0b7a766a0175342a04670bf5ccef0dacf8611e5e34c445bb7ff50f2458c052 72ff56bc2f501758014aa6b3089ab0647afb1ab3c886301fc8379ec67422c3a3
SERVER_TRAFFIC_SECRET_0 4c0b7a766a0175342a04670bf5ccef0dacf8611e5e34c445bb7ff50f2458c052 532dd8a8596b06adbbf527a97e4f1125e0ff6e0bee2ec8cee5e7fd648dd55b8b
EXPORTER_SECRET 4c0b7a766a0175342a04670bf5ccef0dacf8611e5e34c445bb7ff50f2458c052 fc1b973bb571a8f7b9f0be094664520443f226a23ffa9f90b56cd8ca3062b928
CLIENT_TRAFFIC_SECRET_0 d2d53a6b6d9412b7e5066952c8bb8922ebb9c43e6d50b0bb9dc37520e66849a0 8729064103e7454486978c8a0c28fe5209e2781cde0a9f4d872a7086673a1a15
SERVER_TRAFFIC_SECRET_0 d2d53a6b6d9412b7e5066952c8bb8922ebb9c43e6d50b0bb9dc37520e66849a0 c6414684183132bca789090ae1625855a5f2ba2a7099ef75682ee6b53a2a8e66
EXPORTER_SECRET d2d53a6b6d9412b7e5066952c8bb8922ebb9c43e6d50b0bb9dc37520e66849a0 e1ec13a89867550ba53e2b0aebe0c5d4fef28559ca97d006d24c002e223f4005
CLIENT_HANDSHAKE_TRAFFIC_SECRET 171e7d50c51d37ed4e5c0b9e653cd0ef9e0a519e0239c40b10430a4d53fff4b7 6c696c3282a8b14be405ccdeda2ca570957fe1b862391ef128668e58a54db332
SERVER_HANDSHAKE_TRAFFIC_SECRET 171e7d50c51d37ed4e5c0b9e653cd0ef9e0a519e0239c40b10430a4d53fff4b7 552f7fc3dcd984bb6dda1323d38b93e503ac71edd24c5c8d570eee38d67ffed7
CLIENT_HANDSHAKE_TRAFFIC_SECRET 7f1f410f6328616f50a319126455199101223c0b18aa5bf2422389c0657b5eb4 71fe6865b6b43824ebe4d10e5ec89e827d44de1a9e4c07524796f69677aff41a
SERVER_HANDSHAKE_TRAFFIC_SECRET 7f1f410f6328616f50a319126455199101223c0b18aa5bf2422389c0657b5eb4 52e4ad8310969aa0d678b3ec71754f6959dd127af2133336df8cdf2283ed35b3
CLIENT_TRAFFIC_SECRET_0 7f1f410f6328616f50a319126455199101223c0b18aa5bf2422389c0657b5eb4 b32fcf071689671d8f88904a9720ac4bc891c5c0562aeb41ef9b72af555d9175
SERVER_TRAFFIC_SECRET_0 7f1f410f6328616f50a319126455199101223c0b18aa5bf2422389c0657b5eb4 127d112d031df630cbe23bebade20f9c14478aae602a23e896737ff71bf5ce5e
EXPORTER_SECRET 7f1f410f6328616f50a319126455199101223c0b18aa5bf2422389c0657b5eb4 30fdbc8649a9aa07d1f0933bf0e5a6de0224a9c3b341e6c86e8e6ff6f4f978ca
CLIENT_TRAFFIC_SECRET_0 171e7d50c51d37ed4e5c0b9e653cd0ef9e0a519e0239c40b10430a4d53fff4b7 228a3af72ac741fc6cfc524548ee6b35665dc82a59079381edbb333a31d424cb
SERVER_TRAFFIC_SECRET_0 171e7d50c51d37ed4e5c0b9e653cd0ef9e0a519e0239c40b10430a4d53fff4b7 30178491a2827bf5c20e8b58893eb8adba77dc00fbb247993693fed788ffe1b0
EXPORTER_SECRET 171e7d50c51d37ed4e5c0b9e653cd0ef9e0a519e0239c40b10430a4d53fff4b7 7f0054563d054eb650fb3481e3a57450d510b9a88b60e9d3f4676a6cc7d4990e
CLIENT_HANDSHAKE_TRAFFIC_SECRET 0d35aaab0ad2931f984f7f0000ac5d16c934cde1bc12f8cb69dabe99343ff371 356f86ecadacaa0eb3f2951fe9286dfbb713bd45cef8af293e0d40250a0a40dc
SERVER_HANDSHAKE_TRAFFIC_SECRET 0d35aaab0ad2931f984f7f0000ac5d16c934cde1bc12f8cb69dabe99343ff371 ecbde1c623af1e0e0c7b6702f4e45ca9304263ad51e5efe49e2c79c809f3e627
CLIENT_HANDSHAKE_TRAFFIC_SECRET 2df11b22a883acb03a453acf3df3da4e3b796e4c5ea10f4dceecf025d9d8f4a2 9c16bb79c5940469739b8a3b7e496a3777640339b317ce40b162c729a3680b3d
SERVER_HANDSHAKE_TRAFFIC_SECRET 2df11b22a883acb03a453acf3df3da4e3b796e4c5ea10f4dceecf025d9d8f4a2 91b9ab8854cec503894563be8fd3976aa758bbca819ab7217eca984f4a04f2cc
CLIENT_TRAFFIC_SECRET_0 2df11b22a883acb03a453acf3df3da4e3b796e4c5ea10f4dceecf025d9d8f4a2 9618ad0eb323318b83f678f733e03b60f43ddadb8d8bbf8f6963746641bb7f24
SERVER_TRAFFIC_SECRET_0 2df11b22a883acb03a453acf3df3da4e3b796e4c5ea10f4dceecf025d9d8f4a2 e5315aa0d0abd38c6f29011ec553b3c63bfb1f2fa439736c8ca89d17fa476a62
EXPORTER_SECRET 2df11b22a883acb03a453acf3df3da4e3b796e4c5ea10f4dceecf025d9d8f4a2 8ad2bc8014d62251829c4b96213fe1b1e711a25c328edbfe7081ef131393b070
CLIENT_HANDSHAKE_TRAFFIC_SECRET f5d634eb7b991deef8ca2dbb60a792357c41c25e2353b49045d360e2940bb255 d6a441feccba3d386e137e97c125513726d3bb07165bae5395df4ec11030c402
SERVER_HANDSHAKE_TRAFFIC_SECRET f5d634eb7b991deef8ca2dbb60a792357c41c25e2353b49045d360e2940bb255 50e13b9e77b2a4f4eadb5dea4e99496e8daa35700e59817d484893643571ca9d
CLIENT_TRAFFIC_SECRET_0 0d35aaab0ad2931f984f7f0000ac5d16c934cde1bc12f8cb69dabe99343ff371 70dbdcfa8d033def114982886e54e944464f3a2bbe288eebea65ce0e176e6062
SERVER_TRAFFIC_SECRET_0 0d35aaab0ad2931f984f7f0000ac5d16c934cde1bc12f8cb69dabe99343ff371 21ce19c0b3e35072412bcc831e73d8a39c6bda3a87761a67ade407f4a3387892
EXPORTER_SECRET 0d35aaab0ad2931f984f7f0000ac5d16c934cde1bc12f8cb69dabe99343ff371 41780bef02b44d37f45160da49fff929010442307d3a9134b2b1ee4e75f662ca
CLIENT_TRAFFIC_SECRET_0 f5d634eb7b991deef8ca2dbb60a792357c41c25e2353b49045d360e2940bb255 5bd229e2aecbfb64fe718defe0623dd13819a91ec4553588370bd28cea8bc1cd
SERVER_TRAFFIC_SECRET_0 f5d634eb7b991deef8ca2dbb60a792357c41c25e2353b49045d360e2940bb255 4b4c3b245a6c094d2ddd502f97afda8367aff38ac9edd6548b864b5ec55f0f05
EXPORTER_SECRET f5d634eb7b991deef8ca2dbb60a792357c41c25e2353b49045d360e2940bb255 1cd80a6dadfe8ef5f7b31e858345dd4bf980dc6c33c338bc0d73b1c37de1c8a1
CLIENT_HANDSHAKE_TRAFFIC_SECRET 3692d0135747e34953280b596bcdbe9701ed80e75926609e7b9a91935f769bea 72e7af72e08e8a151b88261b15cd2a75eb2285490a448af94eefc1ca39c23dcf
SERVER_HANDSHAKE_TRAFFIC_SECRET 3692d0135747e34953280b596bcdbe9701ed80e75926609e7b9a91935f769bea 4982c30f50c29ca6d6bf4eae755df185f4886a39cb73cc55b2533beed4b8d4e6
CLIENT_TRAFFIC_SECRET_0 3692d0135747e34953280b596bcdbe9701ed80e75926609e7b9a91935f769bea 66cf6a30013d75981bec4c98ca8d2e5f7f51cd8f6bbff86fd2d62499b1674746
SERVER_TRAFFIC_SECRET_0 3692d0135747e34953280b596bcdbe9701ed80e75926609e7b9a91935f769bea d843ac391a1641745a4a7b1f64d79c8b94d6677a23ba63b4851661d7d2ad55f7
EXPORTER_SECRET 3692d0135747e34953280b596bcdbe9701ed80e75926609e7b9a91935f769bea 21573df46d5e679a356820ff4cf9e866dbe3684863a08962c1fa1928ba231858
CLIENT_HANDSHAKE_TRAFFIC_SECRET 32d333fddb0df5c1c140a1621caa0811dde8e1fbfcb1c38daa14e61e62f22318 982a4dcd2045bfdeab9f8b76b87f5edbffa36ed47f54cf414bb7f7e792c50a83
SERVER_HANDSHAKE_TRAFFIC_SECRET 32d333fddb0df5c1c140a1621caa0811dde8e1fbfcb1c38daa14e61e62f22318 a184dfa9d87df21df6d5af8e0c0e22fa7749c804f420e88363aa3fb68c22a88f
CLIENT_TRAFFIC_SECRET_0 32d333fddb0df5c1c140a1621caa0811dde8e1fbfcb1c38daa14e61e62f22318 ae38c64b4880d22c4df5bceeaab3983b9a5ce01b21e2c7345f7e6340a2fe71c6
SERVER_TRAFFIC_SECRET_0 32d333fddb0df5c1c140a1621caa0811dde8e1fbfcb1c38daa14e61e62f22318 e97da4ef981d367e861d601c9e548f3f6fa9360d3cca834d8d5ccbc7034b37a4
EXPORTER_SECRET 32d333fddb0df5c1c140a1621caa0811dde8e1fbfcb1c38daa14e61e62f22318 dda3c52398e371f6b15cb4204b31b45f993f0f2c324abbd26de510b6876cb366
CLIENT_HANDSHAKE_TRAFFIC_SECRET e8ab5ff87ba6e6769389816703944020f33659905b8789203029cf0c2d9f39a9 e29a4d14333600caa790648938b90bb180345ecb2724151df3e30bee375e81de
SERVER_HANDSHAKE_TRAFFIC_SECRET e8ab5ff87ba6e6769389816703944020f33659905b8789203029cf0c2d9f39a9 3d59656ed8dc2053cda5c86808b41496ff0f91db851e40051068bd13962a1aed
CLIENT_TRAFFIC_SECRET_0 e8ab5ff87ba6e6769389816703944020f33659905b8789203029cf0c2d9f39a9 16a31df4fae292b6cf535c3416751b3ada17e81ddae2ecb449d7f790316c4c6b
SERVER_TRAFFIC_SECRET_0 e8ab5ff87ba6e6769389816703944020f33659905b8789203029cf0c2d9f39a9 d32ac3deddd732f5a110c0a798ebd1e63f9260d7355bb1991519a2d25614ef32
EXPORTER_SECRET e8ab5ff87ba6e6769389816703944020f33659905b8789203029cf0c2d9f39a9 e8096552fa490d9f3998a7f015bed2e6c2fa7996d79244fd5e1ba65b5790c908
CLIENT_HANDSHAKE_TRAFFIC_SECRET ad803bdf35bfa82a8d50af4be782a2a332354caf29f6bcb38166dad86d89f33c 8b05d7863d86ece635c46b6745b5a87319dca6a5f6b0c63fba2a8aaf1e219040
SERVER_HANDSHAKE_TRAFFIC_SECRET ad803bdf35bfa82a8d50af4be782a2a332354caf29f6bcb38166dad86d89f33c e8f32977d32ce00662bc2084ba6b264a75449c9fab723fbd12d6587a1a9a7f49
CLIENT_HANDSHAKE_TRAFFIC_SECRET 0ad27786d10b906d74a766036ffa4f9dba3658da69d901941f2a3bf77999303b f8991825ba4f767c8a739fdf56f4f23cb5f6c81abaea8a0a0c5ae917e9e92699
SERVER_HANDSHAKE_TRAFFIC_SECRET 0ad27786d10b906d74a766036ffa4f9dba3658da69d901941f2a3bf77999303b 9e8851545b5d66eafbb5d05d2f3836474df484dfa2090fbea3993267ea1e6694
CLIENT_HANDSHAKE_TRAFFIC_SECRET aa8ceeb46f50dbbc201da33f0e912ea60ff72a721ee51d53bf195541f28323d9 01f36a5071a5bbd0274866b8cc486445e332166bda1e0eb9dd74be8b5fdbb533
SERVER_HANDSHAKE_TRAFFIC_SECRET aa8ceeb46f50dbbc201da33f0e912ea60ff72a721ee51d53bf195541f28323d9 ed44fef4b35d91270b9541e2c743eb606a7dbe35784c5f0eb7bd937d44e0e79f
CLIENT_TRAFFIC_SECRET_0 0ad27786d10b906d74a766036ffa4f9dba3658da69d901941f2a3bf77999303b cbc1e7abefa52acdc1454a31aaf023ae3bf999a331d8d3dacf77e3bef2e2ccfb
SERVER_TRAFFIC_SECRET_0 0ad27786d10b906d74a766036ffa4f9dba3658da69d901941f2a3bf77999303b e43f5d6318e8d5a00d70372fa7ed9dcd2ac4f09dbe9371e2c885f29b653efe44
EXPORTER_SECRET 0ad27786d10b906d74a766036ffa4f9dba3658da69d901941f2a3bf77999303b ecef3806529c1847a3356683fd5dbbee39e8cf4d9ed8d1b3f6cb5b2d396b0ba0
CLIENT_TRAFFIC_SECRET_0 aa8ceeb46f50dbbc201da33f0e912ea60ff72a721ee51d53bf195541f28323d9 28b048f469169962014d9bf109aa5c403dc86c41946b5dfdac95774a3a228e13
SERVER_TRAFFIC_SECRET_0 aa8ceeb46f50dbbc201da33f0e912ea60ff72a721ee51d53bf195541f28323d9 6d245147829cb7c544b906a83e3a1bbb626e45e0d2693aa40a279b9737ab48c8
EXPORTER_SECRET aa8ceeb46f50dbbc201da33f0e912ea60ff72a721ee51d53bf195541f28323d9 adeba5298567eb24ae5feb56601888d26c0d3a491f9bdc53911e58566c8f6c2b
CLIENT_TRAFFIC_SECRET_0 ad803bdf35bfa82a8d50af4be782a2a332354caf29f6bcb38166dad86d89f33c eced4961fcbd44d838aa8c2871e2561551117039c41a465f000533ee57db1d83
SERVER_TRAFFIC_SECRET_0 ad803bdf35bfa82a8d50af4be782a2a332354caf29f6bcb38166dad86d89f33c 0e34dd4d23fe2975b20419faa5bd56df087f9affdd19b4eb844ad7240f37d99b
EXPORTER_SECRET ad803bdf35bfa82a8d50af4be782a2a332354caf29f6bcb38166dad86d89f33c 54d8037913076478bd7565ea0ff9dc919b13fd0b75edd5127cfe70599e50fb80
CLIENT_HANDSHAKE_TRAFFIC_SECRET 8b1c83a1d79cdb3a3ff9192cfb923d7d2eb846b7a40683bbae737e5f4b747135 63c58ee610eb95cd622b98325ffbceb1d3f597e59261f330efc32298778288179ad0e7fb0a2731b3b6b40414573a42a9
SERVER_HANDSHAKE_TRAFFIC_SECRET 8b1c83a1d79cdb3a3ff9192cfb923d7d2eb846b7a40683bbae737e5f4b747135 823b01a8b7e9ed9a155589871d5673a17d94daeecef44bdec96d8b276373bf79e078bc81679b179f5aae39c421dce486
CLIENT_TRAFFIC_SECRET_0 8b1c83a1d79cdb3a3ff9192cfb923d7d2eb846b7a40683bbae737e5f4b747135 a2f5d2b63239ad140f5d5b20dbadd4b4d380943c7604f37015f125a6380d47dd57d70debf969e645f5ee7b886692af4d
SERVER_TRAFFIC_SECRET_0 8b1c83a1d79cdb3a3ff9192cfb923d7d2eb846b7a40683bbae737e5f4b747135 16ea9f76100c039b06827932e5412b334885db537800e3ea04b9ee6cae90db380065b82fc26d9225f6fb5f8292e7fec5
EXPORTER_SECRET 8b1c83a1d79cdb3a3ff9192cfb923d7d2eb846b7a40683bbae737e5f4b747135 30f97f9a50f9b0fa973204f6984498b0b33e954c1b3cbdb5d2a92a6502ece57811280c05ddfa7e9a2eaa588f1e785858
CLIENT_HANDSHAKE_TRAFFIC_SECRET b02364fbb3090c7dc0bb6f5e9fe771177a1abfb207e60d9e58d7a7a3a9dc36aa 1734906c10a776e991507e2d14cf3329a7e56901a6aa0d3225f48d7e1bc030a0
SERVER_HANDSHAKE_TRAFFIC_SECRET b02364fbb3090c7dc0bb6f5e9fe771177a1abfb207e60d9e58d7a7a3a9dc36aa 070baac12420c081902706c6525abdbc270e3611d11459fe610a54764ac87a5e
CLIENT_HANDSHAKE_TRAFFIC_SECRET 1d01303fd3bbc387806f086e2fe1212c790b6bc71598a9884711768267647fa4 2c0294bec2cffa69a0ffa050edfbb3254d1c7383d17287d7fef3db280f4fc38e
SERVER_HANDSHAKE_TRAFFIC_SECRET 1d01303fd3bbc387806f086e2fe1212c790b6bc71598a9884711768267647fa4 53711429bc6453d2df959bd3defb72d7e0e4484799d16a32926d755a8ab0a803
CLIENT_TRAFFIC_SECRET_0 1d01303fd3bbc387806f086e2fe1212c790b6bc71598a9884711768267647fa4 59961b7e7562256c3421458b08455e18bf1d9291998ab50513cba04704143a9f
SERVER_TRAFFIC_SECRET_0 1d01303fd3bbc387806f086e2fe1212c790b6bc71598a9884711768267647fa4 338a94088b3f4b67086cbbec11bc4dd819890ee33feb23be214b31de52986920
EXPORTER_SECRET 1d01303fd3bbc387806f086e2fe1212c790b6bc71598a9884711768267647fa4 8130743ddd60471d89ec89bc6fc916f4968957b958e1c164a2cf735db99ef9cc
CLIENT_TRAFFIC_SECRET_0 b02364fbb3090c7dc0bb6f5e9fe771177a1abfb207e60d9e58d7a7a3a9dc36aa b0aaa6c65166bfdb3d3ed918d58fef7d00ad5d45248d16c266a855c628a5df2d
SERVER_TRAFFIC_SECRET_0 b02364fbb3090c7dc0bb6f5e9fe771177a1abfb207e60d9e58d7a7a3a9dc36aa ff23fa0639d77c6409b3ece9c8ac21e45f6e7cc59b8ccb012c4bf3c3356d9d03
EXPORTER_SECRET b02364fbb3090c7dc0bb6f5e9fe771177a1abfb207e60d9e58d7a7a3a9dc36aa 9b37593e65ed4690f99e16a92a448bb37f92286b11c330d523be5d504ddadd45
CLIENT_HANDSHAKE_TRAFFIC_SECRET e598d4990b5e1e21f55ce6431b5b1d2a796f2ebfa9ce0db61e33c239c0ca20f9 8cbdfc3a6c93280aaf93e4897dd338b08c558f1dfe25c57f29245b186f3cfa73
SERVER_HANDSHAKE_TRAFFIC_SECRET e598d4990b5e1e21f55ce6431b5b1d2a796f2ebfa9ce0db61e33c239c0ca20f9 91f6af4c65de519fa9cbb081acc403e7b4646d5f6617cd5c951fbd0013d53dc3
CLIENT_TRAFFIC_SECRET_0 e598d4990b5e1e21f55ce6431b5b1d2a796f2ebfa9ce0db61e33c239c0ca20f9 f9873d9bedcd28d520f61a9168aaed6c79df8630b1310f498de2bd86ae420790
SERVER_TRAFFIC_SECRET_0 e598d4990b5e1e21f55ce6431b5b1d2a796f2ebfa9ce0db61e33c239c0ca20f9 9709d194e43e56a2f7dff111ac9a4094b30df10a5cd929e5a9bfc6db621c66b9
EXPORTER_SECRET e598d4990b5e1e21f55ce6431b5b1d2a796f2ebfa9ce0db61e33c239c0ca20f9 c14ce2ca2e567fa896be902c7dc367507e7ffc4ca8eab76e303a8c903b0bf871
CLIENT_RANDOM 668466e0bbab995af1518c7ceb6b7279d54e7d4d8851f1c5aac3121827865ff8 3ddd1bc25847c73ba34789d65d91a1fc370fb72e2694f2bee356b27df0d939e435274d3b51b2b5318c39ac91ddb747cd
CLIENT_HANDSHAKE_TRAFFIC_SECRET ec05d93172ad8ec8bf5b2c048164821de73036e75ba9a9d067970b26e0dd68f3 872fc565a4e525bfd0b96c28333bbf6ca943963d13e716254918f8004fed4321
SERVER_HANDSHAKE_TRAFFIC_SECRET ec05d93172ad8ec8bf5b2c048164821de73036e75ba9a9d067970b26e0dd68f3 f3402410c733561497dff89d1b436b821b8b1850fd23e34bad641cfe88c37c6c
CLIENT_TRAFFIC_SECRET_0 ec05d93172ad8ec8bf5b2c048164821de73036e75ba9a9d067970b26e0dd68f3 6bd893f51f0d1fa2c28182bb6657fe28e467dbdbeaf3cde7a8266adfdd4fed9e
SERVER_TRAFFIC_SECRET_0 ec05d93172ad8ec8bf5b2c048164821de73036e75ba9a9d067970b26e0dd68f3 9004d6051262e03eee0ae0d5c658985f70026f4507f68dd88a44b5a004cfb6d3
EXPORTER_SECRET ec05d93172ad8ec8bf5b2c048164821de73036e75ba9a9d067970b26e0dd68f3 11ae28c4420eeb451eadaefdf54a4d2c310de58cf469117a7825da3713d2fcfb
CLIENT_HANDSHAKE_TRAFFIC_SECRET d269fd95dae057f1380d4b9a058f8677d5ff7c50d7cf97bd113f852f3b220472 fa1f6ab265beeddb064ee69aba4122b89c3a66f0504988f2358f58c7adc11618
SERVER_HANDSHAKE_TRAFFIC_SECRET d269fd95dae057f1380d4b9a058f8677d5ff7c50d7cf97bd113f852f3b220472 ede55467ebcc85a38ec3dcbac7b9ad34cd5599acabc537c8d75cf72e6e8c2053
CLIENT_HANDSHAKE_TRAFFIC_SECRET 6fee0cf04666fff429ea1e60f5fabc09ad571b5dfdaf99186ac4a39b583bbe72 71a84fb85171086bd5443061775112211790fe8fc97341fe8ffad285924b1faf
SERVER_HANDSHAKE_TRAFFIC_SECRET 6fee0cf04666fff429ea1e60f5fabc09ad571b5dfdaf99186ac4a39b583bbe72 8eeec72b717282d74eb07f51f6a75d81273d7ff9979ade808f09f54d7efced37
CLIENT_TRAFFIC_SECRET_0 d269fd95dae057f1380d4b9a058f8677d5ff7c50d7cf97bd113f852f3b220472 ff49a5d616239d8d5726018a20e55e3fa831cdcddf1d231f70d45a56159ec8b1
SERVER_TRAFFIC_SECRET_0 d269fd95dae057f1380d4b9a058f8677d5ff7c50d7cf97bd113f852f3b220472 e4a9eba3a45d1a4de2eba41d3bab7e2c3ee9e8ef2d54a6beb9964ae19a30cf5c
EXPORTER_SECRET d269fd95dae057f1380d4b9a058f8677d5ff7c50d7cf97bd113f852f3b220472 ea037a779f9f0cbd4b823d59ef988293f695c45c4d02eeb85a88eb3e751d159b
CLIENT_TRAFFIC_SECRET_0 6fee0cf04666fff429ea1e60f5fabc09ad571b5dfdaf99186ac4a39b583bbe72 aee01d04362d0e8ce84937b8897794a2ccda13b616d18227745e627b8773ea67
SERVER_TRAFFIC_SECRET_0 6fee0cf04666fff429ea1e60f5fabc09ad571b5dfdaf99186ac4a39b583bbe72 705d466549a6b749a9b3cb4d2a4f52cb87a6cf7f12b2a2eec9ebf16ad1da22f5
EXPORTER_SECRET 6fee0cf04666fff429ea1e60f5fabc09ad571b5dfdaf99186ac4a39b583bbe72 1a824f69346fcc26b76f56fb290b74501349b2da3ad7aef2ccd9d34946b0d7a8
CLIENT_HANDSHAKE_TRAFFIC_SECRET edb3300e4947629db1a0a71da5f90dd0f1ce3cb6edd89e8d0ce91813badb65b7 801198fd853b9d7b773123694f500592e70bd8f93bf0e3e8079bc1d596afd0ef
SERVER_HANDSHAKE_TRAFFIC_SECRET edb3300e4947629db1a0a71da5f90dd0f1ce3cb6edd89e8d0ce91813badb65b7 9309b3e1b0910e8daae5c2d2a7aca842198faf68cd71ca653323f3212dc06fd4
CLIENT_TRAFFIC_SECRET_0 edb3300e4947629db1a0a71da5f90dd0f1ce3cb6edd89e8d0ce91813badb65b7 eaf5fa40725d3c0421584b1e17e01fcc0274894a2e906468ddb323051b1e2bf0
SERVER_TRAFFIC_SECRET_0 edb3300e4947629db1a0a71da5f90dd0f1ce3cb6edd89e8d0ce91813badb65b7 3bfbf284156169f4173f37fe2efc4c3f2e684cfe3fe13ccc6558d27a6c6a4337
EXPORTER_SECRET edb3300e4947629db1a0a71da5f90dd0f1ce3cb6edd89e8d0ce91813badb65b7 151dbe5d6ab3fca6c4a416425a8166e058887b1e5eac991fcd8c16ed3d379400
CLIENT_HANDSHAKE_TRAFFIC_SECRET e7f63dc6b50664b715c48b10605c1de607d5e2317d1b5083eea333cad479c851 aea83de8a404efc208b0cea51667b0132abcf4f130b8dce411b457a2216dd21a
SERVER_HANDSHAKE_TRAFFIC_SECRET e7f63dc6b50664b715c48b10605c1de607d5e2317d1b5083eea333cad479c851 81b6ada1469a36c9f5d8de986bbaa55da0dae4e30cd3dcfa07227f4e13f82ae5
CLIENT_HANDSHAKE_TRAFFIC_SECRET 19b6e74b52fca94e4a20d2df6b64a59a8b8bdd2ce2868e1ba682b03e7bfc439b 9a2b82d2c29940015ba265becc1afb9b1bcbbcb134996e4fa38606a747fe32f2
SERVER_HANDSHAKE_TRAFFIC_SECRET 19b6e74b52fca94e4a20d2df6b64a59a8b8bdd2ce2868e1ba682b03e7bfc439b 4f13fc55a9ddc81e5bd34493518cc03a946973c9ad3e6f93510435d86f4b7276
CLIENT_HANDSHAKE_TRAFFIC_SECRET 2f623e38075adb92710cd6cb61a389e97d3eb96cb7304cb2aff82f04a3140536 34110226ec7c3d75ccfa69d0c5c04ed88bc1962d0690034ec1c16342f316a80d
SERVER_HANDSHAKE_TRAFFIC_SECRET 2f623e38075adb92710cd6cb61a389e97d3eb96cb7304cb2aff82f04a3140536 c050c8a24c9ee2f5188e15eb8dea047105b2b10fabc32819444c6d9a456c391f
CLIENT_TRAFFIC_SECRET_0 e7f63dc6b50664b715c48b10605c1de607d5e2317d1b5083eea333cad479c851 d1ccd7618ac6cfb08d33eead9d68b4b0e78e11209630d517f23dcbd24ed404a2
SERVER_TRAFFIC_SECRET_0 e7f63dc6b50664b715c48b10605c1de607d5e2317d1b5083eea333cad479c851 e8917228854dfbe8f46c36093da2f622d4255e64601a43039365315712d948ee
EXPORTER_SECRET e7f63dc6b50664b715c48b10605c1de607d5e2317d1b5083eea333cad479c851 c470de1154fe73fbf4b2705d9d1ef299795bc6f33166ae74c5546737623af81d
CLIENT_TRAFFIC_SECRET_0 19b6e74b52fca94e4a20d2df6b64a59a8b8bdd2ce2868e1ba682b03e7bfc439b 634f5a2b9492a32ddec77335f4c2eb0ae2e83f6c167bfccfcdf8083ac5617e85
SERVER_TRAFFIC_SECRET_0 19b6e74b52fca94e4a20d2df6b64a59a8b8bdd2ce2868e1ba682b03e7bfc439b 6cc908884e4ea0863a5d5d4773b6ce69bd77441eede72c02e053246c8b98d480
EXPORTER_SECRET 19b6e74b52fca94e4a20d2df6b64a59a8b8bdd2ce2868e1ba682b03e7bfc439b 5d04f2c21f464678b70bee4ff662d704aafa2e3a6a0771ed6c058f89c5909cc6
CLIENT_TRAFFIC_SECRET_0 2f623e38075adb92710cd6cb61a389e97d3eb96cb7304cb2aff82f04a3140536 0cdcfb8325b5691d0ff24e18d9959168c4d368b6e6672f90c71683d43122b49a
SERVER_TRAFFIC_SECRET_0 2f623e38075adb92710cd6cb61a389e97d3eb96cb7304cb2aff82f04a3140536 dd1fe029d9b6d0e0f136c0c07dbe0ab1c41641beccb7241aac1b96742b581664
EXPORTER_SECRET 2f623e38075adb92710cd6cb61a389e97d3eb96cb7304cb2aff82f04a3140536 35ca4bcaaea169297332b81a453f0b8e3236dc94d8d5a7e474647d0e8eaf4783
CLIENT_HANDSHAKE_TRAFFIC_SECRET cf76b1bbfe46dad663b9f2713807d8205c6452f751945d337fb0e57a6ce760af aac962167d0c70204ebd184d8964d9343b070cc9fdcc2e19500130c9d8919875
SERVER_HANDSHAKE_TRAFFIC_SECRET cf76b1bbfe46dad663b9f2713807d8205c6452f751945d337fb0e57a6ce760af cb1f18f1e97eea8c57c88b96e140a2c5b384c6afc486f34f711cba7c22c355c6
CLIENT_HANDSHAKE_TRAFFIC_SECRET 7dd89e466f9f0e60a07b40928f330e6e1c37dbe4384d2cd92672a55a61a51925 1e8eb3643e29181ed6cbeb306bf27c5a2f086c617c649fa68b07bce7fb39732f9ea0760ff080a8936cd33ebe26d0dbe2
SERVER_HANDSHAKE_TRAFFIC_SECRET 7dd89e466f9f0e60a07b40928f330e6e1c37dbe4384d2cd92672a55a61a51925 b39df381bb4f2eddd4648a184e0b0e37665cd14b43c8428cd5600415118cd4f240fc31bdc15ed9efda4331b8940f0a67
CLIENT_TRAFFIC_SECRET_0 cf76b1bbfe46dad663b9f2713807d8205c6452f751945d337fb0e57a6ce760af e4a5e94033c4dc113b0d057f1476a33c52b53b504e85a43dc8fa761dc07465ee
SERVER_TRAFFIC_SECRET_0 cf76b1bbfe46dad663b9f2713807d8205c6452f751945d337fb0e57a6ce760af 396d004092f1764c26c2b778afd295b34150d676d5d79d4c0cd4515cc46de663
EXPORTER_SECRET cf76b1bbfe46dad663b9f2713807d8205c6452f751945d337fb0e57a6ce760af 442ea101576d89975f2c5f5e7fa60960f5bca376aeaf3b0715e77b56c2eeaffd
CLIENT_TRAFFIC_SECRET_0 7dd89e466f9f0e60a07b40928f330e6e1c37dbe4384d2cd92672a55a61a51925 d4793286c7b9c25248073b9da48eb64b3c39274f38ad0dae884c748205f923821a650c99a80d378636f1b585aef86909
SERVER_TRAFFIC_SECRET_0 7dd89e466f9f0e60a07b40928f330e6e1c37dbe4384d2cd92672a55a61a51925 ef028dc4048ff6f4dd05a37e13f0a37cbe46bb8540580088cf23615f310896ac1c59221f76c3700bb0b4d02afa52c88b
EXPORTER_SECRET 7dd89e466f9f0e60a07b40928f330e6e1c37dbe4384d2cd92672a55a61a51925 e6ce327831fc7c9d14ae90d1d5f2b56d8bcf160c9bfb046d506ea2a8cf51a983380056fefd710206df41d2768bb01443
CLIENT_HANDSHAKE_TRAFFIC_SECRET 422ac95f957a318cc4bbfaabdd437969ad5373334d6a202330871e2dc73e7de7 f8181e96cf705f941fbcbd971904f3e37463eb1eab57bac47c95d752c3f7c28a
SERVER_HANDSHAKE_TRAFFIC_SECRET 422ac95f957a318cc4bbfaabdd437969ad5373334d6a202330871e2dc73e7de7 dff0bd3adbe5c6c75e2abcdad39caceef90cefde91d9bf5ac2445795a4b9994a
CLIENT_TRAFFIC_SECRET_0 422ac95f957a318cc4bbfaabdd437969ad5373334d6a202330871e2dc73e7de7 2f3f4addc39c3dc3aeabeaf46ebce1816b0f4a82930180d4a6a500b5db69704f
SERVER_TRAFFIC_SECRET_0 422ac95f957a318cc4bbfaabdd437969ad5373334d6a202330871e2dc73e7de7 817273ebe0cfe2f75c07df0ae7192d1dcf1152824055d5d53ae488df169a94d5
EXPORTER_SECRET 422ac95f957a318cc4bbfaabdd437969ad5373334d6a202330871e2dc73e7de7 6392838b095f6961c3076c76355bbfdcffc342a514fe1edf2d065a85de8430e3
CLIENT_HANDSHAKE_TRAFFIC_SECRET 2b7624b6bfcd16b524d00b0fa4f44cac5acafae025039c14035dd66ebf40f551 2957500af1654098be194b7efd4b13ca6ff0b6404949ce1b44349ff1b3e9c0f6
SERVER_HANDSHAKE_TRAFFIC_SECRET 2b7624b6bfcd16b524d00b0fa4f44cac5acafae025039c14035dd66ebf40f551 70091f76627065c9f480da3dee184b54b55007e181ec570a25084fe289d68b0c
CLIENT_TRAFFIC_SECRET_0 2b7624b6bfcd16b524d00b0fa4f44cac5acafae025039c14035dd66ebf40f551 5f420bd539be70c10f5d5a387c810e6f96d0707351d950f23d7f6da1a8a817f9
SERVER_TRAFFIC_SECRET_0 2b7624b6bfcd16b524d00b0fa4f44cac5acafae025039c14035dd66ebf40f551 2b0d8bb0f140fa36e548c0d860ecb53c4f46553b2d341b95f0fdf451fe662bbc
EXPORTER_SECRET 2b7624b6bfcd16b524d00b0fa4f44cac5acafae025039c14035dd66ebf40f551 aa2664cf4db8ac615151b153b3b203bb95b6f4cf0d244bc21d0be9d052f80f6e
CLIENT_EARLY_TRAFFIC_SECRET 6af080f957de66716bc73e6bc9ad5e35663b3e806d0113b99b8d497c17597ef2 98570a1b735bf618881833e69db1ba9f9b7e3360e36c9e630ac578d9259ed1c6
CLIENT_HANDSHAKE_TRAFFIC_SECRET 6af080f957de66716bc73e6bc9ad5e35663b3e806d0113b99b8d497c17597ef2 7faa7017cfc8c579f67cbfc01b9b9e1eb0a2b47ffc113a035291312e7c5a9292
SERVER_HANDSHAKE_TRAFFIC_SECRET 6af080f957de66716bc73e6bc9ad5e35663b3e806d0113b99b8d497c17597ef2 98d69ba48caaa1ebebf80a9bdadd4d5b69685b7a154ee5d91e2ae45242d6bec9
CLIENT_TRAFFIC_SECRET_0 6af080f957de66716bc73e6bc9ad5e35663b3e806d0113b99b8d497c17597ef2 56ba34e081fbab9abd4dc801f59802df7245d9f819bae05a70edd04ebf845d7f
SERVER_TRAFFIC_SECRET_0 6af080f957de66716bc73e6bc9ad5e35663b3e806d0113b99b8d497c17597ef2 5e68ff2ad60f8a7301f7e0ba93a4ef5ef046e2224defc310b82b9c850fbd95c9
EXPORTER_SECRET 6af080f957de66716bc73e6bc9ad5e35663b3e806d0113b99b8d497c17597ef2 41ff616cd8d225e79679d0b80ba956d3311dbd5c66b2a8c5cd23e004b15d84c5
CLIENT_EARLY_TRAFFIC_SECRET e9783b4096fa0aae60aa66f6d6e30da2508b9fc93f6ca282e3cdcf3fa9abd6b5 7424fbac816e67745d45214514355587862396e917af5506feff5376217c32c2
CLIENT_HANDSHAKE_TRAFFIC_SECRET 4f5998446839621ad696d577ebb0ba81ac1db0f74626b9eb9f2cc42532f91ae3 393077443b859ec7c18be9948bd7b63496bee9d0c296ffe8d33bd622e0a86c40fcb847b4a717cd851eeac407af3fadd9
SERVER_HANDSHAKE_TRAFFIC_SECRET 4f5998446839621ad696d577ebb0ba81ac1db0f74626b9eb9f2cc42532f91ae3 aded8fafbe1aab5464db0a58f6da0f5170bccc76a56d6d0074200a07e8bfa3509bc6a23442623b5ece174630ee1c513d
CLIENT_HANDSHAKE_TRAFFIC_SECRET a8db394d21eccedd0c7759497a10851b3015c62dc0c661801d9c9a934020958a ef09ad1aa10b53e0f8a789fe6df19c98552e95cf0db717150ece8be0d1de67e5
SERVER_HANDSHAKE_TRAFFIC_SECRET a8db394d21eccedd0c7759497a10851b3015c62dc0c661801d9c9a934020958a b4a44eba6087a7d9190ea533e62faa05bdb4ea304286f7b173fa378831da494b
CLIENT_TRAFFIC_SECRET_0 a8db394d21eccedd0c7759497a10851b3015c62dc0c661801d9c9a934020958a 6d44b50589e2ffa57868cd7beea67c93df1ed4cce7abbea0e35224b6f0a742dc
SERVER_TRAFFIC_SECRET_0 a8db394d21eccedd0c7759497a10851b3015c62dc0c661801d9c9a934020958a 5b0a11c092bf173a04e7822f544c5f04b6c398ab1db71dbc8ae1aec07c7b33bc
EXPORTER_SECRET a8db394d21eccedd0c7759497a10851b3015c62dc0c661801d9c9a934020958a 5f7b63938c9c3b303e181fc56634d66eeae0290e86d5bcd5bf6bf54e4cf3273f
CLIENT_HANDSHAKE_TRAFFIC_SECRET e9783b4096fa0aae60aa66f6d6e30da2508b9fc93f6ca282e3cdcf3fa9abd6b5 9947336e7aea0304a8aa294ae815debe32466eefd76110ed9363867bc156815a
SERVER_HANDSHAKE_TRAFFIC_SECRET e9783b4096fa0aae60aa66f6d6e30da2508b9fc93f6ca282e3cdcf3fa9abd6b5 5b4c7ecc8241d4226ab7099a6ba723795b83fdfc765b5b7e7163299cc4a9e8f0
CLIENT_TRAFFIC_SECRET_0 e9783b4096fa0aae60aa66f6d6e30da2508b9fc93f6ca282e3cdcf3fa9abd6b5 a10b4ca1d7fd3702b0020ee170d665cc9d406ed7602ad52dd3f2d923a51b0874
SERVER_TRAFFIC_SECRET_0 e9783b4096fa0aae60aa66f6d6e30da2508b9fc93f6ca282e3cdcf3fa9abd6b5 2a9fa4f67cee82f0cbcc7dd153980a294bd288f8ed33603d552a7b579f0dd50f
EXPORTER_SECRET e9783b4096fa0aae60aa66f6d6e30da2508b9fc93f6ca282e3cdcf3fa9abd6b5 38c5235612f8a3b5cb84a4373bb66615477b0c1d196187359091d80eb5e05468
CLIENT_TRAFFIC_SECRET_0 4f5998446839621ad696d577ebb0ba81ac1db0f74626b9eb9f2cc42532f91ae3 e5a39c9f9284299e367c5e223dbd74f4d7f2a1f6430b06aa4a115305109c3da95734e0034e86bffc86c824c969d47b7f
SERVER_TRAFFIC_SECRET_0 4f5998446839621ad696d577ebb0ba81ac1db0f74626b9eb9f2cc42532f91ae3 b0768177073e86339384353d814fbd69a6dadc6512cddb9d4575667ea6d2b1bfe0a922183ff386ee17403eea8c730c23
EXPORTER_SECRET 4f5998446839621ad696d577ebb0ba81ac1db0f74626b9eb9f2cc42532f91ae3 484c11ef57e7b0c2905f61f8790f6d95f847713301e5333d82fb57287acea6f97e04eb03784cef73e666c25661be7a8f
CLIENT_HANDSHAKE_TRAFFIC_SECRET 05e1ea84b0bfc0c7818ac2ba2b54f4edb1b6aac280a23950af0bd2534977e5dd bd1c1d61edc18833a8e8c479a5f5768252674f56f0760fc5ff03b1248ea31c43
SERVER_HANDSHAKE_TRAFFIC_SECRET 05e1ea84b0bfc0c7818ac2ba2b54f4edb1b6aac280a23950af0bd2534977e5dd 354740166051f9bc6f83a31a7371078c9c45338e8cadfc4729a896bc99188cd9
CLIENT_HANDSHAKE_TRAFFIC_SECRET 5ef5a7821fffb90ccdef1b17a149cd634ac7f020b2bcb28285a366d568304b20 914ae23e9a89530ef7c6c34765cfabffb6e8a2452859c3b984df609cbc04b9a3
SERVER_HANDSHAKE_TRAFFIC_SECRET 5ef5a7821fffb90ccdef1b17a149cd634ac7f020b2bcb28285a366d568304b20 2d5c296145778b594fa49fac0be26003465b4d088254c6c8c7902f140d676c0c
CLIENT_TRAFFIC_SECRET_0 5ef5a7821fffb90ccdef1b17a149cd634ac7f020b2bcb28285a366d568304b20 935fd46b3746df1c8febd18ad33846507543e68c3b6f3950cb3972a1a4d3f1fd
SERVER_TRAFFIC_SECRET_0 5ef5a7821fffb90ccdef1b17a149cd634ac7f020b2bcb28285a366d568304b20 444cd5a70ee624235d474861cf47f812236555136e721862038f2dc40699817a
EXPORTER_SECRET 5ef5a7821fffb90ccdef1b17a149cd634ac7f020b2bcb28285a366d568304b20 29564a9887591e91657edca0203be3091fdad4b929050c7fe22092381a5ab5ee
CLIENT_HANDSHAKE_TRAFFIC_SECRET 348f3d60db08d2ee3d4402e53a4d66498885295af72807571e49704428375eb7 710f791a8bc2490b98ea8c46ed57538b156fbeaffef61a5949bcdbab2c9d05b013b161fb71c9c955c55058746be6ccd5
SERVER_HANDSHAKE_TRAFFIC_SECRET 348f3d60db08d2ee3d4402e53a4d66498885295af72807571e49704428375eb7 998a4e71ae0a6b4c31d9c7712e24d8c85b867096db83fe52108224f6a1ab65d0c3fa0ec729ad6f084c27467a14861751
CLIENT_TRAFFIC_SECRET_0 348f3d60db08d2ee3d4402e53a4d66498885295af72807571e49704428375eb7 cd7f59671116cdc811814c1feffab478f3020ddf3cd9decbdaa37f4062a229fc1756d09dc312438c0e5cdae72b227417
SERVER_TRAFFIC_SECRET_0 348f3d60db08d2ee3d4402e53a4d66498885295af72807571e49704428375eb7 1e290a2c70d818bf29e2ab24b1a608dba1eddfbffd9e6845624889e466977f634450cd029c406de9c598e8e132ac6c87
EXPORTER_SECRET 348f3d60db08d2ee3d4402e53a4d66498885295af72807571e49704428375eb7 f543cefd39199e789ee01c684c7e9d5b081e1267314ed8476baaaa9d538dffd404a19993d4eb17ff06729f5285cd7871
CLIENT_TRAFFIC_SECRET_0 05e1ea84b0bfc0c7818ac2ba2b54f4edb1b6aac280a23950af0bd2534977e5dd 88790c3ebddc12fc7e54ee129d3789e6752c869f1b97d96bcdf11a653b8876e7
SERVER_TRAFFIC_SECRET_0 05e1ea84b0bfc0c7818ac2ba2b54f4edb1b6aac280a23950af0bd2534977e5dd 4211e2c4e4406391a7eff5ca9eae6ffc0c654ee8c2e15ff95f04fdb665db3dd8
EXPORTER_SECRET 05e1ea84b0bfc0c7818ac2ba2b54f4edb1b6aac280a23950af0bd2534977e5dd dd0c5a4b12868f61942463f0c2a56d27e70df1e8f0bab56259f8152cc2a162b0
CLIENT_HANDSHAKE_TRAFFIC_SECRET a4facb8c5ad674405cb7dd42d4cd87d3481bfda6f380f082a9a62aad85956195 5a1823dd8cecc9185d92a6100b58a4c028e9ba71221cfbc1f5f54f3bb752b80d
SERVER_HANDSHAKE_TRAFFIC_SECRET a4facb8c5ad674405cb7dd42d4cd87d3481bfda6f380f082a9a62aad85956195 6e5188e6c1035058c09537c8714a0cd7a8a66297982df7277fdf05323037feea
CLIENT_TRAFFIC_SECRET_0 a4facb8c5ad674405cb7dd42d4cd87d3481bfda6f380f082a9a62aad85956195 95203a7d297a64e8618b661343be662049efb20ea678643b8b7341187eb1ae83
SERVER_TRAFFIC_SECRET_0 a4facb8c5ad674405cb7dd42d4cd87d3481bfda6f380f082a9a62aad85956195 618572711020250e0f4a3f0ca3c0a47162531c62cfc439630e6f8b374a656fc3
EXPORTER_SECRET a4facb8c5ad674405cb7dd42d4cd87d3481bfda6f380f082a9a62aad85956195 35d080353f66d44f61959f279a378065775573df28d97be632e79e7e0e59a5b9
CLIENT_HANDSHAKE_TRAFFIC_SECRET c32971130ca29b70ea14189cc34a7c7c703c30006b9b46f6a0dd933c89bb5640 046e08e34d70c3257ff9e6bffdb8442a81d0e0e53da3eeb053d99f91a0b3c1b8
SERVER_HANDSHAKE_TRAFFIC_SECRET c32971130ca29b70ea14189cc34a7c7c703c30006b9b46f6a0dd933c89bb5640 b65eb9b5cebf20b6afb4d90909db32075716efc34ad31b3a96761d143907fa37
CLIENT_TRAFFIC_SECRET_0 c32971130ca29b70ea14189cc34a7c7c703c30006b9b46f6a0dd933c89bb5640 adca063455695d2b0dea80c6501eaf4c713712d58801eced9cb2aa3f7f303ff6
SERVER_TRAFFIC_SECRET_0 c32971130ca29b70ea14189cc34a7c7c703c30006b9b46f6a0dd933c89bb5640 4a4978244d47c5277bb13fa73bfb2e3585345fba2ef6372386f857f5807b1b4d
EXPORTER_SECRET c32971130ca29b70ea14189cc34a7c7c703c30006b9b46f6a0dd933c89bb5640 0d726a47c46412ad5e970476a94787b49b2fc40e24a457a6b4ed4bf73d36c73f
CLIENT_HANDSHAKE_TRAFFIC_SECRET ce6673ed8111c964e6a07c904d9ca88dfbf4544d73c992347c86c375daa6ae04 8aa8d3e3205cc7b8b801b97d5b4a8bef84fd1efe2fcbbc3ec9a039d301a0523b
SERVER_HANDSHAKE_TRAFFIC_SECRET ce6673ed8111c964e6a07c904d9ca88dfbf4544d73c992347c86c375daa6ae04 b0e9964214497e6658dab88eef5ae67ee7a9965e9eee99e3357ab6db8f45d9ad
CLIENT_TRAFFIC_SECRET_0 ce6673ed8111c964e6a07c904d9ca88dfbf4544d73c992347c86c375daa6ae04 63d3cbeda4a805b588115dcf4118ee94d9eb9b6a7958d3dc35ac85678bb039cd
SERVER_TRAFFIC_SECRET_0 ce6673ed8111c964e6a07c904d9ca88dfbf4544d73c992347c86c375daa6ae04 ff726a4dc8af8f5449b5a9fcc25e9786b50ad70ff6f9a02ed70e0b078f11ec98
EXPORTER_SECRET ce6673ed8111c964e6a07c904d9ca88dfbf4544d73c992347c86c375daa6ae04 0fb71ffa6783605be2b28cc6cf4e525d598caed579ddfc09d4ee2637ae8a19da
CLIENT_HANDSHAKE_TRAFFIC_SECRET cafe6c3d9afb113a5617a94878001d17f07a1d030ab6244e878077af045c0b95 9fa94b2238fc811214b615b3a4464227cc608a8078d86d9a019cd8a9fc576753
SERVER_HANDSHAKE_TRAFFIC_SECRET cafe6c3d9afb113a5617a94878001d17f07a1d030ab6244e878077af045c0b95 6e58b92b4dee08b75f8e55d397d3ac64add59fb7537aec96aab87cd4b8e03150
CLIENT_TRAFFIC_SECRET_0 cafe6c3d9afb113a5617a94878001d17f07a1d030ab6244e878077af045c0b95 55cf7d504b47290007c9410a45dc0145fb69499f05097ffd31a6c48a154735cc
SERVER_TRAFFIC_SECRET_0 cafe6c3d9afb113a5617a94878001d17f07a1d030ab6244e878077af045c0b95 8cce3fe2bf0f7237f85aff65f26076337021d4b54179056c58eacc39d8929d0c
EXPORTER_SECRET cafe6c3d9afb113a5617a94878001d17f07a1d030ab6244e878077af045c0b95 13df8a31b9f9e4956212ee9840bb9af5cfaa5d92a693f831ce1e9d28e17915f1
CLIENT_HANDSHAKE_TRAFFIC_SECRET c3fad1b44e434e8e914bf0395d37a2ceeb3a720d94fa370c3ee48789de9c9de1 f528557e795edc5742a6897f5966cbc51b57aa8839e8fe017390bbaead191156
SERVER_HANDSHAKE_TRAFFIC_SECRET c3fad1b44e434e8e914bf0395d37a2ceeb3a720d94fa370c3ee48789de9c9de1 db33074d2bd1774151341272e4132cddb143939a4ba25f56688c7da01c7995b1
CLIENT_TRAFFIC_SECRET_0 c3fad1b44e434e8e914bf0395d37a2ceeb3a720d94fa370c3ee48789de9c9de1 f084ccac013ba165c7a04e7a800097d53329e17432aa31b808444078fe1efab6
SERVER_TRAFFIC_SECRET_0 c3fad1b44e434e8e914bf0395d37a2ceeb3a720d94fa370c3ee48789de9c9de1 58f671dcb386309d95682bdf0408defb4ff8e88b2531ca0cf73ded24170fb16e
EXPORTER_SECRET c3fad1b44e434e8e914bf0395d37a2ceeb3a720d94fa370c3ee48789de9c9de1 6dff3f686af16a4df88cf1bd1068adb258ee2218eacad50d6a436e8365b04a8b
CLIENT_EARLY_TRAFFIC_SECRET 90c9b52a10b189ad5a844f33a182e21bea23c801a65765c921afd148b147913a 90afb8b369983dce13f5f6a61f65b4d6892be1896683e8f5930eef148e6f2917
CLIENT_HANDSHAKE_TRAFFIC_SECRET 90c9b52a10b189ad5a844f33a182e21bea23c801a65765c921afd148b147913a 00863621c1e4555150908067be6f5633c6c3416d85ad529f9f266ef2e494f398
SERVER_HANDSHAKE_TRAFFIC_SECRET 90c9b52a10b189ad5a844f33a182e21bea23c801a65765c921afd148b147913a 154370745d59ac5a9c3cd2350a0c5f4ea5b12a1af6b6dee5da71b3a81de794b3
CLIENT_TRAFFIC_SECRET_0 90c9b52a10b189ad5a844f33a182e21bea23c801a65765c921afd148b147913a cc02925c222abb889d5c8cfc6749b1c7d8ef30043bfe6ae9859f8466cee52876
SERVER_TRAFFIC_SECRET_0 90c9b52a10b189ad5a844f33a182e21bea23c801a65765c921afd148b147913a 3ed0323023176cb6245eb59ea83d937044c5d480ca3f2afc96c67634ea8ee281
EXPORTER_SECRET 90c9b52a10b189ad5a844f33a182e21bea23c801a65765c921afd148b147913a a26050b8a2eaf939581574af59ea2626b4997c47ff3a0a15634765d85070fc87
CLIENT_HANDSHAKE_TRAFFIC_SECRET 4e1f4afa15950285862ec69777b6ed801ee5f4a7e0586780dbe321479598ad52 c24dd147bc4445995c53e7be360c3449534552faf5d4a283ea955eb8f3ed6d0f
SERVER_HANDSHAKE_TRAFFIC_SECRET 4e1f4afa15950285862ec69777b6ed801ee5f4a7e0586780dbe321479598ad52 41922326818811a6d797ccbbd781560b3fd24ac7ea8ac69b9268b694a27abf02
CLIENT_HANDSHAKE_TRAFFIC_SECRET 8c166314d100b9c6cbc2eea396d604b7c5ac381be377e68dab90523f19ce3ffb f3e6937615490f1b5e8d5706e45e94e59a388af44d2d803b5bc70cdb90cef9f9
SERVER_HANDSHAKE_TRAFFIC_SECRET 8c166314d100b9c6cbc2eea396d604b7c5ac381be377e68dab90523f19ce3ffb 2cb6ef89b10d5029fd79d00507fba797b7bd765a1820218d84dfe2e8baf23d44
CLIENT_TRAFFIC_SECRET_0 4e1f4afa15950285862ec69777b6ed801ee5f4a7e0586780dbe321479598ad52 dbe9f5a81c3a6a43b2a3f6b3bf62ec5dc2abd8bee2171ad910418a89ffc9c1e8
SERVER_TRAFFIC_SECRET_0 4e1f4afa15950285862ec69777b6ed801ee5f4a7e0586780dbe321479598ad52 fd7d202818d6896095c191d5c29b1ed5ad267bad908efaa03536b756b2f94a33
EXPORTER_SECRET 4e1f4afa15950285862ec69777b6ed801ee5f4a7e0586780dbe321479598ad52 24f95420b73311b9953c1e7c060ba1e2e0b18a9effa9768713c653de63832ebe
CLIENT_TRAFFIC_SECRET_0 8c166314d100b9c6cbc2eea396d604b7c5ac381be377e68dab90523f19ce3ffb 3bc7e98544a9c77e66b7c42c4c815d4983a09f4757d7fb4f3ebaca7344debe0b
SERVER_TRAFFIC_SECRET_0 8c166314d100b9c6cbc2eea396d604b7c5ac381be377e68dab90523f19ce3ffb 8dee0c2b27f1a872affce7d9a83d7fd7197a7489682a721e7722f434d3e32ba2
EXPORTER_SECRET 8c166314d100b9c6cbc2eea396d604b7c5ac381be377e68dab90523f19ce3ffb 49c1e52a18a274487cc677691aa08bca2c67eca63ed78f350a6d43540b645a1e
CLIENT_EARLY_TRAFFIC_SECRET 4ff515e883a5de277673a8bf0e179ca03bd950b83dbbadcef82e06f6b8a5b287 c6d9b959881d7b50cd60673da5e5a12367aa6cc218e85b4db54c6b7b0f2d7b88ec32a431c4c18e1343ac1444ccb4a9df
CLIENT_HANDSHAKE_TRAFFIC_SECRET 4ff515e883a5de277673a8bf0e179ca03bd950b83dbbadcef82e06f6b8a5b287 1eb7b786f1829d656f1a138b680237ad5430fbb554e85c3816eeb94244423041ead410c708be961ff4c89b8ebc7d2b04
SERVER_HANDSHAKE_TRAFFIC_SECRET 4ff515e883a5de277673a8bf0e179ca03bd950b83dbbadcef82e06f6b8a5b287 fd6daea592e7401e23d7e573c7f45943fb1b42e4e721254d65153388e8db632645e75039c6452033f355cf355d1b2cb6
CLIENT_TRAFFIC_SECRET_0 4ff515e883a5de277673a8bf0e179ca03bd950b83dbbadcef82e06f6b8a5b287 e87293ecaf56c9c6f8a2ae883d1ca83ae83bab9c33028276501c598692b00d020a82c7204bd5eef951e6eb77b9c18dfb
SERVER_TRAFFIC_SECRET_0 4ff515e883a5de277673a8bf0e179ca03bd950b83dbbadcef82e06f6b8a5b287 cf0951be8e068c12f9e4a7e735960f0565df195e3bd0706ad8eb8abf3695261129e62afd8b320f6d568c1e0699577816
EXPORTER_SECRET 4ff515e883a5de277673a8bf0e179ca03bd950b83dbbadcef82e06f6b8a5b287 fcddb57f78e30ba7482f8752b73980e11c2a75892a0644b6b5834ce2eab6d1bf73c9ed8dd53cdd038c5c381c36499b14
CLIENT_HANDSHAKE_TRAFFIC_SECRET 5082039c9189bb9065c0b0a1277b90dfce7352a63d642470901729bc779aaf74 e01fbf8adbc5ee1a5382e1a215fb65dd8c833723c5aef50782bcb7f86f72a1e5
SERVER_HANDSHAKE_TRAFFIC_SECRET 5082039c9189bb9065c0b0a1277b90dfce7352a63d642470901729bc779aaf74 b2ef2f9954cd47d82ac6ec3ab622343084deafb4204b41059adedcb5e2ce9a54
CLIENT_TRAFFIC_SECRET_0 5082039c9189bb9065c0b0a1277b90dfce7352a63d642470901729bc779aaf74 12bb9440874f305f2e187d0d010e6c0315c6ecabb2a71134db769b1031887c6d
SERVER_TRAFFIC_SECRET_0 5082039c9189bb9065c0b0a1277b90dfce7352a63d642470901729bc779aaf74 b3d72a7a5dd7113e010f1aef2e1b616b3e515272cee43b19c8a41654cc64eecc
EXPORTER_SECRET 5082039c9189bb9065c0b0a1277b90dfce7352a63d642470901729bc779aaf74 b9bc9b210d6ac56ca4b54cd3afd2e3181aed2dd4e07ea373aaf8a7cbfdc5dbd5
CLIENT_HANDSHAKE_TRAFFIC_SECRET 8c943cf5805808a845ce0fc042dde1331b40d7ef9be8df62eb14084feb46d1be a21a0b6a9ba59c990ebd84a9feb891c933cd57a9ee018e2936c49e0eeca03136
SERVER_HANDSHAKE_TRAFFIC_SECRET 8c943cf5805808a845ce0fc042dde1331b40d7ef9be8df62eb14084feb46d1be a95e350befe4d60fed8176e4860655cf6eb85b9f486f6bf168839ed2759647df
CLIENT_TRAFFIC_SECRET_0 8c943cf5805808a845ce0fc042dde1331b40d7ef9be8df62eb14084feb46d1be d68a63f3db0c8256b505f56bdcbd822551a2187727c654659aaae821a9340967
SERVER_TRAFFIC_SECRET_0 8c943cf5805808a845ce0fc042dde1331b40d7ef9be8df62eb14084feb46d1be d885d4e0b2cec0d442b1d47ec98119ef03f3262f0d33c027b3fe3774792d6d65
EXPORTER_SECRET 8c943cf5805808a845ce0fc042dde1331b40d7ef9be8df62eb14084feb46d1be 1d2e98f1dea47085606d6d234faaef8238fc2d72f4559e977bf0221a55810f51
CLIENT_EARLY_TRAFFIC_SECRET f67f7de242e2eb7934a81b53ab369d922cd755f177a7f10efd07cc09a679636c d84a2d0cf1277aa2eae469161f7c8b180f71fbe359289fa1f1d33967289ddc28
CLIENT_HANDSHAKE_TRAFFIC_SECRET f67f7de242e2eb7934a81b53ab369d922cd755f177a7f10efd07cc09a679636c 8dafb9f8a96cd9c3b43d7058f043c449de98307d287fa67d78de6f2022762c07
SERVER_HANDSHAKE_TRAFFIC_SECRET f67f7de242e2eb7934a81b53ab369d922cd755f177a7f10efd07cc09a679636c 127a00d482fa77f067805106fcea734509ffc4cf9ed6a66f25281b0ab081baff
CLIENT_TRAFFIC_SECRET_0 f67f7de242e2eb7934a81b53ab369d922cd755f177a7f10efd07cc09a679636c 2f760b7bf774634f8cbee342a695dfce94daeffe111b4fc721310de840689365
SERVER_TRAFFIC_SECRET_0 f67f7de242e2eb7934a81b53ab369d922cd755f177a7f10efd07cc09a679636c 127b6928b91c853d900fb6a473e05ba758266ab780f6cac7c245f1705c1e1789
EXPORTER_SECRET f67f7de242e2eb7934a81b53ab369d922cd755f177a7f10efd07cc09a679636c 55460fce8c2638b741877494057634c3a0befdf64b2bc56f912d355c370ebe0e
CLIENT_EARLY_TRAFFIC_SECRET a2ebf5648fe23f9e0a2ed5247dbaaf9651f407af4688375b1161eb0364cc2057 6ed37106a323124f0ef096505a68b4e1b6c1eb644b853618a8105a5904f27c13
CLIENT_HANDSHAKE_TRAFFIC_SECRET 83f85cb29a6dce4cbd62b9fdec2fdda4c1153b9de8e215a42686abb5d1122ec6 2701346ad8a6a4b8506af6d8c9981007716070675fca468e82b97893f56d34cd
SERVER_HANDSHAKE_TRAFFIC_SECRET 83f85cb29a6dce4cbd62b9fdec2fdda4c1153b9de8e215a42686abb5d1122ec6 64fcf183f6569ac55058f7d4e494e553016a6c3203480a41aa1c55d210048cde
CLIENT_HANDSHAKE_TRAFFIC_SECRET a2ebf5648fe23f9e0a2ed5247dbaaf9651f407af4688375b1161eb0364cc2057 3b78df9e077ec179eb161b0e53812fc35c724369bd01685950ac74174023dfb1
SERVER_HANDSHAKE_TRAFFIC_SECRET a2ebf5648fe23f9e0a2ed5247dbaaf9651f407af4688375b1161eb0364cc2057 c603c7a945a5c312c007475c38383c9e3892e29a720669b4dd30a74e7e9cad04
CLIENT_TRAFFIC_SECRET_0 a2ebf5648fe23f9e0a2ed5247dbaaf9651f407af4688375b1161eb0364cc2057 84bd06a9d78a22b8a783f14f76bbdf07a018e34e1c7ef4d3ef060d9386b38001
SERVER_TRAFFIC_SECRET_0 a2ebf5648fe23f9e0a2ed5247dbaaf9651f407af4688375b1161eb0364cc2057 5191a75254b1207f3766159c0c5df62f4d9ac479f0c145468454f17074f4fada
EXPORTER_SECRET a2ebf5648fe23f9e0a2ed5247dbaaf9651f407af4688375b1161eb0364cc2057 e4c272e42f553e1e6657d674a35293eb76eac6b0f58416cba8c8b9b9683f905f
CLIENT_TRAFFIC_SECRET_0 83f85cb29a6dce4cbd62b9fdec2fdda4c1153b9de8e215a42686abb5d1122ec6 a72825e122d9df08e23e5584fa6490857a218bc20b4372c6f134dbff76ce815b
SERVER_TRAFFIC_SECRET_0 83f85cb29a6dce4cbd62b9fdec2fdda4c1153b9de8e215a42686abb5d1122ec6 7a1a704c0806bd83773b6c8e45ba722f0067e52045567867ea39fb67432f890a
EXPORTER_SECRET 83f85cb29a6dce4cbd62b9fdec2fdda4c1153b9de8e215a42686abb5d1122ec6 b08f2398d11acec7c4f2d611133da70f6d34c1af216e622f3a83782cafc6dc52
CLIENT_HANDSHAKE_TRAFFIC_SECRET 74eef44972ece429eb922124eb2d57246244a6b623cc2924384fcc39d738d84e 475349082fa53e7ed60a74fc43c8c6bf53d1babf528d91c9d6f4332508d6cca5f2e973520044ea6f424c46875aa8dd8b
SERVER_HANDSHAKE_TRAFFIC_SECRET 74eef44972ece429eb922124eb2d57246244a6b623cc2924384fcc39d738d84e eb9d98688e79dca3b32d8bb9e89c59347e1e5f42095fbcef0302b0cbcfd850b774f7d68b2f8469441c1873e4703bcac2
CLIENT_HANDSHAKE_TRAFFIC_SECRET 3f6ee02e1a46476d8a2807157edf47f70b01d79df4b749c693518cc348baaa89 c47e3fb1821b7028791cbea88c4a82164d480544e470cab9d22db00491181765
SERVER_HANDSHAKE_TRAFFIC_SECRET 3f6ee02e1a46476d8a2807157edf47f70b01d79df4b749c693518cc348baaa89 c36f242043d9ecd09cabdc3f8085886dd7541af83d09b49d279385886d66f9b4
CLIENT_EARLY_TRAFFIC_SECRET b258f6de367593f33c4f17076685aa63eca9d0d75eb0897d4bccaa6a555349a5 11f6ebb7822f6a16d75f66f5de91f9a18388fe2dfaf9de6f543f32403ec2ad9e5ba9488a5b85fdbdf6e875c925e37be1
CLIENT_TRAFFIC_SECRET_0 74eef44972ece429eb922124eb2d57246244a6b623cc2924384fcc39d738d84e 88f2c43e4dd8a0774ee548847f07449d13cbdc8d03f95ce7a8f96d85a19a95ff505ffa8306207906782ee1118f2227e5
SERVER_TRAFFIC_SECRET_0 74eef44972ece429eb922124eb2d57246244a6b623cc2924384fcc39d738d84e a0e753cee82731e60c81d88cecdae4c7db9cd1cbaabd1a598f1ed9aff313cebdcb41715b6d7b7a0b935d6489bcaf896b
EXPORTER_SECRET 74eef44972ece429eb922124eb2d57246244a6b623cc2924384fcc39d738d84e 1f7623ca79540f16041c29ce7b8b9e1a8cea123efd4dba49b179792c61cda749d84de123769902f7c8dc9192cb78f65f
CLIENT_TRAFFIC_SECRET_0 3f6ee02e1a46476d8a2807157edf47f70b01d79df4b749c693518cc348baaa89 b824e54e5b7e0517d104905006480dcb09f444501ba40a38a98dd8f0d3ddab21
SERVER_TRAFFIC_SECRET_0 3f6ee02e1a46476d8a2807157edf47f70b01d79df4b749c693518cc348baaa89 86f25648e70c9363a62383393a20bf2f5716b443f7fbfece22720cd898480cf2
EXPORTER_SECRET 3f6ee02e1a46476d8a2807157edf47f70b01d79df4b749c693518cc348baaa89 8077860cc1e7c70e738730da1aad3f4fdf198712945609bb864f2137866eaf08
CLIENT_HANDSHAKE_TRAFFIC_SECRET b258f6de367593f33c4f17076685aa63eca9d0d75eb0897d4bccaa6a555349a5 f414005be07e6af22a4d5e8fd8d9457015c5a406340319883187c2ebacc8d5303355817b1cacd6ad3cd82250c9bd27c1
SERVER_HANDSHAKE_TRAFFIC_SECRET b258f6de367593f33c4f17076685aa63eca9d0d75eb0897d4bccaa6a555349a5 e25a1ebce1e76d7528af0de498d04bed603a49fff4d5ba5d39b95219d9a800256a89184f9b39da93b9f94625c2763e6c
CLIENT_TRAFFIC_SECRET_0 b258f6de367593f33c4f17076685aa63eca9d0d75eb0897d4bccaa6a555349a5 69ac53d6799c115e2448977944cfb35ebda18bf22cb754320024e92a4a070b073cbbd3f6c0b3f12bf057cc9489fb2905
SERVER_TRAFFIC_SECRET_0 b258f6de367593f33c4f17076685aa63eca9d0d75eb0897d4bccaa6a555349a5 c38d34d290de4ada15cddf4e8f6fe433bec857b5e8a4193fac4aae479ace5dee4342415565f07129855785b8620744be
EXPORTER_SECRET b258f6de367593f33c4f17076685aa63eca9d0d75eb0897d4bccaa6a555349a5 16e4ee5fd0400dded7545235e36c0b0fdb2250fb27857e9776f3c48052fe7d4a999f6e462d4e82ebd5ef3c65b529d07f
CLIENT_HANDSHAKE_TRAFFIC_SECRET d9552373166be8fcd6a26e5b748957b6444b8fc496dc0c4bd549a215ca116e5b af904dbf6d3f90ef8a6a65f676df0ad0497998a7f97933d01511862a164abaae
SERVER_HANDSHAKE_TRAFFIC_SECRET d9552373166be8fcd6a26e5b748957b6444b8fc496dc0c4bd549a215ca116e5b 497481e0c8ee893c8550ce1abe9bb3e9349e6ee145b49d001590a515bacd2190
CLIENT_TRAFFIC_SECRET_0 d9552373166be8fcd6a26e5b748957b6444b8fc496dc0c4bd549a215ca116e5b ef8cda4bb5cc0719b293a0ef7a2c8aa3667aba82f7e8e3632f289e37a9d0b6bb
SERVER_TRAFFIC_SECRET_0 d9552373166be8fcd6a26e5b748957b6444b8fc496dc0c4bd549a215ca116e5b 438af1676835b296eedb984566e2899f653605e8c4c9ef72689fc16619b2abc1
EXPORTER_SECRET d9552373166be8fcd6a26e5b748957b6444b8fc496dc0c4bd549a215ca116e5b 77d68a963f1105aec1551139f95499f546722f64ae31ea4264ee92244b59303d
CLIENT_HANDSHAKE_TRAFFIC_SECRET a4834da534dfc5aa02bb1ae5ea0fca56320b505820026be57779085ea47b6e3f 480f5b421e511e6faed269b59a3842b568319fe308a6681886da9e7cec6ba78c
SERVER_HANDSHAKE_TRAFFIC_SECRET a4834da534dfc5aa02bb1ae5ea0fca56320b505820026be57779085ea47b6e3f 4c64a647ec3c8a64cab546b5776db2f86e2c896e04174f2b4e9a8ed343c9e153
CLIENT_TRAFFIC_SECRET_0 a4834da534dfc5aa02bb1ae5ea0fca56320b505820026be57779085ea47b6e3f b014b1f01016c502a33d462b24e66795a8152699c89c58a9e4f887ef9f1bb23f
SERVER_TRAFFIC_SECRET_0 a4834da534dfc5aa02bb1ae5ea0fca56320b505820026be57779085ea47b6e3f 8457fa97a72fe8a59c63ce9565f9e5262f63d62f19e210ac563ace56146a16c3
EXPORTER_SECRET a4834da534dfc5aa02bb1ae5ea0fca56320b505820026be57779085ea47b6e3f d5330bc09a42d3fada448fe9f07050ae06ca169ceb5ccdb148a7d3ddbfb63407
CLIENT_HANDSHAKE_TRAFFIC_SECRET 36c9656cb0a8814394cc0f8ca4d8127e3e28282b3b04709475ed235fe92fe3a6 5567b362582b746a87e827685d1e30a74b3a821f519758d2af43dd1598666625
SERVER_HANDSHAKE_TRAFFIC_SECRET 36c9656cb0a8814394cc0f8ca4d8127e3e28282b3b04709475ed235fe92fe3a6 32d1b325ffdd3a8948ed39d2c7b249a91ce2c47f0b5420b178ef84c450baad5c
CLIENT_TRAFFIC_SECRET_0 36c9656cb0a8814394cc0f8ca4d8127e3e28282b3b04709475ed235fe92fe3a6 2da1ae23218db46b67194557f098701c32e85a349a1b55121571caa253c7bf32
SERVER_TRAFFIC_SECRET_0 36c9656cb0a8814394cc0f8ca4d8127e3e28282b3b04709475ed235fe92fe3a6 02f7088779c09268f21c5f18e935aef53238fcc3eaab7277c0948c89eadc14d7
EXPORTER_SECRET 36c9656cb0a8814394cc0f8ca4d8127e3e28282b3b04709475ed235fe92fe3a6 52b197b1d927ec2bd0b08e0a67cc7bc04048015825e70f0d9d46f660398cd744
CLIENT_HANDSHAKE_TRAFFIC_SECRET 544b381eb8755d50d716dd190b860e17cee17b2e06d376cef4e4940b5bfc2c85 f7f6fd8088dca0062a639c8ec954e0a2dce0db345ae0288704712dc828e9d3ccfc982d0b19074a85bfdbc2089767c097
SERVER_HANDSHAKE_TRAFFIC_SECRET 544b381eb8755d50d716dd190b860e17cee17b2e06d376cef4e4940b5bfc2c85 0eaa22ada801ce87b33afffbbb2c9094f71d34687a82e8f66b19b269f2c971e3a559f224fd3721c90f1eaddb1d9b4386
CLIENT_TRAFFIC_SECRET_0 544b381eb8755d50d716dd190b860e17cee17b2e06d376cef4e4940b5bfc2c85 7c95875d0a9987fa6748d2a4f19d404c72732630b4b517c35488546b06f02ef201f728cde0416b43814ee003780dc895
SERVER_TRAFFIC_SECRET_0 544b381eb8755d50d716dd190b860e17cee17b2e06d376cef4e4940b5bfc2c85 4b409512df1ce1eae5fe299bc1c5da8af9344f33f95f2efebfa57b4f0433574a8f924d1f0c4ac16d3c175aac4348e687
EXPORTER_SECRET 544b381eb8755d50d716dd190b860e17cee17b2e06d376cef4e4940b5bfc2c85 cb39409ba90f63643150abb7a92b3172c475f1957c4619914603cf02433b13e8c82eb7c88bd1a4c26dba837d4d24e1f0
CLIENT_HANDSHAKE_TRAFFIC_SECRET 15f8e91c477ca9b45fdec54c428820fa34543f046b177dd662a376751c3ceec2 a1b5940651ee5cef74664a332384e083524352b5c24908d6fc31b62a39d552d9de27845ccf09caf1eb3b0bdf1338a91c
SERVER_HANDSHAKE_TRAFFIC_SECRET 15f8e91c477ca9b45fdec54c428820fa34543f046b177dd662a376751c3ceec2 acb1cabf26cd83340ebc910d37217acdecff43093e8ea7f36b3a638e58f507148b03d7b687253c69c5699e8be14885a0
CLIENT_TRAFFIC_SECRET_0 15f8e91c477ca9b45fdec54c428820fa34543f046b177dd662a376751c3ceec2 6a8d53ddc12d76814d827a58a0204cdea036025ccf3010e1648e6975eeadf573ef198fca4ca1a5b0596d250cfa1ad2b8
SERVER_TRAFFIC_SECRET_0 15f8e91c477ca9b45fdec54c428820fa34543f046b177dd662a376751c3ceec2 c1cb57d8603f818095a5c49151a67fdf375b399bb707357c8ddd52877529595d28b2f43bb8920abb1c099bad8c64d263
EXPORTER_SECRET 15f8e91c477ca9b45fdec54c428820fa34543f046b177dd662a376751c3ceec2 cc9e7f8cc5bece15987bb979e8b8f30f9ce6ef16907662c1ccbeac6177b2d975bc2873cb426d56d9b3e342095b67fe64
CLIENT_EARLY_TRAFFIC_SECRET 04837570f01790d54604202f201e43d1a6cb8738ddd27710f85f38677cb034cc f2e99f73a725a067ab12901c7e90bc0c3fc64afd2e3138fa4e4e7633d9c418ad23374a74b2e17866eee23870031482aa
CLIENT_HANDSHAKE_TRAFFIC_SECRET 04837570f01790d54604202f201e43d1a6cb8738ddd27710f85f38677cb034cc e66ac7f161cb7bdddbf279315aca89f30f01be3a3c58c0902d92e5fc350f1e8bb2fa7d12a5201fc1f920fd4631af5259
SERVER_HANDSHAKE_TRAFFIC_SECRET 04837570f01790d54604202f201e43d1a6cb8738ddd27710f85f38677cb034cc 384152606a0ad78149fe45aaa3b303904722aada58349c5c8e6f6ef4269fbc23344cfd0fb65189628104fd8978e6f2fc
CLIENT_TRAFFIC_SECRET_0 04837570f01790d54604202f201e43d1a6cb8738ddd27710f85f38677cb034cc 29cfc0727be1de2807416dfa04a7f8c0320b84c8b18e6f513c7efbe6e414b8c3dd63838001142374346a0637823ba55f
SERVER_TRAFFIC_SECRET_0 04837570f01790d54604202f201e43d1a6cb8738ddd27710f85f38677cb034cc 6409fb35798053e8552f71b20a448943e3e089f2f9a06dac401d4982dc5e2fe1a9559afd38283c8c4586675d6509f5ec
EXPORTER_SECRET 04837570f01790d54604202f201e43d1a6cb8738ddd27710f85f38677cb034cc 894ffb39daeb883b3dbc7d2f98567a7ce18c87ac58b2cd272232af2d316ff4478c2ad819a9cb1a17391cec44e639f1d3
CLIENT_HANDSHAKE_TRAFFIC_SECRET 709bb7549702d6af460985b28765ba3f4db9ec95213ac647ea81e3c7c487867f 9573feac6f90df3e29e62601e9220b2c17337f2bc4b83acdb51646121d7f8346040d2befb617a6db54eb79b3f5f7747a
SERVER_HANDSHAKE_TRAFFIC_SECRET 709bb7549702d6af460985b28765ba3f4db9ec95213ac647ea81e3c7c487867f 268d87618b3f88e97ec05acc8a9f74820843a30dda38cac80465259e9ef069e8a0df256a2063e1251dea67003ad7642f
CLIENT_TRAFFIC_SECRET_0 709bb7549702d6af460985b28765ba3f4db9ec95213ac647ea81e3c7c487867f 53ae288d5d0f71a6edb21927293ca9f0cbfc5272f7405f19fcbc9cad14acfb648c8fad0124abf6da262c7b1bc9cc5d50
SERVER_TRAFFIC_SECRET_0 709bb7549702d6af460985b28765ba3f4db9ec95213ac647ea81e3c7c487867f 63a3cf17969a3226e942924bcb8b189d7d2549fa2baa13e03a962cc5f54f9a2dd230a89cd939a5b21cf38afde185e6ab
EXPORTER_SECRET 709bb7549702d6af460985b28765ba3f4db9ec95213ac647ea81e3c7c487867f 45c3fbb7e6f194d5728aa3da865813cd8fbd1beded84504cddb0d073a0a58e831350f26049748b7dcf99252efe09cf24
CLIENT_HANDSHAKE_TRAFFIC_SECRET 47e805a0c2cd9b26e3e4e8d6d24835fff20af29f1e593fa4c1b8555a58323124 3b265c97262c6693f8041cdcc19d0fed949acf905c474778f54ed536598a2c69
SERVER_HANDSHAKE_TRAFFIC_SECRET 47e805a0c2cd9b26e3e4e8d6d24835fff20af29f1e593fa4c1b8555a58323124 da30ef751b60399191d7233893204c78c02c9488ea8ca131f06ab28c737a8027
CLIENT_TRAFFIC_SECRET_0 47e805a0c2cd9b26e3e4e8d6d24835fff20af29f1e593fa4c1b8555a58323124 320a1ba63b5393230e2223f9dd3ab437393de5aa099255064132540e76204b1e
SERVER_TRAFFIC_SECRET_0 47e805a0c2cd9b26e3e4e8d6d24835fff20af29f1e593fa4c1b8555a58323124 121dc0bdd6271fef0f2e581f7f7aeb7761801df6452a844d96442b87cba78f4a
EXPORTER_SECRET 47e805a0c2cd9b26e3e4e8d6d24835fff20af29f1e593fa4c1b8555a58323124 e41db527f9355b7fa8c4eadc38ea13529a19feecea7ac85920ef6010d009c7b9
CLIENT_HANDSHAKE_TRAFFIC_SECRET 0453a6b3b5dac51a2ea1d6049205aae9e1109462ce7795802db4d6f71add1c13 891589e235868f08190f5df81f223bf5fce75dadfde8100900a74ec8f44351ae
SERVER_HANDSHAKE_TRAFFIC_SECRET 0453a6b3b5dac51a2ea1d6049205aae9e1109462ce7795802db4d6f71add1c13 ba79cb76b0e4580510bbaab87fb03e711c05b740ac7d8a9b1e97c8fa0d2531d2
CLIENT_TRAFFIC_SECRET_0 0453a6b3b5dac51a2ea1d6049205aae9e1109462ce7795802db4d6f71add1c13 508c0744a30f37ceaccf9a04a1688d97c21a49fb4c00503e1522448d87cd592b
SERVER_TRAFFIC_SECRET_0 0453a6b3b5dac51a2ea1d6049205aae9e1109462ce7795802db4d6f71add1c13 be4f6274d407ff334b18d94e952c0dcfd15c83affa1074e2413113f59aff57f8
EXPORTER_SECRET 0453a6b3b5dac51a2ea1d6049205aae9e1109462ce7795802db4d6f71add1c13 8867c4a0ca04db218d3a0e496ffdc7e965d9b720ffe171b96ff2cf04b91c2d98
CLIENT_EARLY_TRAFFIC_SECRET a457b06601ba3f68aada48755e3a15002df35408490edc974a7bcb8c3f84230e ce92177717f380b76a3755d71d8c7d6419d17e0afe75e299b806278e9018b0ed
CLIENT_HANDSHAKE_TRAFFIC_SECRET a457b06601ba3f68aada48755e3a15002df35408490edc974a7bcb8c3f84230e 9d3f7db1c1b55ce95c6d5674a842c8f9eda25ea7a4b18f7c69f71dc93ace988a
SERVER_HANDSHAKE_TRAFFIC_SECRET a457b06601ba3f68aada48755e3a15002df35408490edc974a7bcb8c3f84230e fc57a63b04fda23133639c85e05576bf89010d18606d6c6f31c5d6b72027c6f5
CLIENT_TRAFFIC_SECRET_0 a457b06601ba3f68aada48755e3a15002df35408490edc974a7bcb8c3f84230e 7d701535be29e153e5e48166a0d784e6ca214fd70023bb51c46a5652f0683b12
SERVER_TRAFFIC_SECRET_0 a457b06601ba3f68aada48755e3a15002df35408490edc974a7bcb8c3f84230e 795ecff3dec875a891b4db620e0d88a7fa36d711afe1f6bc428092584e551931
EXPORTER_SECRET a457b06601ba3f68aada48755e3a15002df35408490edc974a7bcb8c3f84230e c37bef162f5b892c1b6afb55db7b6d4a89073fc38dc69989087c2d7fe144700e
CLIENT_EARLY_TRAFFIC_SECRET 54543c54d792a9a35e6efcc45a7b05cde434a611b3dd2db8a9fb9c3b0d1e17e9 58cbd4cc2fffd381569b9d128b760ab1897e28bcab8634c9d60daedab7f7bd64
CLIENT_HANDSHAKE_TRAFFIC_SECRET 54543c54d792a9a35e6efcc45a7b05cde434a611b3dd2db8a9fb9c3b0d1e17e9 cb1ec95a5cca8b749691c60b181cdb2e715ffb336329b05849c786702b0f16ec
SERVER_HANDSHAKE_TRAFFIC_SECRET 54543c54d792a9a35e6efcc45a7b05cde434a611b3dd2db8a9fb9c3b0d1e17e9 5f30506a9ae688668ddf37aa55d6e8fc3a7821a9b7d8094a5b5f25489458e059
CLIENT_TRAFFIC_SECRET_0 54543c54d792a9a35e6efcc45a7b05cde434a611b3dd2db8a9fb9c3b0d1e17e9 871dc477b45438dfcc8b495238b13a2dedf94ddb00599a83af942b14eef177b2
SERVER_TRAFFIC_SECRET_0 54543c54d792a9a35e6efcc45a7b05cde434a611b3dd2db8a9fb9c3b0d1e17e9 1d8dc2b21edfbcc781809cb23357087e8d9a3027d298d05d25862e28ab467379
EXPORTER_SECRET 54543c54d792a9a35e6efcc45a7b05cde434a611b3dd2db8a9fb9c3b0d1e17e9 7bbdcb3c8d489a715dab014513e4ca96cfc62fcd86cc0b391c62318a65a923a7
CLIENT_HANDSHAKE_TRAFFIC_SECRET eac931c08373a56033d81786d7afd96aae5bfde4d142772195f3783f81f1cdbe f3cbcb562a343f7fa6598f937f0c0b005417e2692bbb579c5d5a1cdadb41665d
SERVER_HANDSHAKE_TRAFFIC_SECRET eac931c08373a56033d81786d7afd96aae5bfde4d142772195f3783f81f1cdbe 48ce41bd6095bdf97ae6a2c2c83ed4a974534722823d08aef806d06175c5112b
CLIENT_TRAFFIC_SECRET_0 eac931c08373a56033d81786d7afd96aae5bfde4d142772195f3783f81f1cdbe 0d3a470a70638ffb0e3eae543b2f6d6629e15fe7e1fc0d3841c28abf2a86248f
SERVER_TRAFFIC_SECRET_0 eac931c08373a56033d81786d7afd96aae5bfde4d142772195f3783f81f1cdbe 5c86b88fa41b286acf13bd6d9055d8044a6fdabc8e714293d003dc2a59ebd681
EXPORTER_SECRET eac931c08373a56033d81786d7afd96aae5bfde4d142772195f3783f81f1cdbe a3bead7f874ff6123536292a6f4b4e2842c2554b231328f0e6183aeafaebbee4
CLIENT_HANDSHAKE_TRAFFIC_SECRET 908f65ef4fd434262b8026136e6a6673eb8df79aa66e5e44ed43c66ace24177e 56f7ed68acfa7b6e501403d5a85d3b9651ad4c2dcb1623a412d64a6b614f4990
SERVER_HANDSHAKE_TRAFFIC_SECRET 908f65ef4fd434262b8026136e6a6673eb8df79aa66e5e44ed43c66ace24177e 8d07836dde4446f34a9f12eaf31d090e735cafdc6c19729f36235e0b57e8a4ae
CLIENT_TRAFFIC_SECRET_0 908f65ef4fd434262b8026136e6a6673eb8df79aa66e5e44ed43c66ace24177e 5bb98af423248686bc59c5623081c43a0fea392aafb3c8e0e53307473a0ba38e
SERVER_TRAFFIC_SECRET_0 908f65ef4fd434262b8026136e6a6673eb8df79aa66e5e44ed43c66ace24177e 07b5fee2ea5fbea9dce9f20bea52bd068b010da20e0559e95e09eca4bbc0a153
EXPORTER_SECRET 908f65ef4fd434262b8026136e6a6673eb8df79aa66e5e44ed43c66ace24177e 10c3f00433a6a7b10b5b0d94c9020d839e111749ee461ad1696611861e7eb869
CLIENT_EARLY_TRAFFIC_SECRET e49a6ee11f54c3ec732a02952d57156c81669f6a945e7b162b7385bf89bc9c9f 430526e9c65d23cb9b550990a6e3c182f2723d54c6fecc09daf67914cb9996ab
CLIENT_HANDSHAKE_TRAFFIC_SECRET e49a6ee11f54c3ec732a02952d57156c81669f6a945e7b162b7385bf89bc9c9f 3199667711b1b43727ca66d9defcbcf37ffd017435b4d63e07534f69dfad200d
SERVER_HANDSHAKE_TRAFFIC_SECRET e49a6ee11f54c3ec732a02952d57156c81669f6a945e7b162b7385bf89bc9c9f 72afdc0d258436efe644c1dcbd08ded82a4e1c9d4431650c934e700597f7689f
CLIENT_TRAFFIC_SECRET_0 e49a6ee11f54c3ec732a02952d57156c81669f6a945e7b162b7385bf89bc9c9f 05705b66185e1e0a9d334404aaba74bfb0559817f9e0e3cb78b305121a59425e
SERVER_TRAFFIC_SECRET_0 e49a6ee11f54c3ec732a02952d57156c81669f6a945e7b162b7385bf89bc9c9f c1e8c0905b39ded62d3445fe9cf914196bb87d1b7504557669e0149d8cff9c4a
EXPORTER_SECRET e49a6ee11f54c3ec732a02952d57156c81669f6a945e7b162b7385bf89bc9c9f 6207b7d4368cc9812c9d8cc6f89e5ecf971b2f78494b65d3ebdf27d9818533f5
CLIENT_EARLY_TRAFFIC_SECRET e660cabf3c70bf4e44c240c444b62b31b1b95feeb71b931f550faaa786231f07 b287eae7d62e800458d76d265fe86c85e56136d4bb736f7b022d790ae3254827
CLIENT_HANDSHAKE_TRAFFIC_SECRET e660cabf3c70bf4e44c240c444b62b31b1b95feeb71b931f550faaa786231f07 421e1140607db971826006827a93dbcf648e293e3336f7248f1ee0510cec6b93
SERVER_HANDSHAKE_TRAFFIC_SECRET e660cabf3c70bf4e44c240c444b62b31b1b95feeb71b931f550faaa786231f07 2439834a84d61a1ce148b2e7b4dcae5a84cb2a2395215a6ffe71402d604b81cf
CLIENT_TRAFFIC_SECRET_0 e660cabf3c70bf4e44c240c444b62b31b1b95feeb71b931f550faaa786231f07 357700ca4e90f6e0600890a1dcf5dfed04395968600b110976a0ee42f1ab44d6
SERVER_TRAFFIC_SECRET_0 e660cabf3c70bf4e44c240c444b62b31b1b95feeb71b931f550faaa786231f07 6a9975621ab77de83893c28bcd6ae14138a3def42df4614e9ff72e720dd97ec2
EXPORTER_SECRET e660cabf3c70bf4e44c240c444b62b31b1b95feeb71b931f550faaa786231f07 fc5d444b39c30c369b9134017733fb95e1212cec6d4e93877ff3cea2b95691d8
CLIENT_HANDSHAKE_TRAFFIC_SECRET cfd57ffeff37d6e3e5759cfc3337f3de0e18eb94a771a00b3f99b865953a149f b883c9de24dfdc496bb4511de7d09b01dc721cc2f441a6a33242ca4ba1dc66af
SERVER_HANDSHAKE_TRAFFIC_SECRET cfd57ffeff37d6e3e5759cfc3337f3de0e18eb94a771a00b3f99b865953a149f 527dea0dc49e3ee93b717abe32f474367a38e5e89dc02d0cd4e60bd7fc02724e
CLIENT_TRAFFIC_SECRET_0 cfd57ffeff37d6e3e5759cfc3337f3de0e18eb94a771a00b3f99b865953a149f 348a0208e6280024124da7c922b056be6747a30dcfb7f252737cf08295e5c717
SERVER_TRAFFIC_SECRET_0 cfd57ffeff37d6e3e5759cfc3337f3de0e18eb94a771a00b3f99b865953a149f fa735b05d3834647a51c1c2ae97499826cc4f34f0ababb85a8b3f8a69299e6d1
EXPORTER_SECRET cfd57ffeff37d6e3e5759cfc3337f3de0e18eb94a771a00b3f99b865953a149f ee86943c79e27fdbdf847106ed255602d610ede421ab9637afa88e993bd71dff
CLIENT_EARLY_TRAFFIC_SECRET 4f318aba8e4f4f713dc02700ad76aba5fa2f5ed7fa3d7b1a18effdcbbd24f6c1 791db53f99ada7139458273d1ab621b751a69b34046dd7987c2580f73994c912
CLIENT_HANDSHAKE_TRAFFIC_SECRET 4f318aba8e4f4f713dc02700ad76aba5fa2f5ed7fa3d7b1a18effdcbbd24f6c1 0f9f6277b1413c524f899594ec9ee01c9817874ebbb08357dc1d19ae22aad9cd
SERVER_HANDSHAKE_TRAFFIC_SECRET 4f318aba8e4f4f713dc02700ad76aba5fa2f5ed7fa3d7b1a18effdcbbd24f6c1 685adb35c8ec2792939eaa0214594910ca2e7ec24b61838d688e47b2ed70b4be
CLIENT_TRAFFIC_SECRET_0 4f318aba8e4f4f713dc02700ad76aba5fa2f5ed7fa3d7b1a18effdcbbd24f6c1 b0d6f07c5f0bdccf69a0631145a0b18ebf0845b164d44e6eac23b487c616460d
SERVER_TRAFFIC_SECRET_0 4f318aba8e4f4f713dc02700ad76aba5fa2f5ed7fa3d7b1a18effdcbbd24f6c1 989ddb6b1e38940819aaa80f541e8451477518934d794029f65b7d226453afa2
EXPORTER_SECRET 4f318aba8e4f4f713dc02700ad76aba5fa2f5ed7fa3d7b1a18effdcbbd24f6c1 00441462d7ecbc86f1288564745f7af52cd1c15121944655c61085d442dedc87
CLIENT_HANDSHAKE_TRAFFIC_SECRET dce75c343bd2800825e7af952e0bf1407fbbec55ed22134adf4401c8d4018003 90e18137ea88ab66b99f4c0014d171d9e59ee050ab8d0087704eb8919bfc141d0ea4d93d3d335070306b5e6ce4fb72c7
SERVER_HANDSHAKE_TRAFFIC_SECRET dce75c343bd2800825e7af952e0bf1407fbbec55ed22134adf4401c8d4018003 be289677b7a13bf6efb4c37b226c9b535a98e53a675897021529cc87cf0a84dff2f5e79f20eb3033d7b2a361d58e44e7
CLIENT_TRAFFIC_SECRET_0 dce75c343bd2800825e7af952e0bf1407fbbec55ed22134adf4401c8d4018003 149554224a081493c2d7109cafa3dd0411dd9a0d7f7adfa7180cde09a2a671d73eb76046db4905b24d415efc3b8a77a4
SERVER_TRAFFIC_SECRET_0 dce75c343bd2800825e7af952e0bf1407fbbec55ed22134adf4401c8d4018003 f6534c8997aeff4d05acb3d39b54f0142db19af539fe653111ca7c65b3b5cd3525cdd48554598f9f15bdb23ed74be1bb
EXPORTER_SECRET dce75c343bd2800825e7af952e0bf1407fbbec55ed22134adf4401c8d4018003 f5dfece57b6e2339fdb0cbc42a14f293b0cfb870b31dc053f6705fde0a248ed94c31a86186fd0f4e959de3d00bc10153
CLIENT_EARLY_TRAFFIC_SECRET 3fbeb924be859b94b1fbc0fa14da2a4bebe608328a23a02c069cffa0ea317d17 8ebe982dcb5adeb39c55a275bb921b9d1cf78fb8773efd2681654f99d44fcc81
CLIENT_HANDSHAKE_TRAFFIC_SECRET 3fbeb924be859b94b1fbc0fa14da2a4bebe608328a23a02c069cffa0ea317d17 79600faac11167a02c4b2258440049705629ca28b93a9a99c0c3ebe28e9cbcee
SERVER_HANDSHAKE_TRAFFIC_SECRET 3fbeb924be859b94b1fbc0fa14da2a4bebe608328a23a02c069cffa0ea317d17 0da915dd341fbdca7761ee91c22ebcfde43546010d3d7e2313363a765cef7361
CLIENT_TRAFFIC_SECRET_0 3fbeb924be859b94b1fbc0fa14da2a4bebe608328a23a02c069cffa0ea317d17 7edd9a742a531d60071776c77fa39705587ac91e82e0fb74054730d915fe80f9
SERVER_TRAFFIC_SECRET_0 3fbeb924be859b94b1fbc0fa14da2a4bebe608328a23a02c069cffa0ea317d17 3d072da2c71c4819cc4605e8714a7b693b7ac420ac3b276279b0efee7195e911
EXPORTER_SECRET 3fbeb924be859b94b1fbc0fa14da2a4bebe608328a23a02c069cffa0ea317d17 930bb6f8b2908d7f1912153e90fd2bddecfce906671d2a6c306db145f13e36fa
CLIENT_EARLY_TRAFFIC_SECRET 99763d487c9b70edc0bce1bf9d9157e2750ea6ef99c7ed4d9233be87615f5f24 8bce6ff7014520e68c69b960c720e626bbe2d000fdf3d4f16203c30e37cccf97
CLIENT_EARLY_TRAFFIC_SECRET dbeef8ae222ce723981bdaa97e04be620f315aa2a41ddfc0a5bdfd8913bb3b90 d56fff2d3e06dbe7e030aebe3ea1d5135af71f38cdaf9690d518b756c15ff2f0
CLIENT_HANDSHAKE_TRAFFIC_SECRET 99763d487c9b70edc0bce1bf9d9157e2750ea6ef99c7ed4d9233be87615f5f24 ee664fb7b686f19d05402a8a5b3b2b711b774d566f8b70fa318a6d3f2cb6c310
SERVER_HANDSHAKE_TRAFFIC_SECRET 99763d487c9b70edc0bce1bf9d9157e2750ea6ef99c7ed4d9233be87615f5f24 8e5a77914b192ff1d71eb2aacd8309375312a5e52ba9f040f0f82238a650103d
CLIENT_TRAFFIC_SECRET_0 99763d487c9b70edc0bce1bf9d9157e2750ea6ef99c7ed4d9233be87615f5f24 0bffdc3b89a62b6b9bdedf5a37ebc913e555afe63e0b157dfd122ec1624afeeb
SERVER_TRAFFIC_SECRET_0 99763d487c9b70edc0bce1bf9d9157e2750ea6ef99c7ed4d9233be87615f5f24 155eb63ac2b9a7693863e822568f6152e4442bbae296010db1762f4aa5f6b63e
EXPORTER_SECRET 99763d487c9b70edc0bce1bf9d9157e2750ea6ef99c7ed4d9233be87615f5f24 d5c8500e311d6f0de4f98a07e0461f75c5884c6ba153d9497daf42e100951a52
CLIENT_HANDSHAKE_TRAFFIC_SECRET dbeef8ae222ce723981bdaa97e04be620f315aa2a41ddfc0a5bdfd8913bb3b90 29d9c7e0c2b5ab27ab12e565f7f117c6b78300801751ef0716e6c5bdbd8d11c4
SERVER_HANDSHAKE_TRAFFIC_SECRET dbeef8ae222ce723981bdaa97e04be620f315aa2a41ddfc0a5bdfd8913bb3b90 cd04d7f5ac332d8942a60623173b51bb51c05ed368bce16008b63577de0bc4c2
CLIENT_TRAFFIC_SECRET_0 dbeef8ae222ce723981bdaa97e04be620f315aa2a41ddfc0a5bdfd8913bb3b90 8310cc8cb9383638813edc26afa10810bd3f394d956dec0c42f8b8ff7e283eb3
SERVER_TRAFFIC_SECRET_0 dbeef8ae222ce723981bdaa97e04be620f315aa2a41ddfc0a5bdfd8913bb3b90 66fc12e63c061167c5c18555c0e49417ac11c6854c20f539c092e38342fa6780
EXPORTER_SECRET dbeef8ae222ce723981bdaa97e04be620f315aa2a41ddfc0a5bdfd8913bb3b90 ecd8f82a9c5ef87cc55ae7b539327df4c8eea5c8b34b4b1391c5b696c60d92e8
CLIENT_HANDSHAKE_TRAFFIC_SECRET c08aa57e18f8deb931bfc3f3b1bfa9665bf5a588186bd1f6167dc2773afa1608 39975818094c0c8967df7c6df61c49749645fc2b5a8bb17ec51d12f13aae5c77
SERVER_HANDSHAKE_TRAFFIC_SECRET c08aa57e18f8deb931bfc3f3b1bfa9665bf5a588186bd1f6167dc2773afa1608 628216ef7fab2863a13f5b56a34179b130ec3ae011c7ca4c7049dc736c78c76c
CLIENT_TRAFFIC_SECRET_0 c08aa57e18f8deb931bfc3f3b1bfa9665bf5a588186bd1f6167dc2773afa1608 b412d4eb675b3e62f2d9d1d4e5304cae93471f98bf8db9d77776acf7901738f4
SERVER_TRAFFIC_SECRET_0 c08aa57e18f8deb931bfc3f3b1bfa9665bf5a588186bd1f6167dc2773afa1608 187acaafca525e085351148016da6a49b35e591def2af3f8a79055315ada6817
EXPORTER_SECRET c08aa57e18f8deb931bfc3f3b1bfa9665bf5a588186bd1f6167dc2773afa1608 d9772c275f67f82117bd1bcd463a227b460a4375399923a94f8755cc4d7167c3
CLIENT_HANDSHAKE_TRAFFIC_SECRET edf969e0314713a28ba7e1ef632b45bbacb3b3dff6d0133361cdfcebf0cf69cb 45e33ea3110c66e482670bd29ad0a55065fd0c433bbb36038cdec720b870cf22
SERVER_HANDSHAKE_TRAFFIC_SECRET edf969e0314713a28ba7e1ef632b45bbacb3b3dff6d0133361cdfcebf0cf69cb c1d30bb1726e15fe5a1b9a6bdbe00e2270530a03d20d0f8799b1190020f8fa7b
CLIENT_TRAFFIC_SECRET_0 edf969e0314713a28ba7e1ef632b45bbacb3b3dff6d0133361cdfcebf0cf69cb ba62057939f950d7871d82e53b09942bdfbe6dffa8abdc2cb401c5b68d317fa7
SERVER_TRAFFIC_SECRET_0 edf969e0314713a28ba7e1ef632b45bbacb3b3dff6d0133361cdfcebf0cf69cb 244ab96c43d4fea8283521cb1415308d05be97c6f8653e452badd745a5d57108
EXPORTER_SECRET edf969e0314713a28ba7e1ef632b45bbacb3b3dff6d0133361cdfcebf0cf69cb df5208b45425b42cb1dd414c9905b668cc1f5e8cb6ac7399ee331a82459dfd55
CLIENT_RANDOM 9b54771e6e1f3de1d3b6c33ec0dca90a3286b78a892fe52c3263333506023c38 bb61ee2bc8a58f3c94979e9540cf7d82e6fc21dd66d54db7a04900ac751ca3c2175a3ec165f1d4db9b715eab1b1b239d
CLIENT_EARLY_TRAFFIC_SECRET 2bbefec550732ab9a5e88220e1e24f28c117953b6361a1b6f735113f7d494bd3 d50a6c3eacb2f914c131538f1ea044b36c327382b66b047a50e1b0b581e20587
CLIENT_HANDSHAKE_TRAFFIC_SECRET 2bbefec550732ab9a5e88220e1e24f28c117953b6361a1b6f735113f7d494bd3 d7deb7f354b65c23f1fb6b887add0c2952a1b9b09c0c7e296215b7b035d53387
SERVER_HANDSHAKE_TRAFFIC_SECRET 2bbefec550732ab9a5e88220e1e24f28c117953b6361a1b6f735113f7d494bd3 3e3b04510182c9df9f8e82b27c692ebb0e46154e9599709a9861c99ed392cff4
CLIENT_TRAFFIC_SECRET_0 2bbefec550732ab9a5e88220e1e24f28c117953b6361a1b6f735113f7d494bd3 bcb0f7b774ae12c886fc1d9883cae07f5b200ac4586f3cc8d890abb794f3c5d5
SERVER_TRAFFIC_SECRET_0 2bbefec550732ab9a5e88220e1e24f28c117953b6361a1b6f735113f7d494bd3 70bc64725f5a414c3706a5b9dfa89d15b7ae3bc0fc85f287831a9a0be0796f99
EXPORTER_SECRET 2bbefec550732ab9a5e88220e1e24f28c117953b6361a1b6f735113f7d494bd3 2c33236fb572ae6de43be14fdad33ca2d84cfa742cf2c43cef21e897a8b60e3c
CLIENT_EARLY_TRAFFIC_SECRET e14cc07e8df64e265633b212c3df38dcb3115012bc366a42d709297d6cf13666 f360f7ea4e3a742622ffd28f0a689e620bc191f5a096ec02c3e2f3a29fd57af0
CLIENT_HANDSHAKE_TRAFFIC_SECRET e14cc07e8df64e265633b212c3df38dcb3115012bc366a42d709297d6cf13666 9351edecbf94b376fd635970d0f4ff30327893b142e5699aad8438c110a99ccb
SERVER_HANDSHAKE_TRAFFIC_SECRET e14cc07e8df64e265633b212c3df38dcb3115012bc366a42d709297d6cf13666 2adf19c74e5481226825e291888392bf2393b1c87c0db9e4207d6b3b70c6acbf
CLIENT_TRAFFIC_SECRET_0 e14cc07e8df64e265633b212c3df38dcb3115012bc366a42d709297d6cf13666 07ef437197e92bf17f81cf3edcad27127e7697f881dccad3a73f23cbb4681097
SERVER_TRAFFIC_SECRET_0 e14cc07e8df64e265633b212c3df38dcb3115012bc366a42d709297d6cf13666 215b3f1552f8055433bcc56d2c14ed8ecfe5883411e5cedc19700a9658963de7
EXPORTER_SECRET e14cc07e8df64e265633b212c3df38dcb3115012bc366a42d709297d6cf13666 0dc458cc18debac3eba95459fd2d3dd944e413059862214215039b1232663830
CLIENT_HANDSHAKE_TRAFFIC_SECRET d1a70699df65ab1a72d4c1820b61b4c53c4e464d09bced61aa6d8cfbec282272 c9be374a6c8a073cffff4d1ddb00cc81aa43fedc03ff8219fc0a4d656ea57ea7
SERVER_HANDSHAKE_TRAFFIC_SECRET d1a70699df65ab1a72d4c1820b61b4c53c4e464d09bced61aa6d8cfbec282272 cef66e355306c3473ecfa72a71712e3c46e3b5bd9b3a3ec479f5a2b2ede598d2
CLIENT_TRAFFIC_SECRET_0 d1a70699df65ab1a72d4c1820b61b4c53c4e464d09bced61aa6d8cfbec282272 e3d8944f5344b27a2f4db13deaac70629ef92ad0ea6907e70b387fb92bfcd02b
SERVER_TRAFFIC_SECRET_0 d1a70699df65ab1a72d4c1820b61b4c53c4e464d09bced61aa6d8cfbec282272 8db6168734cc6f0c99a67bead14966a7df2198aef109aa8a6d27a92c8fa242d5
EXPORTER_SECRET d1a70699df65ab1a72d4c1820b61b4c53c4e464d09bced61aa6d8cfbec282272 4c27e2234c86f3904dcf03263def927f1ebf1bccc02a1373dabe971ad120b273
CLIENT_HANDSHAKE_TRAFFIC_SECRET b95d593e99f9f8650d62a4f27a39af8050a1a8e7d1a37ec198e9e495026c8bb5 dac13b2cceaf319403dd92af5be688b0eb62f9b8de5d0b2112d9541bfdbce6e5
SERVER_HANDSHAKE_TRAFFIC_SECRET b95d593e99f9f8650d62a4f27a39af8050a1a8e7d1a37ec198e9e495026c8bb5 a0925ca413c04d36f31f54fb3e220bc1e8b9750d30614ed53cceaa1c0b736a80
CLIENT_TRAFFIC_SECRET_0 b95d593e99f9f8650d62a4f27a39af8050a1a8e7d1a37ec198e9e495026c8bb5 f13dfb57429f7e1f17f90f16adb1bb76154d0d2d5842da899611abe57f763347
SERVER_TRAFFIC_SECRET_0 b95d593e99f9f8650d62a4f27a39af8050a1a8e7d1a37ec198e9e495026c8bb5 1aa6045e562e1763e2a90dd48d905cb33c30170e5f30771f075f0c2f9bf2a8a7
EXPORTER_SECRET b95d593e99f9f8650d62a4f27a39af8050a1a8e7d1a37ec198e9e495026c8bb5 d553690a04d5b01db79dd5b7fd53eba42b54b54be29a2bb5003ee97d3fbcf907
CLIENT_HANDSHAKE_TRAFFIC_SECRET 4a94e7f6a0ea2c48e0062b26698493bb6ac67b0456f6faa72d7bbd87765c0366 2f59801db3cca1d83a367bca4b9e9f31f1d346ec418b4e634e82c53184a23c9d
SERVER_HANDSHAKE_TRAFFIC_SECRET 4a94e7f6a0ea2c48e0062b26698493bb6ac67b0456f6faa72d7bbd87765c0366 773d2a58aff64cd0f3f31c05de349755b0b32d1218817f8acad1a00ee143bfe1
CLIENT_TRAFFIC_SECRET_0 4a94e7f6a0ea2c48e0062b26698493bb6ac67b0456f6faa72d7bbd87765c0366 238aa7195b1705a8cf76aee1130cc9f918b86d3294b6c11dfeae7799563b30c3
SERVER_TRAFFIC_SECRET_0 4a94e7f6a0ea2c48e0062b26698493bb6ac67b0456f6faa72d7bbd87765c0366 ef68b1e526990fa1a2b69c64e9b6d2d32dd899af402366d4aa6ef8e69893fbc2
EXPORTER_SECRET 4a94e7f6a0ea2c48e0062b26698493bb6ac67b0456f6faa72d7bbd87765c0366 3c0fbbb54798636be2beb604fa21ed80e9e0048f9e59b1cbc4c825b34996cb6f
CLIENT_EARLY_TRAFFIC_SECRET be224f9aa5b094137fc28b43d122d9eeceea074cc390b48e63d7f952596cb257 4cf1e80dd7e0dc090a8c281392766caf0e2347eb44088c4a16522e817a4ee3ce
CLIENT_EARLY_TRAFFIC_SECRET 706f15387749c02c5654ce399906477985e7121595c44e4a370781fe2b80b90b 2f9a2ce55254d0e54d62572ddc6a591948ef86a32fc186ad53c915cd3e2cbbf2
CLIENT_HANDSHAKE_TRAFFIC_SECRET 706f15387749c02c5654ce399906477985e7121595c44e4a370781fe2b80b90b 041e6c316f15ccbaaec754855fba745ae52d84981d36b31cd616265d569c5ad3
SERVER_HANDSHAKE_TRAFFIC_SECRET 706f15387749c02c5654ce399906477985e7121595c44e4a370781fe2b80b90b 929767089d67136ba89a6e62617735bd2c8e3207250730a1ac17bc99c9e04355
CLIENT_TRAFFIC_SECRET_0 706f15387749c02c5654ce399906477985e7121595c44e4a370781fe2b80b90b 92e25383abe185ab998ba7e87decd1b3d1b45d7986373bd8c2758deab6e08adf
SERVER_TRAFFIC_SECRET_0 706f15387749c02c5654ce399906477985e7121595c44e4a370781fe2b80b90b d8f3612aeea16b8ff112c103167c0f83e6bb65241874b5fb0d827982036d789c
EXPORTER_SECRET 706f15387749c02c5654ce399906477985e7121595c44e4a370781fe2b80b90b 8425f96ab317215c6586bba5c98ae7fa5f26c7d63e0344b196375f719c5f3c02
CLIENT_HANDSHAKE_TRAFFIC_SECRET be224f9aa5b094137fc28b43d122d9eeceea074cc390b48e63d7f952596cb257 b8d05127cb22c5ddf96c918f4d1dd7196fca8210765890aff4284bc1d512b1fc
SERVER_HANDSHAKE_TRAFFIC_SECRET be224f9aa5b094137fc28b43d122d9eeceea074cc390b48e63d7f952596cb257 9a122f40b6a4e9202d5d370391fc5f35b3f52ee91f0deb3a308c2c220024109d
CLIENT_TRAFFIC_SECRET_0 be224f9aa5b094137fc28b43d122d9eeceea074cc390b48e63d7f952596cb257 0ae745bcaa377d7949334634ef5a1a2e36e2ea75e633805dd230bd9fc8b7dd6a
SERVER_TRAFFIC_SECRET_0 be224f9aa5b094137fc28b43d122d9eeceea074cc390b48e63d7f952596cb257 af7ea355628685c1d3aefac38673817831ef65f1c673c89f4612d80e85349e9f
EXPORTER_SECRET be224f9aa5b094137fc28b43d122d9eeceea074cc390b48e63d7f952596cb257 3cac330972c86ab055d5b2133a40a73bc2462e13e9987bd13dc3c5c4d8531c1b
CLIENT_EARLY_TRAFFIC_SECRET 7723b489663dd2d513ace210029ea42430008d32a8968a76f116ee3359c5484a 3b0e2ec7b08c81b9342d221027e6f1f276e0e1b3c5261e36d65ed31038f17e9d15e3ef9e2f2d8f281f2dc3627038cd7e
CLIENT_EARLY_TRAFFIC_SECRET 3c7b225f4b7a5838884b02811cf22431db7cbbcb9703b81115bef2fe3c778780 d01c1ea68c53465111285286483ddacd5e16e600b99d9c686efc8a9adef15033
CLIENT_HANDSHAKE_TRAFFIC_SECRET 3c7b225f4b7a5838884b02811cf22431db7cbbcb9703b81115bef2fe3c778780 3a10e217808b7d7c5946d01567ad3ea589754bc2dd78f524091eed3ee83c8d25
SERVER_HANDSHAKE_TRAFFIC_SECRET 3c7b225f4b7a5838884b02811cf22431db7cbbcb9703b81115bef2fe3c778780 c55d7755d450fb6161950b2d9ca73674546203aa38119eeb795c1141e28c0940
CLIENT_TRAFFIC_SECRET_0 3c7b225f4b7a5838884b02811cf22431db7cbbcb9703b81115bef2fe3c778780 edadee2cf307e902c6ad6dae1c82997f5b4925673bd5b23172f10b4bb610c59a
SERVER_TRAFFIC_SECRET_0 3c7b225f4b7a5838884b02811cf22431db7cbbcb9703b81115bef2fe3c778780 b24790a81de1f11f8479f55a967402e4b4250cb12c1c80ccfeb684ab992d0276
EXPORTER_SECRET 3c7b225f4b7a5838884b02811cf22431db7cbbcb9703b81115bef2fe3c778780 dde11bc3ad351b830e1fd288224a2b82e796bbc7fde0e2299afa7c821a8b060e
CLIENT_HANDSHAKE_TRAFFIC_SECRET 7723b489663dd2d513ace210029ea42430008d32a8968a76f116ee3359c5484a 09bf33106029d3c410f1f7f0139c3dee2bb7d37e4f5fe31075d2f0072a647e4c26e4c763707d4410875222eda6958e67
SERVER_HANDSHAKE_TRAFFIC_SECRET 7723b489663dd2d513ace210029ea42430008d32a8968a76f116ee3359c5484a 4882c3f6fcd2acfb1ec45ae3a80d3f73739ee74fc6440b3b05ef6e38efb6e8080cbc6b214bb33af4971b896b6b4874ff
CLIENT_TRAFFIC_SECRET_0 7723b489663dd2d513ace210029ea42430008d32a8968a76f116ee3359c5484a 220c8b3cf12f8eddc914baee2f7e2406435c3342739ad57337da5d138f7c0772f27acc874571d5024b4af9bc01def546
SERVER_TRAFFIC_SECRET_0 7723b489663dd2d513ace210029ea42430008d32a8968a76f116ee3359c5484a 00c38b039a1e65b2636380a07c48b840b3d7903edff4a17ab05f9ce18dbe02b9a9a566dcc4cc6979b9661038945e5523
EXPORTER_SECRET 7723b489663dd2d513ace210029ea42430008d32a8968a76f116ee3359c5484a 184cda843701deb52b103a8326b00cdd289d405655b8d2f9301070c93c41a77e06d98a1a25ad29860caa1f0173611365
CLIENT_HANDSHAKE_TRAFFIC_SECRET fa4737c05fec134819c24eb44fe5d7b289deb9fc6a1edacde4f045b176a7ed40 7ea0dd6da94654fab0abbfbdffba848cf5bd26d5b4496cae48a2772df3f01d5b
SERVER_HANDSHAKE_TRAFFIC_SECRET fa4737c05fec134819c24eb44fe5d7b289deb9fc6a1edacde4f045b176a7ed40 4c5a833a6db5ca163ede43dbb712bfe9560dbf70c4c95c8302c805f0e5efea29
CLIENT_TRAFFIC_SECRET_0 fa4737c05fec134819c24eb44fe5d7b289deb9fc6a1edacde4f045b176a7ed40 eb9688df2f474adf18a3d1811592cde57a2885e6bb34b1c4121d34ec924a1bb2
SERVER_TRAFFIC_SECRET_0 fa4737c05fec134819c24eb44fe5d7b289deb9fc6a1edacde4f045b176a7ed40 6e6bf7479fdf34bb319a1872d4041c8f573361a93ef826b9d92c82e999c0f5a0
EXPORTER_SECRET fa4737c05fec134819c24eb44fe5d7b289deb9fc6a1edacde4f045b176a7ed40 1e4dd02c1c98281ed4c86e0b4110f14bdf9e357543948a425254b998f821d8aa
CLIENT_EARLY_TRAFFIC_SECRET bbf380d47ea2db64d4e802bd8a263e40e294628e35f90619c2f4e64c4405e567 569b20ba3dcc2c9b6cd33f8bacfff15ddfea150a32c1b9f2e38d8de5a64c3d9c
CLIENT_HANDSHAKE_TRAFFIC_SECRET bbf380d47ea2db64d4e802bd8a263e40e294628e35f90619c2f4e64c4405e567 3e9c7138e94af74d5be3c69ff5051c337f0372766af199a6f21dc99000384131
SERVER_HANDSHAKE_TRAFFIC_SECRET bbf380d47ea2db64d4e802bd8a263e40e294628e35f90619c2f4e64c4405e567 4fd2406572bbead0b08933153f1d5d5943c8bcade4043cbd8620df5ba2de82df
CLIENT_TRAFFIC_SECRET_0 bbf380d47ea2db64d4e802bd8a263e40e294628e35f90619c2f4e64c4405e567 5ce640ff03e575e1e4fb72efc038d2abd78e02f1eb21384fdab26450c5ebd5a8
SERVER_TRAFFIC_SECRET_0 bbf380d47ea2db64d4e802bd8a263e40e294628e35f90619c2f4e64c4405e567 33b04581ce4195fc653ec5e33351267baa778527541df7b33eae630781c11e0b
EXPORTER_SECRET bbf380d47ea2db64d4e802bd8a263e40e294628e35f90619c2f4e64c4405e567 6a028b762bb66dffdbf6b14c1de87224ffd8a298857addd82ed1660b8e5641d8
CLIENT_EARLY_TRAFFIC_SECRET ade60a0d15d8ddc324f839c5f9b5bd3df435e667756310b5db827e9af8e9eb99 e4814eebaa9ec88ac6d7f97195c268701fd5f94222fa76508576bf8da3d1d408
CLIENT_HANDSHAKE_TRAFFIC_SECRET ade60a0d15d8ddc324f839c5f9b5bd3df435e667756310b5db827e9af8e9eb99 1ac1c53028b6758ae8ae6a7fd6777b63b59322ee6fbf6beb7587e66a10645366
SERVER_HANDSHAKE_TRAFFIC_SECRET ade60a0d15d8ddc324f839c5f9b5bd3df435e667756310b5db827e9af8e9eb99 e721577c459a7158f64cfb76550cba6fd4cf2e65dce35e14a0965d387c78b927
CLIENT_TRAFFIC_SECRET_0 ade60a0d15d8ddc324f839c5f9b5bd3df435e667756310b5db827e9af8e9eb99 fc358a23ce103ab94bf0169228dd61aa171be99d95a0b6e8a3ec6bc600a9089a
SERVER_TRAFFIC_SECRET_0 ade60a0d15d8ddc324f839c5f9b5bd3df435e667756310b5db827e9af8e9eb99 c56c398f72eace0e9f302000e2fc27ca6231b55559f9d9d6244a1ec67e5e2e9a
EXPORTER_SECRET ade60a0d15d8ddc324f839c5f9b5bd3df435e667756310b5db827e9af8e9eb99 5c38d6f0e9ac3cd3c56b28482b51b5e9c1c3f060d0e8a752568e9770b3563d3c
CLIENT_EARLY_TRAFFIC_SECRET 7df548faac4b2ef1d298ea747e39156cbc75608c52e386b571aba85e009c891c 6420cbb02c7aad5a6da192d98552c940741e78b8d47d6994387bb5b59a99e07c
CLIENT_HANDSHAKE_TRAFFIC_SECRET 7df548faac4b2ef1d298ea747e39156cbc75608c52e386b571aba85e009c891c a9dc275bd5bf144081ddb2353197ba2946a6ccac024b9dbd64c404a05bf0b625
SERVER_HANDSHAKE_TRAFFIC_SECRET 7df548faac4b2ef1d298ea747e39156cbc75608c52e386b571aba85e009c891c e7ccc55ee75cddacc654fa20d9be8a9f4dbe57f4e7da0e7ad5c76d31f7b010e2
CLIENT_TRAFFIC_SECRET_0 7df548faac4b2ef1d298ea747e39156cbc75608c52e386b571aba85e009c891c 7b7edf69e3305a0e820b7719477e4e9997a5f4a9bb9ebaf807c5c3a4f07eed08
SERVER_TRAFFIC_SECRET_0 7df548faac4b2ef1d298ea747e39156cbc75608c52e386b571aba85e009c891c 76aecc30533e284855810ae110716d29391a45ee5c2d53cfe43f0b78edea842b
EXPORTER_SECRET 7df548faac4b2ef1d298ea747e39156cbc75608c52e386b571aba85e009c891c 952ef85a98aaa55a4d8a995d4f92ec64293e8806ba85e573b6f36e421c68fd35
CLIENT_EARLY_TRAFFIC_SECRET ad5dc91bbe202086f752cb93d5d4cb676648e40526ca225db29ed52a77024278 38c5d6752b196a8bf428384bf4002bcceba8d1ca1e1f5c5d5afe06973950ea8d
CLIENT_HANDSHAKE_TRAFFIC_SECRET ad5dc91bbe202086f752cb93d5d4cb676648e40526ca225db29ed52a77024278 d38f6c0d32f20e0f33c4137dfc3ab40d3509d60e235a5733dc0eb2658c247103
SERVER_HANDSHAKE_TRAFFIC_SECRET ad5dc91bbe202086f752cb93d5d4cb676648e40526ca225db29ed52a77024278 9df44eda1baf0ba20054cedf82f1a888e263f28ca12af96ea766d450e23855d6
CLIENT_TRAFFIC_SECRET_0 ad5dc91bbe202086f752cb93d5d4cb676648e40526ca225db29ed52a77024278 64b9e0b9d9c4a99f7e24c842f589b1a3e3497a773c563c14961b3cfc5156d2f7
SERVER_TRAFFIC_SECRET_0 ad5dc91bbe202086f752cb93d5d4cb676648e40526ca225db29ed52a77024278 97947e75262e2a14a98479e01f6188c7296e0704191818a3789bca77d05370f6
EXPORTER_SECRET ad5dc91bbe202086f752cb93d5d4cb676648e40526ca225db29ed52a77024278 1d6f0c5f56777fc7166276dd435fb5cfc0219033c86854c2946abb52e658c9f1
CLIENT_EARLY_TRAFFIC_SECRET 6f34a9e294076b0fd729f8894aa03e34b011824ee332ce29c670b682758f84d3 44a4f25d2708216c2977ce9bbfb6481b9fca39565bd215dbdbf4a593021ddea8
CLIENT_HANDSHAKE_TRAFFIC_SECRET 6f34a9e294076b0fd729f8894aa03e34b011824ee332ce29c670b682758f84d3 8a53ffd36aaa6f20e9f48ceb1374ffa39501237ec1a9222ac9fc697a47a0324e
SERVER_HANDSHAKE_TRAFFIC_SECRET 6f34a9e294076b0fd729f8894aa03e34b011824ee332ce29c670b682758f84d3 d4c677e4c04493a1b7bf05fede3f3d84539239d0436fa4291d37305748d15c30
CLIENT_TRAFFIC_SECRET_0 6f34a9e294076b0fd729f8894aa03e34b011824ee332ce29c670b682758f84d3 5d1b4e67dd10cf0afc32b1a6d0a27328af328bf042880c3329435e7bb4cf241c
SERVER_TRAFFIC_SECRET_0 6f34a9e294076b0fd729f8894aa03e34b011824ee332ce29c670b682758f84d3 e3b2019d545d41fff2cf60183a515f206f83b6ee96ea28ff6fd41c120e71fe89
EXPORTER_SECRET 6f34a9e294076b0fd729f8894aa03e34b011824ee332ce29c670b682758f84d3 4a55abc13095cafe582bb04b94798f0384edd8db9cce49febf5046dd7ac62e45
CLIENT_EARLY_TRAFFIC_SECRET a60e69fbe2084300a2a64464294b0657d94bbb767901fc1343b3bf9627268620 0c73a122d7d80ea4af505ea926700241d2f12f814f74b911cecde5f32c5f5859c88e854251efb9443adc4e44b7802f10
CLIENT_HANDSHAKE_TRAFFIC_SECRET a60e69fbe2084300a2a64464294b0657d94bbb767901fc1343b3bf9627268620 6d85c29f6ff35a8249b541fab9c3b88fbf8a05d9cf9a6081310b86a81f1e06b8045b1482dcf7c6d14378a80338813096
SERVER_HANDSHAKE_TRAFFIC_SECRET a60e69fbe2084300a2a64464294b0657d94bbb767901fc1343b3bf9627268620 e18b986ac6c5b3a01bda061785ea17f5b90539257dc7b1e0ea7279609e4f4bd38d770afd7110813d7fb0dd437bea6064
CLIENT_TRAFFIC_SECRET_0 a60e69fbe2084300a2a64464294b0657d94bbb767901fc1343b3bf9627268620 3fdb83f8eaeaad3652043481198d2401b53b6bcfb1ec339f2d3d180f7b830133410c95a2df4e0d62489d378348e9b5bb
SERVER_TRAFFIC_SECRET_0 a60e69fbe2084300a2a64464294b0657d94bbb767901fc1343b3bf9627268620 a0668c3fcc38bdcbdc9eb27b7d098f6a6a060c8097a41c2fab8657d191bce51f2c5c2f0df6cd5f25acf0ce8fcd463fba
EXPORTER_SECRET a60e69fbe2084300a2a64464294b0657d94bbb767901fc1343b3bf9627268620 66d1286ede055da180a2416457fadc457bbf4e2e03e6675ec7019db78a7874231bed01f66e982f40583c54ad237f0a99
CLIENT_EARLY_TRAFFIC_SECRET f4c6e6938f27bf12ffb84b73f0b1181b6ef4a6c4e7a144c7602b865718d1b82f ca2546600fe17fc0f3997e7360cf8d3ce4b3ac319f2897863def3b716763ee06
CLIENT_HANDSHAKE_TRAFFIC_SECRET f4c6e6938f27bf12ffb84b73f0b1181b6ef4a6c4e7a144c7602b865718d1b82f fda3d598579dec69a4de6642aa8ed5d9929ac6c03c2a66f3f01ba9e29112de03
SERVER_HANDSHAKE_TRAFFIC_SECRET f4c6e6938f27bf12ffb84b73f0b1181b6ef4a6c4e7a144c7602b865718d1b82f a29b232a8a42be372aec4f83fcef53fcf3de44333b1ae366b7a4e0ee76bc12a0
CLIENT_TRAFFIC_SECRET_0 f4c6e6938f27bf12ffb84b73f0b1181b6ef4a6c4e7a144c7602b865718d1b82f 932178061d1c2cae5b4f4d2142d0489ce70e914b1729f98f21a580349b3eab93
SERVER_TRAFFIC_SECRET_0 f4c6e6938f27bf12ffb84b73f0b1181b6ef4a6c4e7a144c7602b865718d1b82f 04c3782155cb6444e1e7b896d8a2e870fa118f40842235f939146cc6ed7251ec
EXPORTER_SECRET f4c6e6938f27bf12ffb84b73f0b1181b6ef4a6c4e7a144c7602b865718d1b82f 443813e2be6fb0a72de7d367f9343abb6db5969f3e84a3103c94063d75e40ad2
CLIENT_HANDSHAKE_TRAFFIC_SECRET d212b506e634780ed1df315b8f96e65f05cc12b6f8466a649af400b572f9f157 ee2e891fbfd0771ab17bdaf382975f38595aaef734941b32d1c6fb9a02606371
SERVER_HANDSHAKE_TRAFFIC_SECRET d212b506e634780ed1df315b8f96e65f05cc12b6f8466a649af400b572f9f157 6d111e4ec3bd43c9a00e9681094a3c6aeb80405971f6cb9bb2f4d4921d20db0f
CLIENT_TRAFFIC_SECRET_0 d212b506e634780ed1df315b8f96e65f05cc12b6f8466a649af400b572f9f157 d6e80048ff5e3ad2c21e8c3d7a667fc2b15f082d7547547b7252e46039c883dc
SERVER_TRAFFIC_SECRET_0 d212b506e634780ed1df315b8f96e65f05cc12b6f8466a649af400b572f9f157 7b28aea066a780a81c2d72857e05fedb0530299009f5d8fa0bf22a5118748742
EXPORTER_SECRET d212b506e634780ed1df315b8f96e65f05cc12b6f8466a649af400b572f9f157 8169415f717bfafe1aa6a29a4f762bfde706b3be56bc088418ad897a8ef77143
CLIENT_EARLY_TRAFFIC_SECRET de4099bbdef01b50cf835ec045817e44ba60c8748e3d250addb9e9cebe92929f a9353392f50e3879f181d04658d7eb6744d73663473b614a73b4818c66d604be
CLIENT_HANDSHAKE_TRAFFIC_SECRET de4099bbdef01b50cf835ec045817e44ba60c8748e3d250addb9e9cebe92929f e3cfd9a3f7dcf9e61cf2dda1bcfaf5ca3f9dbde1b1e46fb63dec2a26c94ded9f
SERVER_HANDSHAKE_TRAFFIC_SECRET de4099bbdef01b50cf835ec045817e44ba60c8748e3d250addb9e9cebe92929f 4cdc200456b408676e36ce1d2d668a506a5f0f6ea867bc89f1a51bafed3c97cf
CLIENT_TRAFFIC_SECRET_0 de4099bbdef01b50cf835ec045817e44ba60c8748e3d250addb9e9cebe92929f 07b31018c3f0244a170610b57c2f39c19a56823feb778440ec6c9f9e3a99a2a3
SERVER_TRAFFIC_SECRET_0 de4099bbdef01b50cf835ec045817e44ba60c8748e3d250addb9e9cebe92929f 3b37f0d5968ab8933e68edaea84c1f52a754d29ed0e5b4ac11f51d62541af8ef
EXPORTER_SECRET de4099bbdef01b50cf835ec045817e44ba60c8748e3d250addb9e9cebe92929f 76feaa120be12243bd314dac358a3d9c70c2be0b0ee49d735234128fde17f205
CLIENT_EARLY_TRAFFIC_SECRET c5b11c4db1e6b2cb5b0663faaf597dbea1669a9659361c8d3b86370d0cb333d0 7c4b998a938dae2784760b873756376a7cdded438040f08f0b297b1bc849c386
CLIENT_HANDSHAKE_TRAFFIC_SECRET c5b11c4db1e6b2cb5b0663faaf597dbea1669a9659361c8d3b86370d0cb333d0 b8267e175ab22dcfc7c5952032c79aef32cd12ddcbed2478a3844396a0bfd862
SERVER_HANDSHAKE_TRAFFIC_SECRET c5b11c4db1e6b2cb5b0663faaf597dbea1669a9659361c8d3b86370d0cb333d0 225ce7753971736cbb910a621ddc13e2d40950677c28d37029a2de5b93144925
CLIENT_TRAFFIC_SECRET_0 c5b11c4db1e6b2cb5b0663faaf597dbea1669a9659361c8d3b86370d0cb333d0 e3e8e11e214417c2a6c5e71f963843dd5252dd39d4873ee6c8734a7d50ca20f2
SERVER_TRAFFIC_SECRET_0 c5b11c4db1e6b2cb5b0663faaf597dbea1669a9659361c8d3b86370d0cb333d0 f4d03b35c03b01d199d7f6af564d1b00929093edabff3acc6e5343c1f838afb0
EXPORTER_SECRET c5b11c4db1e6b2cb5b0663faaf597dbea1669a9659361c8d3b86370d0cb333d0 9687c67a846e6e864990f2c0aa732c9e498bb5a68ac36cd94ec8e97c8e53a664
CLIENT_EARLY_TRAFFIC_SECRET 70b193ceae2fcdff20762cf872e3cfcfae98e00ddc66c1f1c75ae111352dae3b 22b755b294d4777ec43d2aecd06d235f467467889f5ed6ae5bac0d0df920f6a8
CLIENT_HANDSHAKE_TRAFFIC_SECRET 70b193ceae2fcdff20762cf872e3cfcfae98e00ddc66c1f1c75ae111352dae3b e6eddc27b87e0d55b01cba199adf8c56abe1f1fda9e7f7f86aaabc28aea588cd
SERVER_HANDSHAKE_TRAFFIC_SECRET 70b193ceae2fcdff20762cf872e3cfcfae98e00ddc66c1f1c75ae111352dae3b 8c2c1c3220aed0563c91c68ec1ffad2db64c8049f0b94824984fa524f6680575
CLIENT_TRAFFIC_SECRET_0 70b193ceae2fcdff20762cf872e3cfcfae98e00ddc66c1f1c75ae111352dae3b 4dd283c3f18024cb7e9a78dfdfbdedaf8c9552fef0bdecc9bb0049ac351829d5
SERVER_TRAFFIC_SECRET_0 70b193ceae2fcdff20762cf872e3cfcfae98e00ddc66c1f1c75ae111352dae3b 9503f3c009b8931f6dbde5f28a8b992f410a42a34a8cfff387a4e2f11f577319
EXPORTER_SECRET 70b193ceae2fcdff20762cf872e3cfcfae98e00ddc66c1f1c75ae111352dae3b 78ee3b525b542ae97f73c15b4d083cbd56f6309bb570638828fef1f7af51455f
CLIENT_EARLY_TRAFFIC_SECRET 9c8ccc7ff13e90b0cd7e79348ffffdd5c6250890a15d6aec5d4edb962c5c1155 66beda053963e578c7080e3da861822cfdb49f0d26c7e177458f8d4874dcf803a3479d1432d33a9dc90e7392e4677707
CLIENT_HANDSHAKE_TRAFFIC_SECRET 9c8ccc7ff13e90b0cd7e79348ffffdd5c6250890a15d6aec5d4edb962c5c1155 4d3e6963a096cec4639df49d0fef1dd5f49dea4788bef24d3dc1dd9185b4a2a88f4d3294dc06e4520059fd0dbacba59c
SERVER_HANDSHAKE_TRAFFIC_SECRET 9c8ccc7ff13e90b0cd7e79348ffffdd5c6250890a15d6aec5d4edb962c5c1155 82a0445d8a36f011751e0362128947692d903e65862dce207f85063691f53f5a27bd2a40cc93ce1dc833640727eaf184
CLIENT_TRAFFIC_SECRET_0 9c8ccc7ff13e90b0cd7e79348ffffdd5c6250890a15d6aec5d4edb962c5c1155 889d2f09e397385623b46d64259d2f4bdb33352382cc895c022460c0e0a5f98a7e97d9d9cfa2922f30fc68d1f4ad3518
SERVER_TRAFFIC_SECRET_0 9c8ccc7ff13e90b0cd7e79348ffffdd5c6250890a15d6aec5d4edb962c5c1155 c619d5df811de3e23b1aca4e69a7de5abde461e22711019e9b690570b87d30a84bf7763be59678c7530e521fb02f1ff1
EXPORTER_SECRET 9c8ccc7ff13e90b0cd7e79348ffffdd5c6250890a15d6aec5d4edb962c5c1155 a9b159f56e3c3be9a8d7117dd57d48fba261bb9431980e57970b396e847da8b806b0fe857cd0fe8e7be43037d71cd3f9
CLIENT_EARLY_TRAFFIC_SECRET 0fcb642d21a3051834fd0540bec8085b80548874de3ed38deea158f7c89db7e3 5fa66fc182d28e4c673e1e803d99d3505e61675f74700694dd1efa37ff7e4dc2
CLIENT_HANDSHAKE_TRAFFIC_SECRET 0fcb642d21a3051834fd0540bec8085b80548874de3ed38deea158f7c89db7e3 1ad56ba5145742307f7c23897e0ae6e8c7fd487810811ed59b6a154fbd266a6c
SERVER_HANDSHAKE_TRAFFIC_SECRET 0fcb642d21a3051834fd0540bec8085b80548874de3ed38deea158f7c89db7e3 8cf60e297e018f3a0261d74da92a96d42e3433cf0f8f2b7acf453d3536d6527d
CLIENT_TRAFFIC_SECRET_0 0fcb642d21a3051834fd0540bec8085b80548874de3ed38deea158f7c89db7e3 af221708940054ea54b83a1d6c1c77c850266d62f276dd5b504d72085b03c201
SERVER_TRAFFIC_SECRET_0 0fcb642d21a3051834fd0540bec8085b80548874de3ed38deea158f7c89db7e3 9a8e66494cdf59cb82f27932f1dc08a89593aafe879dececb46b800d9cdac27b
EXPORTER_SECRET 0fcb642d21a3051834fd0540bec8085b80548874de3ed38deea158f7c89db7e3 e98d18b95f9dda81727b83eafa021d5941d9a51364251d5792954ce97bda5c8c
CLIENT_EARLY_TRAFFIC_SECRET a9638ffed6754a1eb08be6742d6d80771c037b44b4c307b3721ecb80d6eeff2a a10cd5c45775ee961c17ca42bd697c07df7510277c296ba46a1b8321012660d5
CLIENT_HANDSHAKE_TRAFFIC_SECRET a9638ffed6754a1eb08be6742d6d80771c037b44b4c307b3721ecb80d6eeff2a e10ff5694b2d5894fef892c68b192c93be6f7775f17c3d9c676cb3329f1ae47d
SERVER_HANDSHAKE_TRAFFIC_SECRET a9638ffed6754a1eb08be6742d6d80771c037b44b4c307b3721ecb80d6eeff2a 9e0706f7b99885518196c5f93a3833f836f6da93889bede55b84d9d5fafa72a1
CLIENT_TRAFFIC_SECRET_0 a9638ffed6754a1eb08be6742d6d80771c037b44b4c307b3721ecb80d6eeff2a 6f7fcb77c991c307544490d04158ee01e73f04e2900cae64385df8d789d54a15
SERVER_TRAFFIC_SECRET_0 a9638ffed6754a1eb08be6742d6d80771c037b44b4c307b3721ecb80d6eeff2a 00276c5712b35f2bc4a7591920b3655b21a10277d1d44db0f696bb7b9d03c8d6
EXPORTER_SECRET a9638ffed6754a1eb08be6742d6d80771c037b44b4c307b3721ecb80d6eeff2a 9b98554ca7c37e281a3e2b36b8c8a14ffea10dbf27d99eea52b6a3d653d3273e
CLIENT_EARLY_TRAFFIC_SECRET 15d58fea782598c70ab577ddab2cf2d3ac11b73dc4dfd3365310ab21f3d3f40e f55e4c5bbab155936077c2c432404a9fd327ada0ebf6694869e257821f0b9471
CLIENT_HANDSHAKE_TRAFFIC_SECRET 15d58fea782598c70ab577ddab2cf2d3ac11b73dc4dfd3365310ab21f3d3f40e d6a14cfff93eeba4edd285904ea39c00a1795ed7c21e996791363ba31872055e
SERVER_HANDSHAKE_TRAFFIC_SECRET 15d58fea782598c70ab577ddab2cf2d3ac11b73dc4dfd3365310ab21f3d3f40e 27100011119d8b0e5ceab20673c245274c4bbfe2fea718bd49efe6d5521b8cc0
CLIENT_TRAFFIC_SECRET_0 15d58fea782598c70ab577ddab2cf2d3ac11b73dc4dfd3365310ab21f3d3f40e 072baa7f63af86106bc125d3ba860c4987e0637f3568c56f2b32778fd6c57208
SERVER_TRAFFIC_SECRET_0 15d58fea782598c70ab577ddab2cf2d3ac11b73dc4dfd3365310ab21f3d3f40e 1699da42b64b074d4c1a02bd8a318604090553b4dabbff373f7a8458e671687b
EXPORTER_SECRET 15d58fea782598c70ab577ddab2cf2d3ac11b73dc4dfd3365310ab21f3d3f40e e2c163d86fd064b8e43d3edc6c071cd945ed4a4b69ac60e187c6a8a64cc21358
CLIENT_EARLY_TRAFFIC_SECRET dc73f7c4a45c8e92dddc7842ddd2c255a2161306bde3fdd5fcd0fa236e7d20ae 43e3b6a8be3c5245fadfff1a38236b01d114ba4ce76b54a22216f9209eef672d
CLIENT_HANDSHAKE_TRAFFIC_SECRET dc73f7c4a45c8e92dddc7842ddd2c255a2161306bde3fdd5fcd0fa236e7d20ae 93473607ccabf1242fdc1cb28f8d72493eb2f40e0b7abf4ee178fefa5faca3cd
SERVER_HANDSHAKE_TRAFFIC_SECRET dc73f7c4a45c8e92dddc7842ddd2c255a2161306bde3fdd5fcd0fa236e7d20ae 948c1e0eebc09dd1ce5e1c5344e5a5d98f5b4669e2dd35277096fb0727bca913
CLIENT_TRAFFIC_SECRET_0 dc73f7c4a45c8e92dddc7842ddd2c255a2161306bde3fdd5fcd0fa236e7d20ae 59fee728309a9def789fee22e5161ebb3a81d2d47faf0f2fb81dfd41fa8bd2c3
SERVER_TRAFFIC_SECRET_0 dc73f7c4a45c8e92dddc7842ddd2c255a2161306bde3fdd5fcd0fa236e7d20ae f38050655633be9c141d1e23552ecc344f65da9339f954d1f8fd8a941d7c1890
EXPORTER_SECRET dc73f7c4a45c8e92dddc7842ddd2c255a2161306bde3fdd5fcd0fa236e7d20ae c8a34d5b929a369e09832c090322e75c7c9bce538f75814425df4be2ef0c75f2
CLIENT_EARLY_TRAFFIC_SECRET 00947e5f038723c2f26405296bac646fc5656f87ae3831a7cad28702bef3c6dd 24e4ba184245499f4a4ba6d2b0d41196cef6736284c8f721eaff68d628c03a09
CLIENT_HANDSHAKE_TRAFFIC_SECRET 00947e5f038723c2f26405296bac646fc5656f87ae3831a7cad28702bef3c6dd 429eb1b8c4db48ba40872e99759410faecd1f554f2aee173adcbdf421364f60f
SERVER_HANDSHAKE_TRAFFIC_SECRET 00947e5f038723c2f26405296bac646fc5656f87ae3831a7cad28702bef3c6dd 454076c4dc85ed4fd143418c5660706bf2f24b9145d1bd59eae90946035d105e
CLIENT_TRAFFIC_SECRET_0 00947e5f038723c2f26405296bac646fc5656f87ae3831a7cad28702bef3c6dd a63cb2455e667c876313b2b21621f79258f95f03b6cbdbf0686c8520a0f04915
SERVER_TRAFFIC_SECRET_0 00947e5f038723c2f26405296bac646fc5656f87ae3831a7cad28702bef3c6dd 880ec701efc8d729ffc81317b97197ad10be4761cd44090d70517f1a81cf7521
EXPORTER_SECRET 00947e5f038723c2f26405296bac646fc5656f87ae3831a7cad28702bef3c6dd 6ff92bf2ead2ce7fcf9a5149748121a85d11d6af8ee48b4c52aea6030ad1ce59
CLIENT_EARLY_TRAFFIC_SECRET 9317fef14d142e6b8f101835587884ec4e0c1cd4628460d7d849f6b1c1077d7b e4c154443c132a3f5e57681cc89fac61b8bc0193e4fc839d71449bd6e123e00e
CLIENT_HANDSHAKE_TRAFFIC_SECRET 9317fef14d142e6b8f101835587884ec4e0c1cd4628460d7d849f6b1c1077d7b d51a1ebccf5bebf23dd48a27c83bf9e244eb128f0b1a1cca3a5093cdb2b69f0d
SERVER_HANDSHAKE_TRAFFIC_SECRET 9317fef14d142e6b8f101835587884ec4e0c1cd4628460d7d849f6b1c1077d7b 3a3f5bf73b5cb5a9334fc1f0a380b9e92a7e06300ccceb6d584c5fabe629d6d8
CLIENT_TRAFFIC_SECRET_0 9317fef14d142e6b8f101835587884ec4e0c1cd4628460d7d849f6b1c1077d7b f283c9d8cfa41c162452463cfd13a58997119a77a3db4f453412d6bc3b1b0239
SERVER_TRAFFIC_SECRET_0 9317fef14d142e6b8f101835587884ec4e0c1cd4628460d7d849f6b1c1077d7b 4d61f916cc3afb590b648dd839745f19c0b61fd940a29581209d9a29eb7d1fb5
EXPORTER_SECRET 9317fef14d142e6b8f101835587884ec4e0c1cd4628460d7d849f6b1c1077d7b 4e3b68dcbce8062e803b4dbbd25aff2b465972578e41a60a0981b4496549b476
CLIENT_EARLY_TRAFFIC_SECRET 537b179048a8063a6ad652bc15d8dc572c2b10951f6a70e55e91752d63e02c06 18fbb119d5b7008200ef862e74c34730cf2a90acc4e579fe98e2fe2880cf2170
CLIENT_HANDSHAKE_TRAFFIC_SECRET 537b179048a8063a6ad652bc15d8dc572c2b10951f6a70e55e91752d63e02c06 0e38771239405ff48bf1fdfe83795007ca1d52e72655588fab7a48a83aa4d0bf
SERVER_HANDSHAKE_TRAFFIC_SECRET 537b179048a8063a6ad652bc15d8dc572c2b10951f6a70e55e91752d63e02c06 4929ea0bbeef9882fb62bd28860a9038bcdc035ac0defac0beaae3e5e494176c
CLIENT_TRAFFIC_SECRET_0 537b179048a8063a6ad652bc15d8dc572c2b10951f6a70e55e91752d63e02c06 dd541b315bdf4c692543bb7127ff627ecaf034c133d7e0f9662a5e8983179a13
SERVER_TRAFFIC_SECRET_0 537b179048a8063a6ad652bc15d8dc572c2b10951f6a70e55e91752d63e02c06 82190d661e9f778b5ce4b5a54b3f14d99a79e707560bd379d2be4ffc7e132080
EXPORTER_SECRET 537b179048a8063a6ad652bc15d8dc572c2b10951f6a70e55e91752d63e02c06 693872c8472df1515d7c4900b76f57b977e436225ce8abda6732a9d663e621ac
CLIENT_EARLY_TRAFFIC_SECRET 4b1a53f8e70f7e91fdb096f22528c440b504730b6296753472dec498abdb43af bf6cda3207e783a3488d4431dad3f9969c75f5045f03b6251e1d92849f20a302ac352c08b0a456c2b83c0184f9973b85
CLIENT_HANDSHAKE_TRAFFIC_SECRET 4b1a53f8e70f7e91fdb096f22528c440b504730b6296753472dec498abdb43af 114a3bf7233eb7fdcaa1ac7d6cdcd976e6527eb7d69d3df743aa8a42ccede275ed0b2ab986f1eb50403f66c9ed337f90
SERVER_HANDSHAKE_TRAFFIC_SECRET 4b1a53f8e70f7e91fdb096f22528c440b504730b6296753472dec498abdb43af e79d50920e1d63b9737494cfbd42348b07e63553372f57172e755a0e2c852c9ec2fe8300f5e11bf03c40c255a26337a0
CLIENT_TRAFFIC_SECRET_0 4b1a53f8e70f7e91fdb096f22528c440b504730b6296753472dec498abdb43af 28c8e6ca5e3066699bd1998e57feeb364befe0117e50903821aa8dae2479f2e5010497fc9d79568dfeba5aa093877316
SERVER_TRAFFIC_SECRET_0 4b1a53f8e70f7e91fdb096f22528c440b504730b6296753472dec498abdb43af f1ca5ec0d407d98b4872bd98e99e7348f493bf778d2cf44e82f051a709ea3bb82df94338e653d13cbbad15d48752647c
EXPORTER_SECRET 4b1a53f8e70f7e91fdb096f22528c440b504730b6296753472dec498abdb43af b0aec02649957fa142317e5c8f7ab86609251c8fa7824ec3040c413a3003d84e81367c724be673849a7eabc0ef034d18
CLIENT_EARLY_TRAFFIC_SECRET 0ad7ccd5a1c9f1371a5f617dad201f992260cb1192d9ed11bacdc02721eb959e bdc2618e831f527103cf3b64e17f97d5eb0c8415a198c041b77cc1b0fbe8c637
CLIENT_HANDSHAKE_TRAFFIC_SECRET 0ad7ccd5a1c9f1371a5f617dad201f992260cb1192d9ed11bacdc02721eb959e d5be9a479446dd13fd7957411215be8d3e27a1d87be4aa81736c36476ad60a8c
SERVER_HANDSHAKE_TRAFFIC_SECRET 0ad7ccd5a1c9f1371a5f617dad201f992260cb1192d9ed11bacdc02721eb959e a471b4dd30e36749a1700a23e8f545132e6b843061c22cc890bf16e98f2a84c4
CLIENT_TRAFFIC_SECRET_0 0ad7ccd5a1c9f1371a5f617dad201f992260cb1192d9ed11bacdc02721eb959e ad4ed9cb1f3b9b586016f7a78e49381cc81484e83b8c6123b97da48a8e174439
SERVER_TRAFFIC_SECRET_0 0ad7ccd5a1c9f1371a5f617dad201f992260cb1192d9ed11bacdc02721eb959e 6bd507bd5ab850db66dc0da807e7103c23fa0cae33b8a8153e4d70dab0b9b379
EXPORTER_SECRET 0ad7ccd5a1c9f1371a5f617dad201f992260cb1192d9ed11bacdc02721eb959e 364d9dd14f3bba73206114a7bfe19b5c9560babc93dd5a28513d2d8532b82278
CLIENT_EARLY_TRAFFIC_SECRET e3dfc42c87e8c7ae3ebfb574cac8a59fd2f1b21905ac895b50a7d0685b3bca54 03443e7874d0953914e58caeb6689832f718ad649d6bc60f0e62ea0043ef906ebe526829db9810660a8cd2f3728ace83
CLIENT_HANDSHAKE_TRAFFIC_SECRET e3dfc42c87e8c7ae3ebfb574cac8a59fd2f1b21905ac895b50a7d0685b3bca54 8c890e6768ae8fc94daffe1ad40fc22bf6c57270b0d9a43acc3998494bdbdf5ab03ae428b3509c2658dca6f16d86eb62
SERVER_HANDSHAKE_TRAFFIC_SECRET e3dfc42c87e8c7ae3ebfb574cac8a59fd2f1b21905ac895b50a7d0685b3bca54 f72853a7a278c9137d447c06dff3c18a7b0c30ae116a1ecb2d85a1a3cd1f4107a1dc322475c12073d88819fdc0b02a69
CLIENT_TRAFFIC_SECRET_0 e3dfc42c87e8c7ae3ebfb574cac8a59fd2f1b21905ac895b50a7d0685b3bca54 018af4280e1d4c3b2aed3bee970c96adee86a8c02de2d05b3d8fdf76cc704eb439ff141c037ace148914f050bdcc8153
SERVER_TRAFFIC_SECRET_0 e3dfc42c87e8c7ae3ebfb574cac8a59fd2f1b21905ac895b50a7d0685b3bca54 720749681bc7e43e8f5da593bd0be719558b05796911ab6744ac079477e6b1c8eeb04ac5e2eb7ccd542ae522c960269a
EXPORTER_SECRET e3dfc42c87e8c7ae3ebfb574cac8a59fd2f1b21905ac895b50a7d0685b3bca54 13faa1f031d89b187b760b046a2c7d9a1734df03e4349f70af6c336e55405c48c0e0ee122aa6be32cef2b95533972f1e
CLIENT_EARLY_TRAFFIC_SECRET dabbf00e9ccc8a523026b9274e9f16669e4eb258a9989a9288845282e153d11e 7bdd7e0870ba8801e911b0bbd542be0c21992690db4fbbd9eb34517d4877a373
CLIENT_HANDSHAKE_TRAFFIC_SECRET dabbf00e9ccc8a523026b9274e9f16669e4eb258a9989a9288845282e153d11e 2d60aff99b66f45603c772b997c4756a15d255473bf00fbc63349714b573a238
SERVER_HANDSHAKE_TRAFFIC_SECRET dabbf00e9ccc8a523026b9274e9f16669e4eb258a9989a9288845282e153d11e 3ff2c2ab4b448f244b4b3c6a81364e4ccecb9a00a91c616efbe2b6f09af0d999
CLIENT_TRAFFIC_SECRET_0 dabbf00e9ccc8a523026b9274e9f16669e4eb258a9989a9288845282e153d11e 4cc13523b8c6b2d45a32e89c7255d0ab60f695bf18e7177623e516f0e021b8b8
SERVER_TRAFFIC_SECRET_0 dabbf00e9ccc8a523026b9274e9f16669e4eb258a9989a9288845282e153d11e cd283c23c60afa96fdf9b73012537ab4e6567af216ea687299eaa596b3f500a3
EXPORTER_SECRET dabbf00e9ccc8a523026b9274e9f16669e4eb258a9989a9288845282e153d11e 48db0fe513271bd22cd92b2e5e055e428e65d5475ee05b2bdd8f449bf4f10dea
CLIENT_EARLY_TRAFFIC_SECRET 29f884dfd01b4fe37e6bcec516a271624caa2fb9613040522010168e8d201990 a95b679a9b32b2a5cb26cd24b696c18c62a8bb174d7e0d87a550c94d9de5f8f9
CLIENT_HANDSHAKE_TRAFFIC_SECRET 29f884dfd01b4fe37e6bcec516a271624caa2fb9613040522010168e8d201990 a288205af9d993c153f7dd04b1c71eb6a881a23a1c2c77a62995bd1ad104e92b
SERVER_HANDSHAKE_TRAFFIC_SECRET 29f884dfd01b4fe37e6bcec516a271624caa2fb9613040522010168e8d201990 b4ae746ab3a7d9fcd38cbcfbb9d72eed6203b12bc704533354f1df7e7f47bfd7
CLIENT_TRAFFIC_SECRET_0 29f884dfd01b4fe37e6bcec516a271624caa2fb9613040522010168e8d201990 5cc80245d037093c97347d22412785ba3391747e61ebbe80f66cce50e10cacea
SERVER_TRAFFIC_SECRET_0 29f884dfd01b4fe37e6bcec516a271624caa2fb9613040522010168e8d201990 a8d5c801188d9ddc069e3e103c098537ed58bf119ff1c4d551b8c5fae8df4354
EXPORTER_SECRET 29f884dfd01b4fe37e6bcec516a271624caa2fb9613040522010168e8d201990 623d59210c80013f574fc1aeee465f54ed9c142bbe26334cd2c3c4871ff1f72b
CLIENT_EARLY_TRAFFIC_SECRET ce688093abbdc04db014171f04b8eeb2bafe54ec9cd936c93eec7f667f38ba03 90fa0fdc7a28a8bc14bdb67c24f51aa5898f120c323e147efac1391903bdaf37df3a73d099fb025439bc7a422a63f448
CLIENT_HANDSHAKE_TRAFFIC_SECRET ce688093abbdc04db014171f04b8eeb2bafe54ec9cd936c93eec7f667f38ba03 bffafb10c7d7012e7158d2708da14da0e5fd2b707841e7fb4508accce6be77f58515b0c1339c1f8df2b8c5de8e67ed78
SERVER_HANDSHAKE_TRAFFIC_SECRET ce688093abbdc04db014171f04b8eeb2bafe54ec9cd936c93eec7f667f38ba03 d5324b906d065d24c71956bd3bb1a721419ddd77c61636ac500d6e34f211e2b698bc4da53adaae9db4f8d5028c6b6a17
CLIENT_TRAFFIC_SECRET_0 ce688093abbdc04db014171f04b8eeb2bafe54ec9cd936c93eec7f667f38ba03 8e8e49a62358f79e5e113cab6e9f1d48a3dab9b470b477b13210be055ca61c83a3c361c70216cb7210bffa2a733254c5
SERVER_TRAFFIC_SECRET_0 ce688093abbdc04db014171f04b8eeb2bafe54ec9cd936c93eec7f667f38ba03 5c366d5bf71c3734ae1601477176412790bd4be0f0711a9d33fdcb7e018c085f74874efb7147e1d5cbca21d438273ee6
EXPORTER_SECRET ce688093abbdc04db014171f04b8eeb2bafe54ec9cd936c93eec7f667f38ba03 3e30a8a5d7cf06efa28578b2a2c8d17d08f67960e29302585204604e1c86df4e17e0587dc57a84e5e38d9e6dbd652612
CLIENT_EARLY_TRAFFIC_SECRET 0c1540204ef01005361d7d79d381d08aa6511cf84b862a750d1c3dd62f690335 dc287188c8b36e2807b5a6d0da9409d6cb67466a9807d180cddd5ef86a28cdac
CLIENT_HANDSHAKE_TRAFFIC_SECRET 0c1540204ef01005361d7d79d381d08aa6511cf84b862a750d1c3dd62f690335 16db15f968441e04f21cf725338d7185ff8ed284e8bde701fc5850863e308966
SERVER_HANDSHAKE_TRAFFIC_SECRET 0c1540204ef01005361d7d79d381d08aa6511cf84b862a750d1c3dd62f690335 ef3f43f2fd95a9c5b9ee8d0b17d15d97f11b26f4d2c10a7e136650beb0f4b99d
CLIENT_TRAFFIC_SECRET_0 0c1540204ef01005361d7d79d381d08aa6511cf84b862a750d1c3dd62f690335 1f5aeb0d6ebe869a4cf3d51e9527390c8669513d02f3b3e984a8496991401eac
SERVER_TRAFFIC_SECRET_0 0c1540204ef01005361d7d79d381d08aa6511cf84b862a750d1c3dd62f690335 a35cc0387eb5f9f5b783942b5c70a4821973cb86426dc9a3043dd7146da7e18e
EXPORTER_SECRET 0c1540204ef01005361d7d79d381d08aa6511cf84b862a750d1c3dd62f690335 567c12000d40dba3722dc48b03b95f81f8259f4cde455c9045dde7bd9ef52032
CLIENT_EARLY_TRAFFIC_SECRET 3bf81f3b07575d3965656c4ff4447000d1190dbe37501354141ea502ed5168b9 170c940d0ad3806a148c570e3e0b94db7b996c383f34b47ab52313e4b6d804b5
CLIENT_HANDSHAKE_TRAFFIC_SECRET 3bf81f3b07575d3965656c4ff4447000d1190dbe37501354141ea502ed5168b9 41579577774f52c313337e574136dd4226ce9fd6d42b117e1a235a0781729bff
SERVER_HANDSHAKE_TRAFFIC_SECRET 3bf81f3b07575d3965656c4ff4447000d1190dbe37501354141ea502ed5168b9 d9e2296b2eeff03ba8fd441aecd5522fba130f614aba74467bb6a3c0ec17c16f
CLIENT_TRAFFIC_SECRET_0 3bf81f3b07575d3965656c4ff4447000d1190dbe37501354141ea502ed5168b9 2f4039b94c4b68be8d07af33b4ce3377b3e8ed9765c14f67e29eef53937648e6
SERVER_TRAFFIC_SECRET_0 3bf81f3b07575d3965656c4ff4447000d1190dbe37501354141ea502ed5168b9 73aa9d23322ddc1d387c79cf6439a25293467f587a2aad15802d600d3d02af6e
EXPORTER_SECRET 3bf81f3b07575d3965656c4ff4447000d1190dbe37501354141ea502ed5168b9 1782761f7b2456da78f70a089659341670e66cd3b6a8e4b2d6e7b67d679bc6e2
CLIENT_EARLY_TRAFFIC_SECRET e1e1082efe412c6da5f313f75dade67dbe1042310e51be338f1a8c52a76a89c6 41bdf20082f400d5a8f52f8b73864a737e754dcdf3473576f40a59e12c1371c6
CLIENT_HANDSHAKE_TRAFFIC_SECRET e1e1082efe412c6da5f313f75dade67dbe1042310e51be338f1a8c52a76a89c6 ed52af4fb87acb543fecb171ee1740df5d4c5be006e08bec6f7f7d6f3710c7ad
SERVER_HANDSHAKE_TRAFFIC_SECRET e1e1082efe412c6da5f313f75dade67dbe1042310e51be338f1a8c52a76a89c6 3d1a3ba82c6cbac538aa51e15db7dd1e959d9787e0d791de4fe7ebc9bfb7b203
CLIENT_TRAFFIC_SECRET_0 e1e1082efe412c6da5f313f75dade67dbe1042310e51be338f1a8c52a76a89c6 23fb630e10917c69e084c1dc1928ee1d70d30282e8a74a66e4e06bb642cf95ab
SERVER_TRAFFIC_SECRET_0 e1e1082efe412c6da5f313f75dade67dbe1042310e51be338f1a8c52a76a89c6 eeb5a13e08152c533186fad45c15e605ac00b35b3f35489478e91678c5d8ada5
EXPORTER_SECRET e1e1082efe412c6da5f313f75dade67dbe1042310e51be338f1a8c52a76a89c6 0057da0c462e2f7d4fd44a8650e6ae814a92bb17240b1651987334da40daf16f
CLIENT_EARLY_TRAFFIC_SECRET c621bc1befb7f1721d83f033f5842ada71bc74af4c4158f2413a07e8f45fd1af a93fad018af9df5d1872e6db5d4d4981b380fe29fa508a7b7e4e84e67e996117ec1264b8dfa6636723d70a2800b850ef
CLIENT_HANDSHAKE_TRAFFIC_SECRET c621bc1befb7f1721d83f033f5842ada71bc74af4c4158f2413a07e8f45fd1af 43ee21704596edb854e0d2730ca9f6ba22a009d1192dfbbf1c124323cd083fe68874ff2fc80bef7b4eb238acb809fb9c
SERVER_HANDSHAKE_TRAFFIC_SECRET c621bc1befb7f1721d83f033f5842ada71bc74af4c4158f2413a07e8f45fd1af 7ad90b8b298d40d83c020224ff69eb81baf1fa9388ede5aef760c96904cb74015452bbfd59b47016fb2079cd7d004bbf
CLIENT_TRAFFIC_SECRET_0 c621bc1befb7f1721d83f033f5842ada71bc74af4c4158f2413a07e8f45fd1af 9f5c9e30b93e176f6ec712206dd0d21867b65aba667e11cc9628226319cf033ec7f3cdbed72c56a58596eb91c0c46d62
SERVER_TRAFFIC_SECRET_0 c621bc1befb7f1721d83f033f5842ada71bc74af4c4158f2413a07e8f45fd1af 1f9885a75d2c6544b8463dae4ffe3cda4584274966802fed9559e43c7734e5c9667619a374d9e99506a20670a2b7ba3b
EXPORTER_SECRET c621bc1befb7f1721d83f033f5842ada71bc74af4c4158f2413a07e8f45fd1af 7c949870cfa33730ec787b3ca0351207088bccb45f819e4976cf31dbbae7c0ce97d5c80720ea257c2008742968770c32
CLIENT_EARLY_TRAFFIC_SECRET 6aa583d6ed6a2336b53cc5654db8c639cf2873be1fa8f5ac1c01038e01d8e021 28ce860b7caf42ab3cc670d853f90743697d98ba5a6820237921ddd13754509c
CLIENT_HANDSHAKE_TRAFFIC_SECRET 6aa583d6ed6a2336b53cc5654db8c639cf2873be1fa8f5ac1c01038e01d8e021 d0a976dafdb1b5bceeb44def2d6044d93547879114e5392cb951f04cf36957f9
SERVER_HANDSHAKE_TRAFFIC_SECRET 6aa583d6ed6a2336b53cc5654db8c639cf2873be1fa8f5ac1c01038e01d8e021 17aa0acff89f29a78cc283e374154a62f8de4430badc88a061af393902da0d2b
CLIENT_TRAFFIC_SECRET_0 6aa583d6ed6a2336b53cc5654db8c639cf2873be1fa8f5ac1c01038e01d8e021 48b52ce7d832570f52cff40b52680ffa6bdd9ffdde1a53dc1d36bbb237d1292d
SERVER_TRAFFIC_SECRET_0 6aa583d6ed6a2336b53cc5654db8c639cf2873be1fa8f5ac1c01038e01d8e021 e75088fa6b2f82a86bda3702cbe75b2024328ecc3817daac8e88aa31304b1750
EXPORTER_SECRET 6aa583d6ed6a2336b53cc5654db8c639cf2873be1fa8f5ac1c01038e01d8e021 c44bf2372da50a8a27130c6fd3a17357e7f9704eb590e7a3435cfeae03bebe5c
CLIENT_EARLY_TRAFFIC_SECRET 5b7cb5bc12071ee136cc9683f64809c083ec339fd4317fdf6b39e47c840f6b4d aa42989df32b2d86069d1a98aebf3bed114ea420782258391c36dbb4ceb7f2525090a3b33b68467ac355fb876865f45c
CLIENT_HANDSHAKE_TRAFFIC_SECRET 5b7cb5bc12071ee136cc9683f64809c083ec339fd4317fdf6b39e47c840f6b4d e04d49ee7947536abfe093a6f302de7ad7f81193de763a8274a18ea4a4a897db95173c2bc5c89e073615f67a54349d82
SERVER_HANDSHAKE_TRAFFIC_SECRET 5b7cb5bc12071ee136cc9683f64809c083ec339fd4317fdf6b39e47c840f6b4d 9f273f2db849f8f06748f94c10bd093fcd915c9565caed9efcf6191cd9b464e006323c2beffcc465ba39518efe7ed798
CLIENT_TRAFFIC_SECRET_0 5b7cb5bc12071ee136cc9683f64809c083ec339fd4317fdf6b39e47c840f6b4d 2f8f5ab017b56f92a6b624145a46c293176cb5aac732d9a4b3497ada9daebc2aa39f157abef86912792ae0ebbc6486e9
SERVER_TRAFFIC_SECRET_0 5b7cb5bc12071ee136cc9683f64809c083ec339fd4317fdf6b39e47c840f6b4d a291259945b473e488a63a0289c75db9ad8e7766332fc9d8428f94349de2430164f5cc0bf1dd71085dbb515238d226ee
EXPORTER_SECRET 5b7cb5bc12071ee136cc9683f64809c083ec339fd4317fdf6b39e47c840f6b4d f8a0e9f6e3ffadc8ac1179d1bd122dd0cbf78b8567adb27ef4c558584d7874f19ee205e916ea0866510f030220918940
CLIENT_EARLY_TRAFFIC_SECRET e0dc3daeda3aee8121691e99463b530f631b176617cbdd524ea4cc8eb619377d 762a507eb0939f9b26783d6f2bfd138678c06518fd786820702dd260ef9994ad
CLIENT_HANDSHAKE_TRAFFIC_SECRET e0dc3daeda3aee8121691e99463b530f631b176617cbdd524ea4cc8eb619377d 77d0f4afc2fd11c3181f94c21f4ea0442cbf0d80cbcdaba22abc74bf30da99d9
SERVER_HANDSHAKE_TRAFFIC_SECRET e0dc3daeda3aee8121691e99463b530f631b176617cbdd524ea4cc8eb619377d ac9daadd4946767c16e8db7cea587309f1fc8c53044746f71e57ba5007107431
CLIENT_TRAFFIC_SECRET_0 e0dc3daeda3aee8121691e99463b530f631b176617cbdd524ea4cc8eb619377d 4c580c5478b07e050e0042f2005761785913c596959a8b2ef84d358d888b6f21
SERVER_TRAFFIC_SECRET_0 e0dc3daeda3aee8121691e99463b530f631b176617cbdd524ea4cc8eb619377d 582451e7b0fcab1aa8231cebac49f2c7b423c2ff608a86d2326aa20e1e501785
EXPORTER_SECRET e0dc3daeda3aee8121691e99463b530f631b176617cbdd524ea4cc8eb619377d 99fb7ff185228f690402c55aae851a808466bb989a8c01e73c16cfe201c7e4a5
CLIENT_HANDSHAKE_TRAFFIC_SECRET 0773df81b98078d3689651b518de854feac86930551914bd1a727985199e98a3 ebc9fe043de17fb193c9065576e9eeb46d2858ae756985d1d9278b20d8646592
SERVER_HANDSHAKE_TRAFFIC_SECRET 0773df81b98078d3689651b518de854feac86930551914bd1a727985199e98a3 53fbfae786f84a7b734683c07fdff2cf102a439889fff0364a933675841651ef
CLIENT_TRAFFIC_SECRET_0 0773df81b98078d3689651b518de854feac86930551914bd1a727985199e98a3 143d7101ec046a41c93b3c55ede0d758b735e75fd12ec96f2c70032def72a4e4
SERVER_TRAFFIC_SECRET_0 0773df81b98078d3689651b518de854feac86930551914bd1a727985199e98a3 acad3bb262b75220f6074d477b385271027ef76d1c45c0e67bc0796eb74f1f2e
EXPORTER_SECRET 0773df81b98078d3689651b518de854feac86930551914bd1a727985199e98a3 3b19cf23e68b4ef39eeedf51dfeb84038e62d5dc1a6ebb9a74b9a48ce3923e14
CLIENT_EARLY_TRAFFIC_SECRET 6ab867192d2b5d34dd34fbcac574f895ef537254de305122bc7d06d18bd371bb 01c9f9198c96ce9f5a11f8f754517b3fb808fed32499abad54a6c50c9242f1f2fc2dbb4efd3ecc9af972a22afa4a3217
CLIENT_HANDSHAKE_TRAFFIC_SECRET 6ab867192d2b5d34dd34fbcac574f895ef537254de305122bc7d06d18bd371bb 049af85c6735b4e94949321bc51a16681b8325ba786db4298fa99a1da0318968077639bf7982b116f6b34655b57a7276
SERVER_HANDSHAKE_TRAFFIC_SECRET 6ab867192d2b5d34dd34fbcac574f895ef537254de305122bc7d06d18bd371bb 1323006357ca8a596b54ab4edc10bca34451da9875e2877be359025010ec05e714279002c3a6711fbd58f0e1c8b06fd6
CLIENT_TRAFFIC_SECRET_0 6ab867192d2b5d34dd34fbcac574f895ef537254de305122bc7d06d18bd371bb b57f1d1cf466c54b2d372f7996165dda22314191b3fdf22103e5afb2a361623ae92e12d40881286371476c49a09b1178
SERVER_TRAFFIC_SECRET_0 6ab867192d2b5d34dd34fbcac574f895ef537254de305122bc7d06d18bd371bb 0d0223750bd909696caef62b756f90dfd77afc3a4730374a51568463b9d94538713f99795c244b6bc6937d5b14ba9be5
EXPORTER_SECRET 6ab867192d2b5d34dd34fbcac574f895ef537254de305122bc7d06d18bd371bb f69de0711ef990618cf7d8b4efac246028ec3da7d7602610f92654ced8547483388b5b1b02065b0134e24f0d9b6687e5
CLIENT_EARLY_TRAFFIC_SECRET 600a00a0bb1691ad82ac46cbcb8fef659cccab6df060c926d803115c03a394c0 3614a6e3fb39dd5d127b1023c18a0ca2a118f9e661ac4dc7ec21947ea6b686ea
CLIENT_HANDSHAKE_TRAFFIC_SECRET 600a00a0bb1691ad82ac46cbcb8fef659cccab6df060c926d803115c03a394c0 9cdff208d26114b877ac2e0099eb6667e8f59ee51bd878fd162ae6e6d5f27dc9
SERVER_HANDSHAKE_TRAFFIC_SECRET 600a00a0bb1691ad82ac46cbcb8fef659cccab6df060c926d803115c03a394c0 1187c1a8284a04c4f176767252cbfa8cedcd1442a0b265a42ac03b695b27d82e
CLIENT_TRAFFIC_SECRET_0 600a00a0bb1691ad82ac46cbcb8fef659cccab6df060c926d803115c03a394c0 458437182c90096281940c6cfeb8b60e5d65e6daeb6c29046866fdeb49b0f0b5
SERVER_TRAFFIC_SECRET_0 600a00a0bb1691ad82ac46cbcb8fef659cccab6df060c926d803115c03a394c0 0f6c5c592435c460679b1a2e4cc6a88754e2478a430d82e858e67181f500c42a
EXPORTER_SECRET 600a00a0bb1691ad82ac46cbcb8fef659cccab6df060c926d803115c03a394c0 31aa8d8aa5dadffd72cbfbf9ae3d775db64381b600a72ff02949c05ff8c9a097
CLIENT_EARLY_TRAFFIC_SECRET a03e924ad284066219aa99c0584b43d8989f918214c6231a4d99803fc7be9514 24b4d4ff855d69a2816743d58a9c2881580a0e8608f6ae5389e4686055915ce014217f355ba73a51417df80bc208db64
CLIENT_HANDSHAKE_TRAFFIC_SECRET a03e924ad284066219aa99c0584b43d8989f918214c6231a4d99803fc7be9514 3d3946b59bc970ccf93a9befc90411006854114a5b2a115d7e5d8d975b232d1cacb96ce96d4c67bfc2875fba2bc86a1b
SERVER_HANDSHAKE_TRAFFIC_SECRET a03e924ad284066219aa99c0584b43d8989f918214c6231a4d99803fc7be9514 3c2ef4aa8fdb461614ae2a376f458db307be5f0f2303d49b6111479f9ca91416f2d6d19616bf6231b47122ca8ac40da2
CLIENT_TRAFFIC_SECRET_0 a03e924ad284066219aa99c0584b43d8989f918214c6231a4d99803fc7be9514 781f22a47a3f2df27ff07274f61c8e3aa04aa85f735519362e17a8629d91818150d53ad69bc985b4b1721fceefae5b7f
SERVER_TRAFFIC_SECRET_0 a03e924ad284066219aa99c0584b43d8989f918214c6231a4d99803fc7be9514 c4d855aa9a8b3be8c50e985ffc3b73f97b0cc7b223233bc32034e6a17c732cba5b9effe7eb77537b5b67a036775fa02d
EXPORTER_SECRET a03e924ad284066219aa99c0584b43d8989f918214c6231a4d99803fc7be9514 7b3d967e081b1c3752d86c7675e4131ea3ad7f582bd34b3bdc64dd5a96e52c31ca87b5cdcd6e8dd1036754e47d148a89
CLIENT_EARLY_TRAFFIC_SECRET 50e98590a1fd2575027c59e0e9bce50f16a9408c3f10185deb4e12bea833c43d ef269dec9b085feea6b22ed8d2436ff0607812dcd4d0fcd835beaa44a812f5bad91dc5a143cc2e13f455c06c38653b62
CLIENT_HANDSHAKE_TRAFFIC_SECRET 50e98590a1fd2575027c59e0e9bce50f16a9408c3f10185deb4e12bea833c43d 8bcb9bcb624769aa1bc57410e45d6326096635813688f28ef174f2b840fe9d4904101ed28bc988cd080f47451b2cd499
SERVER_HANDSHAKE_TRAFFIC_SECRET 50e98590a1fd2575027c59e0e9bce50f16a9408c3f10185deb4e12bea833c43d 12f2be138443e9008ca37646e87bfd3e6319df97000adc48ed47b5e95bc71da6aa6089537582fd241fbe55c524757989
CLIENT_TRAFFIC_SECRET_0 50e98590a1fd2575027c59e0e9bce50f16a9408c3f10185deb4e12bea833c43d 41cbf30331d6a35615e7cce8ee409b344c670a38910bca8aeaff5dc9fb821ad80614fb9be0c947fb3daf558c1c4150a4
SERVER_TRAFFIC_SECRET_0 50e98590a1fd2575027c59e0e9bce50f16a9408c3f10185deb4e12bea833c43d 9048726a758c89af551b3a80d1d8696a25d3c832878bd847a91adab16f621f5752022db92760dbf990af33c226a127fe
EXPORTER_SECRET 50e98590a1fd2575027c59e0e9bce50f16a9408c3f10185deb4e12bea833c43d 170b052ae650d36475695248fa69cc7f2d69db0fd0640e6ab86329c61d1c694db7222d37c1d567a5a276dab4eb0b5f6f
CLIENT_EARLY_TRAFFIC_SECRET 1b109ee233fb1314b31cacf8e8532bd780832ad247dabd57e684c65dbd03484f fd664165bfb6c149f776c0ebcbd92e2a2f65ba7d9ecc25533d9eb83bfbbfaf44
CLIENT_HANDSHAKE_TRAFFIC_SECRET 1b109ee233fb1314b31cacf8e8532bd780832ad247dabd57e684c65dbd03484f 3c8f44161e5ff005226e2a5e9de8d05d82e56fe68e51d04935060bef064de0a2
SERVER_HANDSHAKE_TRAFFIC_SECRET 1b109ee233fb1314b31cacf8e8532bd780832ad247dabd57e684c65dbd03484f bdb85bfbdc9320f6deebdd1e143acebaf5ec0c241307b7a7ebfa5c74869aa3d9
CLIENT_TRAFFIC_SECRET_0 1b109ee233fb1314b31cacf8e8532bd780832ad247dabd57e684c65dbd03484f 41cff3bb9c0344663fa55a6279b44055d7339e31dac9b3022ade9bb4dfc5a8f4
SERVER_TRAFFIC_SECRET_0 1b109ee233fb1314b31cacf8e8532bd780832ad247dabd57e684c65dbd03484f f24f35b5782368ff1314f0e006a8306b867082253c42ae4f1331af8dd29496a0
EXPORTER_SECRET 1b109ee233fb1314b31cacf8e8532bd780832ad247dabd57e684c65dbd03484f de895caae7b13e3d3f66848589aae2fc905456bb3f7fb1a260be95f97bac6533
CLIENT_HANDSHAKE_TRAFFIC_SECRET e0e2f808efdb5a66acaae071651d114e5893ad97c8f48e2511fb7f972d2a51d2 f75c88175d24f0dee59e0e07496cfc9f75b89109e4eca44df6a6890e59142c3ed762f6cdc6f4cdea9b7d4be438e18462
SERVER_HANDSHAKE_TRAFFIC_SECRET e0e2f808efdb5a66acaae071651d114e5893ad97c8f48e2511fb7f972d2a51d2 d12004f4048c1f2718c81a5b26941a07edd6b296340c1625da08a3efc6dab5c5cd6a4e7116ef44422506bbacc1523e8d
CLIENT_TRAFFIC_SECRET_0 e0e2f808efdb5a66acaae071651d114e5893ad97c8f48e2511fb7f972d2a51d2 1e82120f14f23c67d59772ab9fb0d7299337732617644a25694cb1184149986ecb501eb97c4af9b79318dc2eb8af822c
SERVER_TRAFFIC_SECRET_0 e0e2f808efdb5a66acaae071651d114e5893ad97c8f48e2511fb7f972d2a51d2 3e8e9383656684a8d24b6bc18ef569f31ac5ad5d080f0b23bcdc5715c432acd56b131c10b2b0beed7ea0d0a40980d853
EXPORTER_SECRET e0e2f808efdb5a66acaae071651d114e5893ad97c8f48e2511fb7f972d2a51d2 099405c28060ad44303ef777944522f798dcab2cb70afedf1ecb756cdfa46a37aac1b9d27cc6dee5189a34af048fc833
CLIENT_EARLY_TRAFFIC_SECRET c0e7f233b1eb4087681ded8c85ea812fd95d562f2935393f08203f26a281b915 50cb0b7bd12deb1b9d3e3b9c5cfb01914f3ff69f0396c273ef5751f722298933
CLIENT_HANDSHAKE_TRAFFIC_SECRET c0e7f233b1eb4087681ded8c85ea812fd95d562f2935393f08203f26a281b915 b52f831e511445ec130013e7faf7452cc4394a9bf03012676e85264dceef3a7b
SERVER_HANDSHAKE_TRAFFIC_SECRET c0e7f233b1eb4087681ded8c85ea812fd95d562f2935393f08203f26a281b915 830ec0a58a1def7719e4b8dda5151259e4521355066bbb6cdb0418d8b77d129f
CLIENT_TRAFFIC_SECRET_0 c0e7f233b1eb4087681ded8c85ea812fd95d562f2935393f08203f26a281b915 ba116c7e41133bcd6f8e1ac5b2afc897d500d8e2ada1c5e899d16344f2881236
SERVER_TRAFFIC_SECRET_0 c0e7f233b1eb4087681ded8c85ea812fd95d562f2935393f08203f26a281b915 a132b30ae8e2e23809d0830ca913232affde33883d782a02811a492e0790ebde
EXPORTER_SECRET c0e7f233b1eb4087681ded8c85ea812fd95d562f2935393f08203f26a281b915 d4cb73cf1b642b8782f07f0a310e6229682d44c3f319e17bf55a7706d8d7cca7
CLIENT_EARLY_TRAFFIC_SECRET 66c6a1656ba4f5f47ed1b231793477d8f065323f7b2aa1a543a4ae4d8d6881f4 864d33401be02ba9eb283e70d75c4b1f2c42097930dbd7fb18cce630fe1d4294
CLIENT_HANDSHAKE_TRAFFIC_SECRET 66c6a1656ba4f5f47ed1b231793477d8f065323f7b2aa1a543a4ae4d8d6881f4 07e205120abd3a812c9aa9f58ec0533c716ba8d62c46417267e03efce40fe5d2
SERVER_HANDSHAKE_TRAFFIC_SECRET 66c6a1656ba4f5f47ed1b231793477d8f065323f7b2aa1a543a4ae4d8d6881f4 e2203850eef415ac0c20c8b8408dee7715bbedfece68f6d4311b75ceb6d661b4
CLIENT_TRAFFIC_SECRET_0 66c6a1656ba4f5f47ed1b231793477d8f065323f7b2aa1a543a4ae4d8d6881f4 a46bac451f12ec47a65eeef0c1bd66a53d35871754a6f6a005a6a6feaeaf83c1
SERVER_TRAFFIC_SECRET_0 66c6a1656ba4f5f47ed1b231793477d8f065323f7b2aa1a543a4ae4d8d6881f4 1c299d9d8914583b816afa9d57fa9c1588e54bf4bb08b3f7c6879a622d345be3
EXPORTER_SECRET 66c6a1656ba4f5f47ed1b231793477d8f065323f7b2aa1a543a4ae4d8d6881f4 e1944fa9d66861235bb9bf1d54912487c85711d9753257d1ac86ee0e5572aa0c
CLIENT_EARLY_TRAFFIC_SECRET 4e2c08d01e9abf8504db6c4aba268e80d725240f0d658bd918071e76cd05ee15 bd04abe554e048e44e4b855819347a72c62a33e05382946c6faaf33af5ca0e5d
CLIENT_HANDSHAKE_TRAFFIC_SECRET 4e2c08d01e9abf8504db6c4aba268e80d725240f0d658bd918071e76cd05ee15 f0139c80b8d73cfd28d7ac8e8cb2d70001b99cfe92162d80bdfeced211178b76
SERVER_HANDSHAKE_TRAFFIC_SECRET 4e2c08d01e9abf8504db6c4aba268e80d725240f0d658bd918071e76cd05ee15 a238dd5264b1f9d4f8e0957a67d0265d0f1b56c11fe42fd22749cbae768e85bf
CLIENT_TRAFFIC_SECRET_0 4e2c08d01e9abf8504db6c4aba268e80d725240f0d658bd918071e76cd05ee15 3308cf1fc8b5f0f0f858ed01b4a9f8fe0f0e320682ca74f305d3c3beeaf0ef33
SERVER_TRAFFIC_SECRET_0 4e2c08d01e9abf8504db6c4aba268e80d725240f0d658bd918071e76cd05ee15 e05a3f25d687842645b482dae1d8eeaf2db6cb937a62673b428afdbea1fe5e34
EXPORTER_SECRET 4e2c08d01e9abf8504db6c4aba268e80d725240f0d658bd918071e76cd05ee15 60edb2cba68b5e6d7e708e35ae29a1bf17096702747b440a66c56d6abea7ec85
CLIENT_EARLY_TRAFFIC_SECRET 747cc96d4cd17edbe143d45bfcdd719d32953869d6ee9b2dcbbf8932318cdf49 292a7c0e58c641cb52c90ef266beb6d619c3cadd35014ff3b5435371231a107f67042520be5d235e866c57a5deee8ec6
CLIENT_HANDSHAKE_TRAFFIC_SECRET 747cc96d4cd17edbe143d45bfcdd719d32953869d6ee9b2dcbbf8932318cdf49 daac2f621c14cb513f17e7ffae08cb51377af81d2937c2f1d95fe5261f4a0b24fc475be3da9cd63637df3b3db5effba2
SERVER_HANDSHAKE_TRAFFIC_SECRET 747cc96d4cd17edbe143d45bfcdd719d32953869d6ee9b2dcbbf8932318cdf49 74cd0f5ea2cfefef156d2d873b1b378db1728c80de262e5c3eabb7b2a551a7017b3db66995f20603a76f53044fa9d8e7
CLIENT_TRAFFIC_SECRET_0 747cc96d4cd17edbe143d45bfcdd719d32953869d6ee9b2dcbbf8932318cdf49 fb4bae39606f5639c34d9cfab60b40ed49a3d75bdb8c3b8b2cab4c8991b6f5c58b3ab2edcf1d66cff6fc7fdf07ad2eda
SERVER_TRAFFIC_SECRET_0 747cc96d4cd17edbe143d45bfcdd719d32953869d6ee9b2dcbbf8932318cdf49 4dd66b1d4b9fc4a91310a52a5f1ec0ed55819d94574df47078e64dc884977158ad5a17f3f2b4033f68f34d3bc4a6af8f
EXPORTER_SECRET 747cc96d4cd17edbe143d45bfcdd719d32953869d6ee9b2dcbbf8932318cdf49 d35381d464017aa3a1d27802c296abf5cb1f6dab3ba1fcfc6bb93e3dc7216dcfcb3f6157769fd8fb042795312629f41b
CLIENT_EARLY_TRAFFIC_SECRET 9b867fe5dae4ddbd51ce7b12e1bf459768a99d6e341ced29220e223f3ebde07a f916c7c355b96224d0a006d529fd2745844ffc95464df009db8a93bcc3bc3cc7
CLIENT_HANDSHAKE_TRAFFIC_SECRET 9b867fe5dae4ddbd51ce7b12e1bf459768a99d6e341ced29220e223f3ebde07a a42433766438e5ffee92cc2f1bb9dcb628cd121eda7855bab531bde49fc1ff1e
SERVER_HANDSHAKE_TRAFFIC_SECRET 9b867fe5dae4ddbd51ce7b12e1bf459768a99d6e341ced29220e223f3ebde07a 1b91450ad949bd3d8dd7d38bf5b029224e09f5ba2714ca2f69efc0dc78ac301d
CLIENT_TRAFFIC_SECRET_0 9b867fe5dae4ddbd51ce7b12e1bf459768a99d6e341ced29220e223f3ebde07a 975496b3c8ac815eb52026b0a80bcadf02134fe5e66003acd8d6fdf99408eb89
SERVER_TRAFFIC_SECRET_0 9b867fe5dae4ddbd51ce7b12e1bf459768a99d6e341ced29220e223f3ebde07a b6ef301ae815310a649d0eb81a4e3d98c218c3b0b89ca5c191c7ea0373abcf01
EXPORTER_SECRET 9b867fe5dae4ddbd51ce7b12e1bf459768a99d6e341ced29220e223f3ebde07a d054577a5f9b5ceec6b9a9ea0e82d2f7c944da0a2e2360dd9a50734725230dc9
CLIENT_EARLY_TRAFFIC_SECRET 6485ef211468101436a2dd3f5d58eed5b2acad76abb16a155135ebc67f1662a3 50ac18520fb7bc90f9cf92e581930c1a8b3d7bc278a91bf0f2c4da1fa6410944478a3b5c89c7af8e3aa0ebaa4e376c90
CLIENT_HANDSHAKE_TRAFFIC_SECRET 6485ef211468101436a2dd3f5d58eed5b2acad76abb16a155135ebc67f1662a3 e6ee3c172030f3292836bb7a80824e903a875fba5d25991909e1d196ecf45adbc5fd01a1fe131665120056d3a3f718e4
SERVER_HANDSHAKE_TRAFFIC_SECRET 6485ef211468101436a2dd3f5d58eed5b2acad76abb16a155135ebc67f1662a3 d6c951fe9810415792a2b3cfc5ef2e0e3647635f8a11bc67c3dc5dd2cd006eec228c0c6703bebb48fa6b7740261b3844
CLIENT_TRAFFIC_SECRET_0 6485ef211468101436a2dd3f5d58eed5b2acad76abb16a155135ebc67f1662a3 3e649b5e55689f65873f972954fb9fae12aa9e534fa4a29d1327dd918bf7d97471d36e9fb4ca91f4d8e52dbc03a95723
SERVER_TRAFFIC_SECRET_0 6485ef211468101436a2dd3f5d58eed5b2acad76abb16a155135ebc67f1662a3 b778b8a954773fc695af7935ecad47b4d80b6a85b13c40f7c00a2004f44b388eae2ab853c10082baf613b037d9e9f39b
EXPORTER_SECRET 6485ef211468101436a2dd3f5d58eed5b2acad76abb16a155135ebc67f1662a3 0c400831dea4557d463d8b155ea951f9ca75197972dde5c95ccf75838227e5d6b154dd6ab7adfd48c3b1f5d82f85f7a6
CLIENT_EARLY_TRAFFIC_SECRET a6702dce30459d101f3ad6ccc5f7f65e6b18fdccfe383bd141bd386172e3d2a1 4daad4eb1efe65be8bb068e09aa7717420d51f7fe78c20b3ecd9e16d610a4062
CLIENT_HANDSHAKE_TRAFFIC_SECRET a6702dce30459d101f3ad6ccc5f7f65e6b18fdccfe383bd141bd386172e3d2a1 da251f941be2c2fc1f7004aff5f66191a59000f8827ff70930d5757395bf1c6b
SERVER_HANDSHAKE_TRAFFIC_SECRET a6702dce30459d101f3ad6ccc5f7f65e6b18fdccfe383bd141bd386172e3d2a1 b741b68d8065793284e6156b62f94ae8806e72db3c040a6811a3dd736013bc9e
CLIENT_TRAFFIC_SECRET_0 a6702dce30459d101f3ad6ccc5f7f65e6b18fdccfe383bd141bd386172e3d2a1 e159a7b159ce19f5d199c812d0391ec79a46d430abc1691732ac80e413efa6d0
SERVER_TRAFFIC_SECRET_0 a6702dce30459d101f3ad6ccc5f7f65e6b18fdccfe383bd141bd386172e3d2a1 085305bc65709863e2c2cd6ca47529f88e6fc495fbcc52f0edcff247d2c4e600
EXPORTER_SECRET a6702dce30459d101f3ad6ccc5f7f65e6b18fdccfe383bd141bd386172e3d2a1 8c08a6f2cd6c3254f188818dc46243b8a48347260d703c8341e17a1fddf2045a
CLIENT_EARLY_TRAFFIC_SECRET 6f4fd997e5206dc04b02b4fee2b91beb4defc4992c73161116f84581ccd89821 a4c0a84966275993fc82231727031a9767d9996f383f5f4853e9365745095a18
CLIENT_HANDSHAKE_TRAFFIC_SECRET 6f4fd997e5206dc04b02b4fee2b91beb4defc4992c73161116f84581ccd89821 7ff401a95079184810e6179c308263ec00fa527291194ecf4c55b22d0200f31d
SERVER_HANDSHAKE_TRAFFIC_SECRET 6f4fd997e5206dc04b02b4fee2b91beb4defc4992c73161116f84581ccd89821 2297b039ed805f99aaba1412292f4765586e6bc175e423cde25bc497a0e66e41
CLIENT_TRAFFIC_SECRET_0 6f4fd997e5206dc04b02b4fee2b91beb4defc4992c73161116f84581ccd89821 c29fad6bc9cc2dbdccd55dc94de2a2d5af3d56a9f23cc235dbe8b032718ad5b2
SERVER_TRAFFIC_SECRET_0 6f4fd997e5206dc04b02b4fee2b91beb4defc4992c73161116f84581ccd89821 468c3623c6fd3eebe0cc0ce5c2444e31b1c988918668228c44c2dfe01bdb4a53
EXPORTER_SECRET 6f4fd997e5206dc04b02b4fee2b91beb4defc4992c73161116f84581ccd89821 127e37ee285d4d56e4e180d929e2393e39c16aaf73dc36d16c5b20eec832ec1c
CLIENT_HANDSHAKE_TRAFFIC_SECRET 7889f9dc2c60d7bef0f43f81918758960b60c1121fbcb6b0329ec50068ec118b abfc1c8e1901500711e6f323f0f1c9496f90470eb8125ce0b87d5dedf0a2cd1b
SERVER_HANDSHAKE_TRAFFIC_SECRET 7889f9dc2c60d7bef0f43f81918758960b60c1121fbcb6b0329ec50068ec118b cbb0edd2e8c4586e4e405657c93fcbf278b2074926b250cf6674637c966b3a7e
CLIENT_TRAFFIC_SECRET_0 7889f9dc2c60d7bef0f43f81918758960b60c1121fbcb6b0329ec50068ec118b d95a428e2f677e21326234bc641c160b779fea6a650957d58e5d27118a7e79fe
SERVER_TRAFFIC_SECRET_0 7889f9dc2c60d7bef0f43f81918758960b60c1121fbcb6b0329ec50068ec118b 063dfe1dbc6d7e35afbdcbb00a3a70c8d3b3c695ae1677d46c4a4ef2c116c9be
EXPORTER_SECRET 7889f9dc2c60d7bef0f43f81918758960b60c1121fbcb6b0329ec50068ec118b 3b2dd5680ac3af362572ef827333fd2bc3b171ebe3f88ebd87abe4a2837cfd51
CLIENT_EARLY_TRAFFIC_SECRET 4b7e3e7be29e063999c848f2ccd1aad8c2fa11215af44335b9c9221c897ad44d e73851e007ea4f21254095fb59c3de4eb304ed69a78c2158efb37a9686b38802
CLIENT_HANDSHAKE_TRAFFIC_SECRET 4b7e3e7be29e063999c848f2ccd1aad8c2fa11215af44335b9c9221c897ad44d 74d0c75b1eaf9ad1ca73744a3cdfda1c736eaef5189466a26a019a7591ef9217
SERVER_HANDSHAKE_TRAFFIC_SECRET 4b7e3e7be29e063999c848f2ccd1aad8c2fa11215af44335b9c9221c897ad44d 636aa084ca0515c8f9b786c4e83dff3c384f1277ed3640e8796546c058bb4a7e
CLIENT_TRAFFIC_SECRET_0 4b7e3e7be29e063999c848f2ccd1aad8c2fa11215af44335b9c9221c897ad44d a87fdb7f46201e215fb9d5007c5ed52546c17f96b25e71ae1e014cb8ea28a388
SERVER_TRAFFIC_SECRET_0 4b7e3e7be29e063999c848f2ccd1aad8c2fa11215af44335b9c9221c897ad44d 4c0d0e90ca04069a2bb7b5e9f3af7459e2920939bc10f4daa7742f9507454378
EXPORTER_SECRET 4b7e3e7be29e063999c848f2ccd1aad8c2fa11215af44335b9c9221c897ad44d 6d4b8de3b20c6848d6ef2fdc43842c6e10922aa85eb71ab8e86c8e1de9d8cbe1
CLIENT_EARLY_TRAFFIC_SECRET 2c3eee6d6a3bfb648ada5ed974246846ab111679e97602821ea2532a7e9f7c57 bd0884dee233ff31ec90a50d32d0bd9bcc5accd9ae50b22f07910bfff0095599
CLIENT_HANDSHAKE_TRAFFIC_SECRET 2c3eee6d6a3bfb648ada5ed974246846ab111679e97602821ea2532a7e9f7c57 38f1d08609dfb0e96cdb64a7f4935ae2448d36f0c1a7dc284923ba0213dd0d43
SERVER_HANDSHAKE_TRAFFIC_SECRET 2c3eee6d6a3bfb648ada5ed974246846ab111679e97602821ea2532a7e9f7c57 61e1e15daaf0e4f775c5bf58caaaf1c5900c97b4aaac08e202090d628653e0bc
CLIENT_TRAFFIC_SECRET_0 2c3eee6d6a3bfb648ada5ed974246846ab111679e97602821ea2532a7e9f7c57 a4b443941b58f194e380a80c0392f9d78d78fb0b9caa914f5fdd0d02798b95db
SERVER_TRAFFIC_SECRET_0 2c3eee6d6a3bfb648ada5ed974246846ab111679e97602821ea2532a7e9f7c57 1c48d7614d221617bb13e78480f3c87ff18333e64c0e142811f7352985a9e1db
EXPORTER_SECRET 2c3eee6d6a3bfb648ada5ed974246846ab111679e97602821ea2532a7e9f7c57 777c331c71172c8636ffee75e3c1ecd0ea5ffc646ab85734e88e97aa8ab07ff2
CLIENT_EARLY_TRAFFIC_SECRET 6c72e97334ff8a22c9a01591fa1e53807876951eb923fb027f70b3f552678784 70f0a3d15103d442f341edc86226d2607b58e175a9fb8d0c9e2b058a4bd09cc2ee6d4ad874d21a46146ba564704bb288
CLIENT_HANDSHAKE_TRAFFIC_SECRET 14831db0713c7db45e71ad78e1cb5c4cf0f870b92a4475b171dac7b55a039482 c7b7c97090736ecf6348c8d2596d964ca60393231f0569cbfbc81b14c7672e60
SERVER_HANDSHAKE_TRAFFIC_SECRET 14831db0713c7db45e71ad78e1cb5c4cf0f870b92a4475b171dac7b55a039482 2fa2376c76a49974e9b3e275942b30c2b882463efd116a66f75f2b0b3e60aa4b
CLIENT_HANDSHAKE_TRAFFIC_SECRET 6c72e97334ff8a22c9a01591fa1e53807876951eb923fb027f70b3f552678784 f820bfbfcb8aca9a39d2a8707c9e699456486026f1db99cd167747764bf114feb43d763f1c99a59089d5756943eed225
SERVER_HANDSHAKE_TRAFFIC_SECRET 6c72e97334ff8a22c9a01591fa1e53807876951eb923fb027f70b3f552678784 b8ae4beedc96dbc4da911712b2a66077575021c1b2ca15deb2de47d81c11d1c45d4e96e516a143cb402cce210f9ba049
CLIENT_TRAFFIC_SECRET_0 6c72e97334ff8a22c9a01591fa1e53807876951eb923fb027f70b3f552678784 fd3aed7b105612af9073cc6a77c218f5f88253fb2b3c25942c09b3577d6ad1d967020dc768fa6ede833197e8e8800db8
SERVER_TRAFFIC_SECRET_0 6c72e97334ff8a22c9a01591fa1e53807876951eb923fb027f70b3f552678784 f2715cdeb56a2e5850f1f01e06bf91f691d035b7bd9a1af05e1fb73bd999065f723a6929a7f95d3a73a556adc582950c
EXPORTER_SECRET 6c72e97334ff8a22c9a01591fa1e53807876951eb923fb027f70b3f552678784 5fce16656b532bb9f235e7487b2412492de054df8c45ba345dc72d4a6ce918b441d2ea6c60a9981c7579582107c7028c
CLIENT_TRAFFIC_SECRET_0 14831db0713c7db45e71ad78e1cb5c4cf0f870b92a4475b171dac7b55a039482 4fcc01f78059ef88d06bba301a1fc0730f4324cdd4918f787780c09250d3bf91
SERVER_TRAFFIC_SECRET_0 14831db0713c7db45e71ad78e1cb5c4cf0f870b92a4475b171dac7b55a039482 4eb2182ae77e90261ef1c1b39063cf1fd6a9c83700f2875a79a02d1c385646ce
EXPORTER_SECRET 14831db0713c7db45e71ad78e1cb5c4cf0f870b92a4475b171dac7b55a039482 bdabe0937b33540eb3e78171fe3b238e0c2f5bffaa47d9edc74ea834468e2b11
CLIENT_EARLY_TRAFFIC_SECRET ec0aa40d3b21c3db317837190c543b95ad2c5420e342d857d954839e30cb63fe fd43d62e5fcfe772d2a0393d5afe23d1cbfc1732c8d6788e4bd5b0338abce17d
CLIENT_HANDSHAKE_TRAFFIC_SECRET ec0aa40d3b21c3db317837190c543b95ad2c5420e342d857d954839e30cb63fe 71df9d607fca71d66e4f0533a86d09ab346f77ad0bb7883e775b4e17701ae201
SERVER_HANDSHAKE_TRAFFIC_SECRET ec0aa40d3b21c3db317837190c543b95ad2c5420e342d857d954839e30cb63fe f7678557ae74fb06bd4d821a9a5bb77f8e2de5de3157b98b6f69a6baf5a45969
CLIENT_TRAFFIC_SECRET_0 ec0aa40d3b21c3db317837190c543b95ad2c5420e342d857d954839e30cb63fe e10e4c615bb1084b5513a378d6497f0d98c183e733abfcd5ebcfad5e7b1d930b
SERVER_TRAFFIC_SECRET_0 ec0aa40d3b21c3db317837190c543b95ad2c5420e342d857d954839e30cb63fe a72b3e73b796dfc5e1e70af07df80f71c8871862f2b7912e96acc2e3419f56ea
EXPORTER_SECRET ec0aa40d3b21c3db317837190c543b95ad2c5420e342d857d954839e30cb63fe 9735a43dd650d7729738fb7031a42eb473e7bcb46074205516593ae07ed7bb05
CLIENT_EARLY_TRAFFIC_SECRET 5531bfec0c4750de96f9acfa58787029db89803e6f7b6045f0a9901284abcda1 cdf3cf7a2448f184bb8225259bdd9567e138f340442196e97abb654e10a669529084a5881398f72dcfae22ca22d4a68e
CLIENT_HANDSHAKE_TRAFFIC_SECRET 5531bfec0c4750de96f9acfa58787029db89803e6f7b6045f0a9901284abcda1 2f1e34eb81a8bd8d6e68f82a232181e3a90a3f128dd115b6d0884b8fd8fe5cc1540b7190da000cf1377b7002239fb3de
SERVER_HANDSHAKE_TRAFFIC_SECRET 5531bfec0c4750de96f9acfa58787029db89803e6f7b6045f0a9901284abcda1 fea47fc6aecb6a8d49cde958c452adfe1c16f1c28502a90631b31e5d44e94a561af3f45eb718a20738ad463ea29f4b25
CLIENT_TRAFFIC_SECRET_0 5531bfec0c4750de96f9acfa58787029db89803e6f7b6045f0a9901284abcda1 e00d02e67450776ab5a2f1b0e2168b2ba6c12cdde5556d8a5ad765892650cf06e262df1f826db6a98ece9aa2bf43e5b7
SERVER_TRAFFIC_SECRET_0 5531bfec0c4750de96f9acfa58787029db89803e6f7b6045f0a9901284abcda1 94d55ea4ee0055cbcd206a74bf8c7f10c42f96db6d64a21b8d9840c387c5a3c1e2d10afb5e8cd2aaac7a256eed1bcf04
EXPORTER_SECRET 5531bfec0c4750de96f9acfa58787029db89803e6f7b6045f0a9901284abcda1 62d66e7684a2404ba11349cb0e2d6d117aa63e9ddff9a6873b0652174477c60b0012daf0fa01628aad1f672a0b058e3f
CLIENT_EARLY_TRAFFIC_SECRET 25b82bbea6f66d4425ff7ee013199509f36c579a0803dd59e96a83a2cac3444b f3db39211fad442c5975f6f542936e173538bbe00a5374f147544a34ac17c52d
CLIENT_HANDSHAKE_TRAFFIC_SECRET 25b82bbea6f66d4425ff7ee013199509f36c579a0803dd59e96a83a2cac3444b 12e843c4e0b1128396928277fd4e2dae5df3d8aa46e04060f46ca1c1f04ecd36
SERVER_HANDSHAKE_TRAFFIC_SECRET 25b82bbea6f66d4425ff7ee013199509f36c579a0803dd59e96a83a2cac3444b e84a0b4c0827e429875d87e80c50704f160b0015fb60dd63c4c2bedfc4b3ed9b
CLIENT_TRAFFIC_SECRET_0 25b82bbea6f66d4425ff7ee013199509f36c579a0803dd59e96a83a2cac3444b 8951d2cdd4da6d2d81418eb3ba5bddc85f067d32c2c8fa26c7be5b64a560b20d
SERVER_TRAFFIC_SECRET_0 25b82bbea6f66d4425ff7ee013199509f36c579a0803dd59e96a83a2cac3444b fdbe019b876a7051c71eb44a7a041bbd0b4844fbf64d4fc311a7030a430148dd
EXPORTER_SECRET 25b82bbea6f66d4425ff7ee013199509f36c579a0803dd59e96a83a2cac3444b 24ef4ede8b2cfd91bb95339b4e914ebdcbdffef12cb5db9a75d4b88ad6b2ad36
CLIENT_EARLY_TRAFFIC_SECRET bc0dfd597fe5dc6f68c084724893928ca650801db49259a4619ace9dae4fa677 65ad60ee4b26e1e6e3bce1c831abc2c892c6784936526b69a5b7b9e28de86aa5
CLIENT_HANDSHAKE_TRAFFIC_SECRET bc0dfd597fe5dc6f68c084724893928ca650801db49259a4619ace9dae4fa677 a89950b43762e660dcaa7422a3526f90b4d7f7d746fb510f530d14b7042e53d1
SERVER_HANDSHAKE_TRAFFIC_SECRET bc0dfd597fe5dc6f68c084724893928ca650801db49259a4619ace9dae4fa677 40f80fe349c48521f25eec788ed491c2c97c488358375bf44ba165f6f6bf2def
CLIENT_TRAFFIC_SECRET_0 bc0dfd597fe5dc6f68c084724893928ca650801db49259a4619ace9dae4fa677 d26ad795023fc922658719c6f74f3982ae388d10ad6d5ea560af4376be8ad9ff
SERVER_TRAFFIC_SECRET_0 bc0dfd597fe5dc6f68c084724893928ca650801db49259a4619ace9dae4fa677 194d92f345d4f01129d2d2d0d426038851cbc3bc91b3536e5e7eddf72e3d9836
EXPORTER_SECRET bc0dfd597fe5dc6f68c084724893928ca650801db49259a4619ace9dae4fa677 ef36d5b5bfc6502ccb01b209663fd292e19e86bc815deac8f57c776510c30610
CLIENT_EARLY_TRAFFIC_SECRET c7c6850a165aa1a7cfecd6af9e9969c9c5f6174499ed799f87cc8116f9b4eff3 2019cffc56b2794d5ae5444f5a54870f06f16c0c0213559361350a8cde4d519b
CLIENT_HANDSHAKE_TRAFFIC_SECRET c7c6850a165aa1a7cfecd6af9e9969c9c5f6174499ed799f87cc8116f9b4eff3 9ebf12e8f548c3b616c8330850b6784719179bcf9666f060bf241067ee1e7b7e
SERVER_HANDSHAKE_TRAFFIC_SECRET c7c6850a165aa1a7cfecd6af9e9969c9c5f6174499ed799f87cc8116f9b4eff3 61a153d7d80113d62765c6054a0d42f9aa5ba966aad903057d5c39a26072a710
CLIENT_TRAFFIC_SECRET_0 c7c6850a165aa1a7cfecd6af9e9969c9c5f6174499ed799f87cc8116f9b4eff3 883863577a78964869d28e328c8b80658f925224e532df5220607e3bc2cfd50e
SERVER_TRAFFIC_SECRET_0 c7c6850a165aa1a7cfecd6af9e9969c9c5f6174499ed799f87cc8116f9b4eff3 44d0171e4c64670ce2314b02b2d526ae5c8e299580cb0a8db03f5dd56ff7b2e8
EXPORTER_SECRET c7c6850a165aa1a7cfecd6af9e9969c9c5f6174499ed799f87cc8116f9b4eff3 2adfa8e45c768c0bf39570e4b6a84b02948613ff00f919145ab60ef8435a8ed9
CLIENT_EARLY_TRAFFIC_SECRET d9b29c4036c52f23338d96944a28ed5b23dfebc1383a0721c05767db3dd5af19 0ff4f89711433644211ba6bc251d6d9f63e7b03e85e686620ac84d583f142f1f
CLIENT_HANDSHAKE_TRAFFIC_SECRET d9b29c4036c52f23338d96944a28ed5b23dfebc1383a0721c05767db3dd5af19 91bd57e1db18bdc344efe4355af345504b4a4f7a113bcef2f88fb88151c018af
SERVER_HANDSHAKE_TRAFFIC_SECRET d9b29c4036c52f23338d96944a28ed5b23dfebc1383a0721c05767db3dd5af19 1fa804496fbcc763f22dac413237e90e5b2a4e3ea7045ae55e87b7a0ada6718d
CLIENT_TRAFFIC_SECRET_0 d9b29c4036c52f23338d96944a28ed5b23dfebc1383a0721c05767db3dd5af19 1c89b44b489b2cd8ab51b1999f7b85fd210bb04bb4e5699cbc52f2906d31b738
SERVER_TRAFFIC_SECRET_0 d9b29c4036c52f23338d96944a28ed5b23dfebc1383a0721c05767db3dd5af19 cd82781294d83247135dc06cd35665fea0ea52d5ce1b4453fb76129d60077818
EXPORTER_SECRET d9b29c4036c52f23338d96944a28ed5b23dfebc1383a0721c05767db3dd5af19 20a9a872ff387fc4c47c8618e3cbc720ffe69749e8a9c03b1cc6bd4c9a491e61
CLIENT_HANDSHAKE_TRAFFIC_SECRET 73c089f5f595da728f3a066d61123c6a3b5d2ba88c54951fb95138f08d13f06b d48c4d04a1346b0c5846e5eb611694cc3e1a19203b21ca0073b8b6bcae1046ee
SERVER_HANDSHAKE_TRAFFIC_SECRET 73c089f5f595da728f3a066d61123c6a3b5d2ba88c54951fb95138f08d13f06b 6c9c8de4e2b9e78e65ffdd9c069a29d297561a804bfc0dc855a03175520d9d00
CLIENT_TRAFFIC_SECRET_0 73c089f5f595da728f3a066d61123c6a3b5d2ba88c54951fb95138f08d13f06b b35883998f5e579a2d76fdc6885ee5287e8ff88094a51dbdafe8d8b9e2963a4d
SERVER_TRAFFIC_SECRET_0 73c089f5f595da728f3a066d61123c6a3b5d2ba88c54951fb95138f08d13f06b ba33a5c1d28691f1d779fad57d090d3514622109c8de8727dcda8a66f49db7ed
EXPORTER_SECRET 73c089f5f595da728f3a066d61123c6a3b5d2ba88c54951fb95138f08d13f06b 109bb7f3fe2aa2ff67e487e5a3e9d2191510615c810ce72d7b5eca6146984003
CLIENT_EARLY_TRAFFIC_SECRET 96f735dc1e4aa1126dab5e90ad6fae7ad12c044de882bab707f0fab39a92f7a8 3469c45c89f633ea33765d8baa3051b268c8a40d6f95e7146e99e717528c16b7
CLIENT_HANDSHAKE_TRAFFIC_SECRET 96f735dc1e4aa1126dab5e90ad6fae7ad12c044de882bab707f0fab39a92f7a8 09a7fddad98549ab0ac88cf821501b96a323668b218a95e838cc11fb0e46a6b8
SERVER_HANDSHAKE_TRAFFIC_SECRET 96f735dc1e4aa1126dab5e90ad6fae7ad12c044de882bab707f0fab39a92f7a8 21f534cf19d6e82a5c4c786aa5b7c12a6bd09b2cfca7371f494edcab5ebf0c26
CLIENT_TRAFFIC_SECRET_0 96f735dc1e4aa1126dab5e90ad6fae7ad12c044de882bab707f0fab39a92f7a8 c7bb9b66f5175ac8f834cb0790910557516940afe890ea61bd502a90988e7914
SERVER_TRAFFIC_SECRET_0 96f735dc1e4aa1126dab5e90ad6fae7ad12c044de882bab707f0fab39a92f7a8 7239f54e726ed8e12f6dc06f9127fbfa7ac1a1ed9503270bcdb7260a316e5ae8
EXPORTER_SECRET 96f735dc1e4aa1126dab5e90ad6fae7ad12c044de882bab707f0fab39a92f7a8 d683a8585ff9fe2ad1963fe04ff3d03e8b68f83330c5e5fdac090c6d519651dc
CLIENT_EARLY_TRAFFIC_SECRET 7cae5e80a874376de8e029f20312b60b2e55248ad09f49f6344d746ce5fbe12e 579739356dcfd59c3f9050fde29a885d330027ecee29f2524e9dfb34b71abdf3
CLIENT_HANDSHAKE_TRAFFIC_SECRET 7cae5e80a874376de8e029f20312b60b2e55248ad09f49f6344d746ce5fbe12e d26c4e236437ea16f460b3a9790b90171e22c8e34a84aa9dd0906c123f85b225
SERVER_HANDSHAKE_TRAFFIC_SECRET 7cae5e80a874376de8e029f20312b60b2e55248ad09f49f6344d746ce5fbe12e fdffb29b692b155387e2309c385c0589227ca68057a3095b0dc1acc640bbf9eb
CLIENT_TRAFFIC_SECRET_0 7cae5e80a874376de8e029f20312b60b2e55248ad09f49f6344d746ce5fbe12e cca6ddc20930d6eb5c1e7755ac57c73a3d1087c11bdae7e00c4512cbe1cee372
SERVER_TRAFFIC_SECRET_0 7cae5e80a874376de8e029f20312b60b2e55248ad09f49f6344d746ce5fbe12e 7cf37edafdb57878366645a32c99897b9626ed7e9866b4b03d81a52cca8e68d3
EXPORTER_SECRET 7cae5e80a874376de8e029f20312b60b2e55248ad09f49f6344d746ce5fbe12e 3316af1be9b4395a7e994257023711e7ce73d3c7446d04298579a5d999cdb763
CLIENT_EARLY_TRAFFIC_SECRET 7a5bcdac78afd48ccc114763444345bd72e3be767bdfb48bde3f72f4115675a3 1cc9d2d77c953e777d06d0bfa08659049c69b9579980a174bf709b1baca46f9e
CLIENT_HANDSHAKE_TRAFFIC_SECRET 7a5bcdac78afd48ccc114763444345bd72e3be767bdfb48bde3f72f4115675a3 ba4ce6ef8582c3cfa117c573b8a29939a3c6702475fe47669c59b23895e459f8
SERVER_HANDSHAKE_TRAFFIC_SECRET 7a5bcdac78afd48ccc114763444345bd72e3be767bdfb48bde3f72f4115675a3 5386a83b040196fe6925bbe36f2d3240e2d292cdb91488a5c90a90ef372c8675
CLIENT_TRAFFIC_SECRET_0 7a5bcdac78afd48ccc114763444345bd72e3be767bdfb48bde3f72f4115675a3 17ca10bf9ed68c7cbe95621130f9521fa8bff42bb80fdb4e9626001e3b8709d0
SERVER_TRAFFIC_SECRET_0 7a5bcdac78afd48ccc114763444345bd72e3be767bdfb48bde3f72f4115675a3 b555add7c4fecab39c2aabde2e0bccafc39b76edbb95d2dd1c597d1a8f536a6a
EXPORTER_SECRET 7a5bcdac78afd48ccc114763444345bd72e3be767bdfb48bde3f72f4115675a3 02b2c21afd27fcd09fac97a444e839907d0fd82f3342e35a46c44e39a4e42d3b
CLIENT_EARLY_TRAFFIC_SECRET 6e39f07a299ff73ef8b8ac3c755acd1f03678e954a44d5eeaa984435cdbc6b2d f83bbd27edbfb6f8261694fc8967e13a3c09865bb9382932a2616cd249d591116b5d914710f83ade8e91513a235e4f8a
CLIENT_HANDSHAKE_TRAFFIC_SECRET 6e39f07a299ff73ef8b8ac3c755acd1f03678e954a44d5eeaa984435cdbc6b2d 03911dc95d8e06488c7dff326b37086357d3e653101945918f573299648861dddd28f47de38445a2d0241fc38f42efa5
SERVER_HANDSHAKE_TRAFFIC_SECRET 6e39f07a299ff73ef8b8ac3c755acd1f03678e954a44d5eeaa984435cdbc6b2d 216a9a28a1bbfb3fc6ec179a130004b04ecfa01c349e58beb2b3f027ee5d0fe4dde7931439c03f699007be5e98cb6efe
CLIENT_TRAFFIC_SECRET_0 6e39f07a299ff73ef8b8ac3c755acd1f03678e954a44d5eeaa984435cdbc6b2d 4c17a45507b7dab14d6f591a42543057b373dc35ed11111929702ea6b5966398c37e09ab07be8a6012effc0f77bf339c
SERVER_TRAFFIC_SECRET_0 6e39f07a299ff73ef8b8ac3c755acd1f03678e954a44d5eeaa984435cdbc6b2d 7fd15ae1e488bc44ff885a47381d10f2291a22b20c6eb2eed315f5d3a7e8cde97ce3b87c2cf3a5c2ce51ce2c62941b56
EXPORTER_SECRET 6e39f07a299ff73ef8b8ac3c755acd1f03678e954a44d5eeaa984435cdbc6b2d bf6f3f534ff4b828189f9546ed9d2d2bf130967c80fbcd958b6a3814dbf61cb506f9639754d1f0496ded2aa752480df6
CLIENT_EARLY_TRAFFIC_SECRET e86fc0e42183b23ab4bf7c443eaecd9d80415be2504cac00dfe7ed2e675c97e4 66af66ebdcdc5f5cbe3e068bafacb293bddd69a4e075cad2e2a40118bb356e3e
CLIENT_HANDSHAKE_TRAFFIC_SECRET e86fc0e42183b23ab4bf7c443eaecd9d80415be2504cac00dfe7ed2e675c97e4 fd4ce320a9daf9c3d90605a0160d212492a20d86d83c174432dcb56837f6f535
SERVER_HANDSHAKE_TRAFFIC_SECRET e86fc0e42183b23ab4bf7c443eaecd9d80415be2504cac00dfe7ed2e675c97e4 49ec6233c54c517eefccc3def721240834f3c6ce5cfc1bffc8bbeaa527cee4f4
CLIENT_TRAFFIC_SECRET_0 e86fc0e42183b23ab4bf7c443eaecd9d80415be2504cac00dfe7ed2e675c97e4 289a1669ae193505937b674feecacdbf53f39ab8df5046133af6107ca3d66651
SERVER_TRAFFIC_SECRET_0 e86fc0e42183b23ab4bf7c443eaecd9d80415be2504cac00dfe7ed2e675c97e4 72149d91b5bd42ab3228290ea48cc79238a42f7e95bb111151347ca3798dd542
EXPORTER_SECRET e86fc0e42183b23ab4bf7c443eaecd9d80415be2504cac00dfe7ed2e675c97e4 329c68399a61e4dd9094ae5889cc0855b5a1079944cbd8980bf1c34c9bfb2753
CLIENT_EARLY_TRAFFIC_SECRET 108fc0abfcd71cf2f83a68e0ba213c729055b86fcf52bc83ac1b3efab0c7a2b6 75bf7f76192abb13081769ee1d1a9f546587a357f7d996aa6beb4bbc6979aa27888f414be939ccdb1a3b28e1b7ab701a
CLIENT_HANDSHAKE_TRAFFIC_SECRET 108fc0abfcd71cf2f83a68e0ba213c729055b86fcf52bc83ac1b3efab0c7a2b6 cd6b97e3cf316364bb7ac0b4da38b0b04449b1cc8fea990b513c7f95599f716ec4a4271b7add94cbff9910d9befd4e9e
SERVER_HANDSHAKE_TRAFFIC_SECRET 108fc0abfcd71cf2f83a68e0ba213c729055b86fcf52bc83ac1b3efab0c7a2b6 d38606025a3b335afcd75f5b415fbd8b1c1b1f3d1f41ac09634339bbe3c8768c09fcf719d842c746afec5c793c57735e
CLIENT_TRAFFIC_SECRET_0 108fc0abfcd71cf2f83a68e0ba213c729055b86fcf52bc83ac1b3efab0c7a2b6 b32fe3e37dcf63ee0acdabdb7d71ee662f6e8edccbdf655b6088b25bb0096b6868d1985132ec477a7a7b5741a9a0cec9
SERVER_TRAFFIC_SECRET_0 108fc0abfcd71cf2f83a68e0ba213c729055b86fcf52bc83ac1b3efab0c7a2b6 984c1ed209e014c0f4d241eb2c34fe513746a4d1e734b912c3b0371e0ada069a2fc29b102ae6db09368156de4790a722
EXPORTER_SECRET 108fc0abfcd71cf2f83a68e0ba213c729055b86fcf52bc83ac1b3efab0c7a2b6 d063e0abe7fbcb3a359ff62daa51cbc2513679ca6f26d82eb8ef681db5e49cbab110912f54c8e407f338804def50e5a8
CLIENT_EARLY_TRAFFIC_SECRET b34bfb2cc82635cb1aced4d5d0f5b0a434ffa79738e8ef096b9ad020ccbf87fc 3153e739b0ba83aad1ce884e6125950b015efa05342c0e8748ea84e860ae831b
CLIENT_HANDSHAKE_TRAFFIC_SECRET b34bfb2cc82635cb1aced4d5d0f5b0a434ffa79738e8ef096b9ad020ccbf87fc 9a168cbd34029b9a2c0c65a004d41d43e6bad0f2f31a3d526258062cf758d7d2
SERVER_HANDSHAKE_TRAFFIC_SECRET b34bfb2cc82635cb1aced4d5d0f5b0a434ffa79738e8ef096b9ad020ccbf87fc f816278184b39c3e3f45dfc10dc269f2237c51d3ae586f4b906232e20c5ba01d
CLIENT_TRAFFIC_SECRET_0 b34bfb2cc82635cb1aced4d5d0f5b0a434ffa79738e8ef096b9ad020ccbf87fc f11a94a89c094106c3c7b8c36a45c362de6ac1eabbfa9e059af60a42618f9111
SERVER_TRAFFIC_SECRET_0 b34bfb2cc82635cb1aced4d5d0f5b0a434ffa79738e8ef096b9ad020ccbf87fc 60f97ce0b7d0cf93efa08cbb9f82450eae425bc7748ad38bf7de729a9c3f02a4
EXPORTER_SECRET b34bfb2cc82635cb1aced4d5d0f5b0a434ffa79738e8ef096b9ad020ccbf87fc 7335958eb28be5aa601599be57af20973ca1b09dfd053c9191778734bd541e07
CLIENT_EARLY_TRAFFIC_SECRET 621f85e7cf7ca05c9f296ff51ed5f96c7532bbba71b821190d4b54b4d7ea9335 343573e63ed23e34d7705355622e12f77eab454fa28a14e4a04cab062f379b1d
CLIENT_HANDSHAKE_TRAFFIC_SECRET 621f85e7cf7ca05c9f296ff51ed5f96c7532bbba71b821190d4b54b4d7ea9335 e609dd1fe560b76715375547ef1d5a2fce2ce46b2dc56c3bcc750107c1d6e031
SERVER_HANDSHAKE_TRAFFIC_SECRET 621f85e7cf7ca05c9f296ff51ed5f96c7532bbba71b821190d4b54b4d7ea9335 8854e18bba8cff0b44da5047dc5339991436795f4e4674ece4658520a6462448
CLIENT_TRAFFIC_SECRET_0 621f85e7cf7ca05c9f296ff51ed5f96c7532bbba71b821190d4b54b4d7ea9335 e352caacffeffd98e8ef44dabd64ac33a64d28e1862ab6e5fc0489651e5f6753
SERVER_TRAFFIC_SECRET_0 621f85e7cf7ca05c9f296ff51ed5f96c7532bbba71b821190d4b54b4d7ea9335 f0c8d43b8444d41dd9660a28db6181ec797b5886457a22be065431aaf0881bd0
EXPORTER_SECRET 621f85e7cf7ca05c9f296ff51ed5f96c7532bbba71b821190d4b54b4d7ea9335 3cab276a3198885a1d6c94910c3f9edd4fd7bb3180c9c6ab605044bdfe38bb0c
CLIENT_EARLY_TRAFFIC_SECRET 63c5883418b37bbe303c930ce3939142dacf472e25ab586567614fe36269ba17 b89e3dbe285abc7324128ad5dee74618afaa24c09aad51ce00ed9b7a913c5380
CLIENT_HANDSHAKE_TRAFFIC_SECRET 63c5883418b37bbe303c930ce3939142dacf472e25ab586567614fe36269ba17 f861eb9cf0e3bd9bf4f8533b8d6df6f9079be9caf43d74038892ebe203acdf3a
SERVER_HANDSHAKE_TRAFFIC_SECRET 63c5883418b37bbe303c930ce3939142dacf472e25ab586567614fe36269ba17 3ea28df072aa54a94eb5c56829bf538b216f168bb238efc5b3f3330f4b35eb96
CLIENT_TRAFFIC_SECRET_0 63c5883418b37bbe303c930ce3939142dacf472e25ab586567614fe36269ba17 2d0a2cb1911f8493612192b2a8453064a92dcfcf9ea9ed6d644cbe38d8c3b5c0
SERVER_TRAFFIC_SECRET_0 63c5883418b37bbe303c930ce3939142dacf472e25ab586567614fe36269ba17 32ce5aee9d32e118c4bd497473749b184b76d2896b938cffdd83e5d4d27e8b94
EXPORTER_SECRET 63c5883418b37bbe303c930ce3939142dacf472e25ab586567614fe36269ba17 0f1009b1d42f2ea6b8ecbdc3a111c9037ba4dce3cb3c9e259945d4a6c8f8916e
CLIENT_EARLY_TRAFFIC_SECRET 1fc6c166c1ad70ce78dd839ef3a160fafc0a5208c0c50a2b2653043183802dd0 5a2171fb63685fd4e8bae9244de21b3cf5969faaace121d82c27fb2c88e1141437b42869367a2f3f9446f0f6e66c6d79
CLIENT_HANDSHAKE_TRAFFIC_SECRET 1fc6c166c1ad70ce78dd839ef3a160fafc0a5208c0c50a2b2653043183802dd0 6efc24ee42b2d5081357e013733f3bcbe4f4ea429972aabe231958541a2e6bcb180f3980e94ffeeb1d21414d96c0397d
SERVER_HANDSHAKE_TRAFFIC_SECRET 1fc6c166c1ad70ce78dd839ef3a160fafc0a5208c0c50a2b2653043183802dd0 157e1ed7c59f261630c917704ca0a442cfb2ffbe0290921a346776ed69b795cc4cb4f0905b946c393b74afc611279bca
CLIENT_TRAFFIC_SECRET_0 1fc6c166c1ad70ce78dd839ef3a160fafc0a5208c0c50a2b2653043183802dd0 146508828e4501188173c3aac961df994adea4265c8ff3749879a2001bb47f140bd0edac963d81de478428f0e10180ce
SERVER_TRAFFIC_SECRET_0 1fc6c166c1ad70ce78dd839ef3a160fafc0a5208c0c50a2b2653043183802dd0 1e80a907911deae59b5bd7020b4050472aeef36333f082ee7aa860d06e949eade79854fdffcaa384aaa469c269b5c22b
EXPORTER_SECRET 1fc6c166c1ad70ce78dd839ef3a160fafc0a5208c0c50a2b2653043183802dd0 0cf48d3ed9aa587764431d59aef2977186111718ac597db48a63fa0f5a563551d2c35839c02620d5a153f147de7af0d5
CLIENT_EARLY_TRAFFIC_SECRET eb6f074f64c6917dbdd28205536d705f66f2fd9c03a4bc28f9812c336a561ada e12f5d16d8278a3f5d9c3499d6a06b898e007d77107175437bab491e4b601ad2
CLIENT_HANDSHAKE_TRAFFIC_SECRET eb6f074f64c6917dbdd28205536d705f66f2fd9c03a4bc28f9812c336a561ada 4aa2d0e78588c3c0934c874f248c645879b942bce78c099a6a0d2455f9f33f22
SERVER_HANDSHAKE_TRAFFIC_SECRET eb6f074f64c6917dbdd28205536d705f66f2fd9c03a4bc28f9812c336a561ada 07b9391c8e4c1815f827c20ed93d99ebb9f729463880d1e6f5305190feefca2f
CLIENT_TRAFFIC_SECRET_0 eb6f074f64c6917dbdd28205536d705f66f2fd9c03a4bc28f9812c336a561ada de2c839a53737fadcdc191873292b09d2d1509c0a8fbb47d25c40856ff5c7a05
SERVER_TRAFFIC_SECRET_0 eb6f074f64c6917dbdd28205536d705f66f2fd9c03a4bc28f9812c336a561ada 192a9bdb3cca02cbaa9b776e5936e659a0df012fa17cc8eb5b610f9c46168c5f
EXPORTER_SECRET eb6f074f64c6917dbdd28205536d705f66f2fd9c03a4bc28f9812c336a561ada a9e2ce921d58dfcedf8e783e072d4ad9e2af224009bae8c79a5c8981ec3ca66c
CLIENT_EARLY_TRAFFIC_SECRET 165b23797fad3b1c20324fcd4eca2eaab992efc0e2955058f674b9d5b3ee855d b1962cd24bd145d403b3b9a208e2d1503e92fa1bec704fbfee6f841688bb5a51da1a9e0eda3637c9dd9f139347916e8b
CLIENT_HANDSHAKE_TRAFFIC_SECRET 165b23797fad3b1c20324fcd4eca2eaab992efc0e2955058f674b9d5b3ee855d 8d3c78ebf3c15df5e4ef41a558a4d838502e445002263d5732f67877d3897a5367036a5a02d500b50ed8081622ae5c00
SERVER_HANDSHAKE_TRAFFIC_SECRET 165b23797fad3b1c20324fcd4eca2eaab992efc0e2955058f674b9d5b3ee855d 8ce78008f16ef71baf3d8ef46c71992853b60ddbccfb43d78095be0f4836a1d856f988b1d25253b0591c2d964d7e8256
CLIENT_TRAFFIC_SECRET_0 165b23797fad3b1c20324fcd4eca2eaab992efc0e2955058f674b9d5b3ee855d 84084ade05c670a5e5c1a2be25c048de0af8bf9740a874d0ba7f48471eb0f7dfabefb06845b393d31a4344f72aab8b5b
SERVER_TRAFFIC_SECRET_0 165b23797fad3b1c20324fcd4eca2eaab992efc0e2955058f674b9d5b3ee855d efc4ff4bfde5f7995974d2e7f1bb83632f2b09d81b5422a13f404116544e249ab06e84719eaa4b558b384eee47925ce0
EXPORTER_SECRET 165b23797fad3b1c20324fcd4eca2eaab992efc0e2955058f674b9d5b3ee855d 3a381a7f8b708d72929f917a24ec41e524573f654ec09686d6878322614f501c5eff4b3794ceb793db55cb1d8261d3b5
CLIENT_EARLY_TRAFFIC_SECRET 9a4e35153ed5a4d14b5084bc253517c4b8837ace50ef53c2ad2ad06aec72be4a c245870872adb9b11c2508ce9d0fd44f7625c2a9ab0d1db18eea52d550278f69
CLIENT_HANDSHAKE_TRAFFIC_SECRET 9a4e35153ed5a4d14b5084bc253517c4b8837ace50ef53c2ad2ad06aec72be4a 4780472e791f7184adfd250babeb2b046f143708ed32181d09e20ffaad7f3553
SERVER_HANDSHAKE_TRAFFIC_SECRET 9a4e35153ed5a4d14b5084bc253517c4b8837ace50ef53c2ad2ad06aec72be4a 92f7cc1766fc6832af9daf065dfe7c7f947dd85fc658a74d1dc470215656d6d9
CLIENT_TRAFFIC_SECRET_0 9a4e35153ed5a4d14b5084bc253517c4b8837ace50ef53c2ad2ad06aec72be4a 183635f77c4694e36160385a75693fe2b4985fb2a8c5afd45699a538469e8c06
SERVER_TRAFFIC_SECRET_0 9a4e35153ed5a4d14b5084bc253517c4b8837ace50ef53c2ad2ad06aec72be4a f879ac9d7bf0334da88ff30f6ccbb168acb7a2e8d0e7aed67b58bd253c35303c
EXPORTER_SECRET 9a4e35153ed5a4d14b5084bc253517c4b8837ace50ef53c2ad2ad06aec72be4a a45128045ef63602dd9ed5f60b979dddbaa0b26b1e360da84082d829082d209a
CLIENT_EARLY_TRAFFIC_SECRET 7f4d6c240573aaa651df34d680050073cecc3f7ffa30f654ff514bde841e740f cd41fe0c809c57f66e9d96f8e012d043d6137e41932cdabea0191839dab1a53a85e4f69c383e655e93aad043441304b0
CLIENT_HANDSHAKE_TRAFFIC_SECRET 7f4d6c240573aaa651df34d680050073cecc3f7ffa30f654ff514bde841e740f 1661c3d0801be31e33c4d08d71069bdcdf6e52153a1c5dfb621807903a13d4492f0b7060f6152ce47a3fda5885f3d835
SERVER_HANDSHAKE_TRAFFIC_SECRET 7f4d6c240573aaa651df34d680050073cecc3f7ffa30f654ff514bde841e740f 01f13dac26a72beb0e3692c11bf79ee28a5c2f20a54a574dec4c585975a39e941e783e0e4ec31330c6547ec1f31ad0b5
CLIENT_TRAFFIC_SECRET_0 7f4d6c240573aaa651df34d680050073cecc3f7ffa30f654ff514bde841e740f 5e6c8ba33a7e1f10a6b4f69baf25f2ef359c5be8ca239006739b51e2b7982221a6630835d9e17b2655b41324ebbf0422
SERVER_TRAFFIC_SECRET_0 7f4d6c240573aaa651df34d680050073cecc3f7ffa30f654ff514bde841e740f 5600a1da5006d4c4db465455f7a9cc67ed43fc2d89f62a69c8023525d2e8597c1d44307bd2e756ae2ee77698377f7718
EXPORTER_SECRET 7f4d6c240573aaa651df34d680050073cecc3f7ffa30f654ff514bde841e740f b4a8b3230157e0eec4082a48817c3830eb0f766895592d90ae65640bb4a41ad7dceff30abc7e7a845b04098146166ab3
CLIENT_EARLY_TRAFFIC_SECRET 3f744cf6d9827cc38b6771041e62c685c15aa100a4e18de55d0e303704e8551f 30710eaa46730ad177cb0aa4b7ddb823ed2b7cbe2123dfa2fdb0e5261a4d9fa8
CLIENT_HANDSHAKE_TRAFFIC_SECRET 3f744cf6d9827cc38b6771041e62c685c15aa100a4e18de55d0e303704e8551f 34130f2152f27708c732bce8cef6300b4e1a2454a8018b353d42daa6532efd00
SERVER_HANDSHAKE_TRAFFIC_SECRET 3f744cf6d9827cc38b6771041e62c685c15aa100a4e18de55d0e303704e8551f e6229d6302105bccc3e27a0f239836de1931de07674c944731413c48946c41f6
CLIENT_TRAFFIC_SECRET_0 3f744cf6d9827cc38b6771041e62c685c15aa100a4e18de55d0e303704e8551f 8a7be9b9eb55c5b27f89d3058cb7bbd35060d75496bc8197add01ce0ac339550
SERVER_TRAFFIC_SECRET_0 3f744cf6d9827cc38b6771041e62c685c15aa100a4e18de55d0e303704e8551f df5d7a6ccc35463fd00991d8e3b9d7d201999016a4a827b2317d9bf5890adc76
EXPORTER_SECRET 3f744cf6d9827cc38b6771041e62c685c15aa100a4e18de55d0e303704e8551f 3ca7a1143248490cf2d52fafff0954b7d693049054f581c4cbb9122fbdc8a919
CLIENT_EARLY_TRAFFIC_SECRET 75a00699ac76f93772e88e691f3882f744dfc3572ea585097ebf9b21854a1556 3cfe6298fd7a53f1700f4df5bc83b29e2f132e4dd3536847b6493bf0a146f7ba
CLIENT_HANDSHAKE_TRAFFIC_SECRET 75a00699ac76f93772e88e691f3882f744dfc3572ea585097ebf9b21854a1556 218b75830df7b89726970f52855f2314e4621ba9da8f7c680aca560cf78eb6e6
SERVER_HANDSHAKE_TRAFFIC_SECRET 75a00699ac76f93772e88e691f3882f744dfc3572ea585097ebf9b21854a1556 a7f97f80ac2974dec43293c42985a99de27a2c47232788814f75dfa1386317f6
CLIENT_TRAFFIC_SECRET_0 75a00699ac76f93772e88e691f3882f744dfc3572ea585097ebf9b21854a1556 d361f6ab9a6e41f7c659ab2409c255ab20b6a63fb2d6c4185da31503bd3fa1e2
SERVER_TRAFFIC_SECRET_0 75a00699ac76f93772e88e691f3882f744dfc3572ea585097ebf9b21854a1556 8ceab4e4a2607e4d900d521cecf6e38639f94f3f997dae2432615fb08d848149
EXPORTER_SECRET 75a00699ac76f93772e88e691f3882f744dfc3572ea585097ebf9b21854a1556 dbb686caf4784b2d38e9078c869197d34a1c6cfd9a50c166d4d12fff932af5b6
CLIENT_EARLY_TRAFFIC_SECRET 5f6c718ff5962ffe18860dc48d83c90b13a886dcbd9a1b68d1ffa78046428af5 8a3eeb4d529706361c91308dab9612d4ba8e60603ae9c2cddb3937a6bdb82781
CLIENT_HANDSHAKE_TRAFFIC_SECRET 5f6c718ff5962ffe18860dc48d83c90b13a886dcbd9a1b68d1ffa78046428af5 9a1c3aa9dcbd21244f3cf055179d72542a8edaa12b3d82f35e155002fb1412c0
SERVER_HANDSHAKE_TRAFFIC_SECRET 5f6c718ff5962ffe18860dc48d83c90b13a886dcbd9a1b68d1ffa78046428af5 52e183f37374c453dd555f3cd7493e7bba4d610c5313ba47baf9ccbd60ff169d
CLIENT_TRAFFIC_SECRET_0 5f6c718ff5962ffe18860dc48d83c90b13a886dcbd9a1b68d1ffa78046428af5 9493948944532e0ecfa558914f4d01dca242046b083c1b3e02fed6035d76044f
SERVER_TRAFFIC_SECRET_0 5f6c718ff5962ffe18860dc48d83c90b13a886dcbd9a1b68d1ffa78046428af5 f107c44d167e8fc4826acf1c201e2d859a059e713eb63ce412a759ac492bbdab
EXPORTER_SECRET 5f6c718ff5962ffe18860dc48d83c90b13a886dcbd9a1b68d1ffa78046428af5 0e070a24c13086699cc9ee5d7a61c7b0525eb626810785943e5dbd37fb2a3261
CLIENT_EARLY_TRAFFIC_SECRET a72867203c41b6ffcfe2503f87a0db857032027a0d3e3a85fb3a356b9756a745 33df85363b8f61956c80c82f71b3123c4191fb40c4dec16d1096dd18bb3f8ab4ff67b0f7e565f5f64d2ad75a9f63e4a6
CLIENT_HANDSHAKE_TRAFFIC_SECRET a72867203c41b6ffcfe2503f87a0db857032027a0d3e3a85fb3a356b9756a745 29895ed75d4cbdcfa032baa1bbb6fb2a821c72a4fe45b7a758ed36757433275981c6b08296503833026c11baddd072f9
SERVER_HANDSHAKE_TRAFFIC_SECRET a72867203c41b6ffcfe2503f87a0db857032027a0d3e3a85fb3a356b9756a745 8662d8318a0bbeadee348d52ffd6cc63987522f4afb7efa31ba0f928745da39e8e866804e4493a29e39edb9edb98ed94
CLIENT_TRAFFIC_SECRET_0 a72867203c41b6ffcfe2503f87a0db857032027a0d3e3a85fb3a356b9756a745 6128567b720986018cc94e59821d131d4dd5012a202f7d7e797ac3ae2540b935387c17e078950cd284d8f9f19ca0d70a
SERVER_TRAFFIC_SECRET_0 a72867203c41b6ffcfe2503f87a0db857032027a0d3e3a85fb3a356b9756a745 856a1f1af0a1b0be089d8303c112aff1eaecf047c4660945cef3092ef73239f7f48e3c0674375e5f9779b2ee18b028d2
EXPORTER_SECRET a72867203c41b6ffcfe2503f87a0db857032027a0d3e3a85fb3a356b9756a745 6d209c8016111a00c730f700874b3c4a21629d15d9ba6aa75d069c9e552274743c792b3277317a4bc47ddff93de6fcfd
CLIENT_EARLY_TRAFFIC_SECRET 80f12aba7d37a82a9980ebafc7d257b470062556cfec3bbc95c70be7343c4ea0 0ad2bdf9e136ce1d8210035c6f8e628e7a67e4786f08be0d03985eaadc14e90f
CLIENT_HANDSHAKE_TRAFFIC_SECRET 80f12aba7d37a82a9980ebafc7d257b470062556cfec3bbc95c70be7343c4ea0 164f8bebe8027f259e66cfae6906536a4ca3b94c7f82a111fef918df2b4e41d7
SERVER_HANDSHAKE_TRAFFIC_SECRET 80f12aba7d37a82a9980ebafc7d257b470062556cfec3bbc95c70be7343c4ea0 77b9956d103205284c5281c2867740daf674eee5c4c0885d7a94ae72b164d1b5
CLIENT_TRAFFIC_SECRET_0 80f12aba7d37a82a9980ebafc7d257b470062556cfec3bbc95c70be7343c4ea0 6452c2a1d137924ab0db9ef54a886370653e3edbaa98992d8357071c7b39916a
SERVER_TRAFFIC_SECRET_0 80f12aba7d37a82a9980ebafc7d257b470062556cfec3bbc95c70be7343c4ea0 2d49121bc5a67527f3a01579356275af7fe9764afc425447341b6b982cb4bbf2
EXPORTER_SECRET 80f12aba7d37a82a9980ebafc7d257b470062556cfec3bbc95c70be7343c4ea0 c52b540a5436b4610c6a00d2ceb85bcffefcb214435ec53289c904297f72fcba
CLIENT_EARLY_TRAFFIC_SECRET 71d45185670d694d19c36c6c68736e784b3b5b557de56be7e6f1d38fc0c6c4d2 ee412660ae2aba168745af65774953da46ac44f3f793f536825716a12aaa75f33a40ef3d96c3ff660754a0dee61c61ef
CLIENT_EARLY_TRAFFIC_SECRET 8caaf44024e6192ae5da7c1dbebcb5f37ed0f28fa0c0bdcb7bc5aac733effb0b a4e3d41046aafabcab94be504ccde7e56d69697d12cc8a44302eb97af6e8dca8
CLIENT_HANDSHAKE_TRAFFIC_SECRET 71d45185670d694d19c36c6c68736e784b3b5b557de56be7e6f1d38fc0c6c4d2 88864d90d53d756d11881a7f14c9b5b94b9ba0d53cf4d4c7ec69dbb47fe5c45584133031005394d49ba4ba32331824a4
SERVER_HANDSHAKE_TRAFFIC_SECRET 71d45185670d694d19c36c6c68736e784b3b5b557de56be7e6f1d38fc0c6c4d2 c04833a8e10c4f14b25a35ac4424157807fe4936dba73d9a873c21d96c5dc28dec10e9736e16d9fd7e7f806f87dcb953
CLIENT_TRAFFIC_SECRET_0 71d45185670d694d19c36c6c68736e784b3b5b557de56be7e6f1d38fc0c6c4d2 2c460930723843237152b74eb90f44d67c21e58014ce5866963eb69d84f11c6dd553237a67b7a32d32880a3b8621c876
SERVER_TRAFFIC_SECRET_0 71d45185670d694d19c36c6c68736e784b3b5b557de56be7e6f1d38fc0c6c4d2 780df440f46ab04dcf65e07fcd9502519c650deb26dba178baa214ac473a1ea48dfc504e7635b63545e46091e5ffd718
EXPORTER_SECRET 71d45185670d694d19c36c6c68736e784b3b5b557de56be7e6f1d38fc0c6c4d2 5e1c4692618450f028a5216a53a54fed3eaab4acfbf770213a8df067d98dac012a77b5aca735f13d6709c51d67a9a674
CLIENT_EARLY_TRAFFIC_SECRET 9563d63fe53c457d14db7277db3d58fa12a8887720735c776aff619a620744c9 38f008d28ce1ac4c19537b3f27f2f22b5ef3f8fa4eb0797c85d523a4a37ff900935af75491541212af52b4d8c2349c67
CLIENT_HANDSHAKE_TRAFFIC_SECRET 9563d63fe53c457d14db7277db3d58fa12a8887720735c776aff619a620744c9 614ee04a1970d4546eade312e6b5f3545575d49d83256d737056e1bfd27bc13af1c89d7e216b805c906c058fa6a38788
SERVER_HANDSHAKE_TRAFFIC_SECRET 9563d63fe53c457d14db7277db3d58fa12a8887720735c776aff619a620744c9 5811ca1f032974f0fbba6cb1e8d69199d8e51045338b9a7e134a431d05a8e6c2ffa34cfa44f110cdd256ca447e831d2f
CLIENT_TRAFFIC_SECRET_0 9563d63fe53c457d14db7277db3d58fa12a8887720735c776aff619a620744c9 541dd3718d81aeb0a1465c5d80197e1675b0a7a757de39ffe3b7658b04e31709b4da9489b08fc0b42c3e131236ac3975
SERVER_TRAFFIC_SECRET_0 9563d63fe53c457d14db7277db3d58fa12a8887720735c776aff619a620744c9 90976c1192a290b3264e99ce90fa7fee056f1f6d7b209bbf51a2495ae065a128a25ded5b4fd088151e3a45f467878d18
EXPORTER_SECRET 9563d63fe53c457d14db7277db3d58fa12a8887720735c776aff619a620744c9 47dfb85ca2e5deedcf04d9ca607a5b9309d096bf8f32c020ff5fd53373760a8cd91369edf9712827f930cfe3efd8053f
CLIENT_EARLY_TRAFFIC_SECRET 0eaf4c26dfdf71422d7d17b9abb7b1b5667b61459095789ef95331bb0ce09bbd 95032b91ea959aef061c41e1601afd2545b00fd33ae9f00994d821680fc04b9f
CLIENT_EARLY_TRAFFIC_SECRET c20e731ec31e8ad0ad11d5aff3f4eefc030931ba415967513927a4638a298998 751074fdc232bf989f1ccd1bf1051523d170764e9086f4eaf98b57dd589fa40b
CLIENT_HANDSHAKE_TRAFFIC_SECRET c20e731ec31e8ad0ad11d5aff3f4eefc030931ba415967513927a4638a298998 8b5391a0ac9aa97addf9019f6cbfba3279c1d66f780c12721c3928f055f5514b
SERVER_HANDSHAKE_TRAFFIC_SECRET c20e731ec31e8ad0ad11d5aff3f4eefc030931ba415967513927a4638a298998 77fae65758554281a3ed7a292e8446fef03184dd0f3a013857f2bf314824577d
CLIENT_TRAFFIC_SECRET_0 c20e731ec31e8ad0ad11d5aff3f4eefc030931ba415967513927a4638a298998 d4792b56ec619c2b675dfea09c89f314ef345197d171403f6b66e7fbc730e815
SERVER_TRAFFIC_SECRET_0 c20e731ec31e8ad0ad11d5aff3f4eefc030931ba415967513927a4638a298998 b7ece1cbc515a05c1ff1732989f23de363cd7717b838dc15ec124e6cb9ed9509
EXPORTER_SECRET c20e731ec31e8ad0ad11d5aff3f4eefc030931ba415967513927a4638a298998 2f903777c7561e552b52719e6989a652626b9aaf0a4930ba8f560948befa604d
CLIENT_HANDSHAKE_TRAFFIC_SECRET 058545d730162d1b40986f9f55b70e1f3cec81e76c8fbbc181b02fbdfd203815 2189fcf147aa49c20b06e90b1d52dd52d9069a1a383a16f877020aca9c498c91
SERVER_HANDSHAKE_TRAFFIC_SECRET 058545d730162d1b40986f9f55b70e1f3cec81e76c8fbbc181b02fbdfd203815 1d82cd88eab46e9bb01ee01ca9108b5a38e28129a9f1d2a1c6e2d833f183b711
CLIENT_TRAFFIC_SECRET_0 058545d730162d1b40986f9f55b70e1f3cec81e76c8fbbc181b02fbdfd203815 4e37ce681bc063c2ab5d65fb2bde85bc4b2fc8c6bad89ed318b98c877fd5b0e0
SERVER_TRAFFIC_SECRET_0 058545d730162d1b40986f9f55b70e1f3cec81e76c8fbbc181b02fbdfd203815 7ed467c607e773234c03430911f43643d28db6362b26cdff72d43d6356b198dd
EXPORTER_SECRET 058545d730162d1b40986f9f55b70e1f3cec81e76c8fbbc181b02fbdfd203815 d892efdd8cb42c2e04cc134a0a5be0a537dbf83bd94f52b822c3e19cb14e4d9e
CLIENT_EARLY_TRAFFIC_SECRET 06e017eabd274b353b79ccc1fcd22f3db9128d6162f01c1e86b83d29eac3bfe5 2c541345a7f17bbeb1c44ae2a400132dc4b6ea9229510ffab53b85c872fee026
CLIENT_HANDSHAKE_TRAFFIC_SECRET 06e017eabd274b353b79ccc1fcd22f3db9128d6162f01c1e86b83d29eac3bfe5 b4155e573d5da47b4310d5947c6ba99d46fefdeae1e34ca1b0fbaa972fe4e660
SERVER_HANDSHAKE_TRAFFIC_SECRET 06e017eabd274b353b79ccc1fcd22f3db9128d6162f01c1e86b83d29eac3bfe5 4a9a6ef57fb667fcd1591f87309b21f01fc6436fdd2bf03b52a5aba64679e759
CLIENT_TRAFFIC_SECRET_0 06e017eabd274b353b79ccc1fcd22f3db9128d6162f01c1e86b83d29eac3bfe5 735c92e417ed57ebf071219a966d57b38a11334a4bc8006d779de221b18f02c0
SERVER_TRAFFIC_SECRET_0 06e017eabd274b353b79ccc1fcd22f3db9128d6162f01c1e86b83d29eac3bfe5 fcc08bfdecce032813af4b4d67e36346976a7296a71d6bc24f1a95ca5f624b9f
EXPORTER_SECRET 06e017eabd274b353b79ccc1fcd22f3db9128d6162f01c1e86b83d29eac3bfe5 3655c4c218395aa7ab0fa80b7020bde0346603e01aea08446046e3713e1709fe
CLIENT_EARLY_TRAFFIC_SECRET 2d2b2d2d297712ae33a6fde2134547b419a0d179ab34511d295b0c52000948dc 039d1de14b2bad5d5ced7edb01ae49255c1575971121d775ba51e588e8b10658
CLIENT_HANDSHAKE_TRAFFIC_SECRET 2d2b2d2d297712ae33a6fde2134547b419a0d179ab34511d295b0c52000948dc a8cc3c2c88755594fc4302cf95e525e356acc435b3e3b781164f93a9eb7ca2fc
SERVER_HANDSHAKE_TRAFFIC_SECRET 2d2b2d2d297712ae33a6fde2134547b419a0d179ab34511d295b0c52000948dc 940071b4e94e08ae224d9902204a3040974c9ec51d07b9fb0992c97f2e289f65
CLIENT_TRAFFIC_SECRET_0 2d2b2d2d297712ae33a6fde2134547b419a0d179ab34511d295b0c52000948dc 5b6420458163724b04d4836b87fe75826910b78bae0c91332669f209191db3dd
SERVER_TRAFFIC_SECRET_0 2d2b2d2d297712ae33a6fde2134547b419a0d179ab34511d295b0c52000948dc 7958edaa45edcd37350cd011fb00b162709006eb9838d8146ac8b8bc6726751e
EXPORTER_SECRET 2d2b2d2d297712ae33a6fde2134547b419a0d179ab34511d295b0c52000948dc 9b2093643ab3f899ae3e9fcc4f1e85ab316c28ecdfa1ccc15861372fb89207d2
CLIENT_EARLY_TRAFFIC_SECRET c479ca5569591d739d5f02596eb30caf5c2255e1df6a1b2ec75357a91d5bc13b ea3401b97627befd66fa4556bb9ad42ab97e9755beb571ed520c5bcb98d1e3914c6b8decb97a0725087afc34fa3d608d
CLIENT_HANDSHAKE_TRAFFIC_SECRET c479ca5569591d739d5f02596eb30caf5c2255e1df6a1b2ec75357a91d5bc13b c97e763350cffe29ba6e27b4a5b36080d165e2d16c547f3be6a0956f1770f4476be29ccd189a0cbb729eac3532d1ef0f
SERVER_HANDSHAKE_TRAFFIC_SECRET c479ca5569591d739d5f02596eb30caf5c2255e1df6a1b2ec75357a91d5bc13b 7a0a6c7b729a5b5d957d44df61de0f7e2f5c7f581c05ac7ec07a445029cac633c126036347912e85bc1990e45182915e
CLIENT_TRAFFIC_SECRET_0 c479ca5569591d739d5f02596eb30caf5c2255e1df6a1b2ec75357a91d5bc13b c673914503d79c2a17141cb7aadffbf2f6aec5709e9d2bd0b31bd0c89de98c2c20b265cd7cd24e7d7b9f8ddced5a59d0
SERVER_TRAFFIC_SECRET_0 c479ca5569591d739d5f02596eb30caf5c2255e1df6a1b2ec75357a91d5bc13b da7796097ac3b0107be02e4edc3257c7ebc7a84020f0db5adef8d6dc9a5222b723566ec8e7a09eaa478f118feded487f
EXPORTER_SECRET c479ca5569591d739d5f02596eb30caf5c2255e1df6a1b2ec75357a91d5bc13b 1e1e7a6515ee6ffc2915c2a964d385128f3eb3f1624229acf312a0d5fa1abf713e99d57c2044e23a2f337c724f391b5b
CLIENT_EARLY_TRAFFIC_SECRET d10b52c1423b7a95061f6f7ff27efc8e58dcbb459fcd54f96c4a3621d952e37d 50700155cefedd8e066ad4167f9bbfef7516582e36b6f7f8ea78a4451170bf86
CLIENT_HANDSHAKE_TRAFFIC_SECRET d10b52c1423b7a95061f6f7ff27efc8e58dcbb459fcd54f96c4a3621d952e37d 8bf294c9a6cbfd9b5b682e3f7acc7d2d0442519cbd063880a115d3f04a8aa3b5
SERVER_HANDSHAKE_TRAFFIC_SECRET d10b52c1423b7a95061f6f7ff27efc8e58dcbb459fcd54f96c4a3621d952e37d 42d574763450a0efb80e18cb307d23b13beafcb284791643b6c3edd07ebb671b
CLIENT_TRAFFIC_SECRET_0 d10b52c1423b7a95061f6f7ff27efc8e58dcbb459fcd54f96c4a3621d952e37d 7af9399f6b4bbeed75e062ea8a2a5a04fc1ae9718af1a8bb6cade06c235a847e
SERVER_TRAFFIC_SECRET_0 d10b52c1423b7a95061f6f7ff27efc8e58dcbb459fcd54f96c4a3621d952e37d 39d04d64ed10eccfc877f0a8854d0535f28aa78bdd600c0acf2009c883e5a3fb
EXPORTER_SECRET d10b52c1423b7a95061f6f7ff27efc8e58dcbb459fcd54f96c4a3621d952e37d afac7aad8ccde45973d7ed88f4d8f1462672277c9471dff4412efeab78de21d3
CLIENT_EARLY_TRAFFIC_SECRET 207aea3ddc1d5a038a24aca144d2326521774d87b41668fea703f5b8de3102d1 06ed751af45b1037b3cdb62957277afaaa6f80b9a4c86f486792b773eaa7d070
CLIENT_HANDSHAKE_TRAFFIC_SECRET 207aea3ddc1d5a038a24aca144d2326521774d87b41668fea703f5b8de3102d1 4a8d0aa15c0abfae18a996c424d79da4f2de70224f77438eb09eaace3208ea89
SERVER_HANDSHAKE_TRAFFIC_SECRET 207aea3ddc1d5a038a24aca144d2326521774d87b41668fea703f5b8de3102d1 472ce4c91e4a241cb12c347e857df1d4413e1316fc81619e0a0fbb1bf77e7687
CLIENT_TRAFFIC_SECRET_0 207aea3ddc1d5a038a24aca144d2326521774d87b41668fea703f5b8de3102d1 90861f8870d0ad95a30c07307908c3f6e6b718f3f8671d564265dbaedfc036c8
SERVER_TRAFFIC_SECRET_0 207aea3ddc1d5a038a24aca144d2326521774d87b41668fea703f5b8de3102d1 6f4a932956ecc0494bd0beb3dba9f2b63575daa6ae735cc9a7efc65fb7e4c86c
EXPORTER_SECRET 207aea3ddc1d5a038a24aca144d2326521774d87b41668fea703f5b8de3102d1 7d8914e274d97500dec2bbcda825f350a78af14edb043dc6a2d6f526407d25ff
CLIENT_EARLY_TRAFFIC_SECRET 3fe1f7bf7c678ffe6cf8b0a275a9ce89b3e3fa20ea6df8b6f824ba0ebb2c285b 1bb495a09689807e427c07f7465e8d289e4d597b2c1372c25d80b836fa4ad826
CLIENT_HANDSHAKE_TRAFFIC_SECRET 3fe1f7bf7c678ffe6cf8b0a275a9ce89b3e3fa20ea6df8b6f824ba0ebb2c285b 2e3da77da4916ceaffcc15bd4ac0c523d5b1cb0808e6473e52250a4d12ce70cf
SERVER_HANDSHAKE_TRAFFIC_SECRET 3fe1f7bf7c678ffe6cf8b0a275a9ce89b3e3fa20ea6df8b6f824ba0ebb2c285b c0e89aa33be6adce2d30d42455b115320f92e9d74c28d7088c12b0237f591818
CLIENT_TRAFFIC_SECRET_0 3fe1f7bf7c678ffe6cf8b0a275a9ce89b3e3fa20ea6df8b6f824ba0ebb2c285b 1f01fa8e2b8c7957575d1f8e29293a99c3417b58c952e1aa4dcb12fbcde56944
SERVER_TRAFFIC_SECRET_0 3fe1f7bf7c678ffe6cf8b0a275a9ce89b3e3fa20ea6df8b6f824ba0ebb2c285b 60ac864e3e95e0a3808e1ae147d13c1c176faaccb39fbe6214cd6455aab1633e
EXPORTER_SECRET 3fe1f7bf7c678ffe6cf8b0a275a9ce89b3e3fa20ea6df8b6f824ba0ebb2c285b f628529c38563284c71855ada03e142807669258516efc39928dabc12ee89ca7
CLIENT_EARLY_TRAFFIC_SECRET 0d8d61b3c33a6fe775e8688883daf409550028a2c5b77e8f5eec014d4c47e76c 1adb73fc44f9c622053a8c07f084b7649711736c1a9dddccaa3bd8ab7bf77b4b
CLIENT_HANDSHAKE_TRAFFIC_SECRET 0d8d61b3c33a6fe775e8688883daf409550028a2c5b77e8f5eec014d4c47e76c 47a9a85912647fd9bf87aa87a9e54d5f65ad4014e3a7df65f7b6167390f5022a
SERVER_HANDSHAKE_TRAFFIC_SECRET 0d8d61b3c33a6fe775e8688883daf409550028a2c5b77e8f5eec014d4c47e76c 05440a0c08823f311980bed0ec8acb0a7ccdebe6b8ed7719081955fe75fc5bdc
CLIENT_TRAFFIC_SECRET_0 0d8d61b3c33a6fe775e8688883daf409550028a2c5b77e8f5eec014d4c47e76c aeb99aa98d10cb32a74a97690ed9bd541fe8e417ae0554b3cb258f25e67a79b1
SERVER_TRAFFIC_SECRET_0 0d8d61b3c33a6fe775e8688883daf409550028a2c5b77e8f5eec014d4c47e76c 0cd06a15d5ad358a892a3f0346a3f85c5c43946a4500f4a5d7dfa17cb685db12
EXPORTER_SECRET 0d8d61b3c33a6fe775e8688883daf409550028a2c5b77e8f5eec014d4c47e76c c7fee2e191e898aa7bb96dbfac4914e4f2f6f3521a2fb2a6f0a0334111c15d36
CLIENT_EARLY_TRAFFIC_SECRET 73322a13e04927453f2f98ad77851369fb9f079468d56481304365768b6f3950 4420252de3efa44acaaff6c3b9f53a0e7c1127ff758341f8f28d0d959d23db9f
CLIENT_HANDSHAKE_TRAFFIC_SECRET 73322a13e04927453f2f98ad77851369fb9f079468d56481304365768b6f3950 43ed444533dfd5f3af1aa410fdbdce7f66151b3ca82aaee7a607e0cc650bd585
SERVER_HANDSHAKE_TRAFFIC_SECRET 73322a13e04927453f2f98ad77851369fb9f079468d56481304365768b6f3950 c21d84ed4ba876bbbe52d45d62819a245473ff48ca84a289da14a0f6645adb42
CLIENT_TRAFFIC_SECRET_0 73322a13e04927453f2f98ad77851369fb9f079468d56481304365768b6f3950 e76da40ea2c18f69616e418862245a595d59f8db9b9359819f9db92bdced2c01
SERVER_TRAFFIC_SECRET_0 73322a13e04927453f2f98ad77851369fb9f079468d56481304365768b6f3950 1c33c95037812ebce241a88c95c50e7d9eb30a4d29630382c1718ae5ae025dd2
EXPORTER_SECRET 73322a13e04927453f2f98ad77851369fb9f079468d56481304365768b6f3950 12e763877718615ef395d652376cfe837c10a396b9366f408a1123be513f94c8
CLIENT_EARLY_TRAFFIC_SECRET 5b9f0178021f5f3f3d9ec8c3d1a3f7e112acc977e624d84793e9dbeb0b2d52c3 acd98f89ec9b128cb63f23f3530c0767e949eeb17e70b33547c67507265192f3c986028320ff46c9f207274d0b1567b0
CLIENT_HANDSHAKE_TRAFFIC_SECRET 5b9f0178021f5f3f3d9ec8c3d1a3f7e112acc977e624d84793e9dbeb0b2d52c3 317b8ca4c4ea648c73c634afff0e7b4d27b34501422999573c101566c1fa735ee29ca86a7545b49e18e18de804d5598a
SERVER_HANDSHAKE_TRAFFIC_SECRET 5b9f0178021f5f3f3d9ec8c3d1a3f7e112acc977e624d84793e9dbeb0b2d52c3 f160f96c11d82ad3ec357ac326c9caddbb9c91062b08bd4cdf1a891e12808481f3c0a4654882a73c3af10c4141fddae1
CLIENT_TRAFFIC_SECRET_0 5b9f0178021f5f3f3d9ec8c3d1a3f7e112acc977e624d84793e9dbeb0b2d52c3 ac8661ee23a0ad1883a051ceabb65e29597a35ae20d1d644d71ed3de87de696bf26eb6b94ba0a2c8d28637a6ae99d614
SERVER_TRAFFIC_SECRET_0 5b9f0178021f5f3f3d9ec8c3d1a3f7e112acc977e624d84793e9dbeb0b2d52c3 9f3d337fcbd65b442369c0b10d37f6504978521ecb6e4040529c65d030d158b5f814c02a0889b402c5a861c235e27c1b
EXPORTER_SECRET 5b9f0178021f5f3f3d9ec8c3d1a3f7e112acc977e624d84793e9dbeb0b2d52c3 fc727a88c1dfb1983a1c61e39bede3205e1e2c2b6ee2c6e2b8b6550892679548917c676e77a5ca98a8cc448da81ed405
CLIENT_EARLY_TRAFFIC_SECRET d74d94bb361ae49b6b7fbb9af705f21d74ac834247d645005c10fcc0969efbcb 0dcf35cfbc6b0593c4192e25771edfc849497b2b8bbebfd6709247be73b98b69
CLIENT_HANDSHAKE_TRAFFIC_SECRET d74d94bb361ae49b6b7fbb9af705f21d74ac834247d645005c10fcc0969efbcb d3ed9b1661c89d899105045dd9e6cf2947c75bb66455b78634a74a5a105ad18d
SERVER_HANDSHAKE_TRAFFIC_SECRET d74d94bb361ae49b6b7fbb9af705f21d74ac834247d645005c10fcc0969efbcb fa509c0d0a9cedfcfe6f82969ad5a584ce39fb72a6badfb99fa520c5b903fd7b
CLIENT_TRAFFIC_SECRET_0 d74d94bb361ae49b6b7fbb9af705f21d74ac834247d645005c10fcc0969efbcb e97e9b7727214552b1360ab8faf8f6dec0043573ead2bb4b00810d1ffee494a1
SERVER_TRAFFIC_SECRET_0 d74d94bb361ae49b6b7fbb9af705f21d74ac834247d645005c10fcc0969efbcb 0ba07685e9532c6ec88133f24cfa7fc115c4184360cf8df8989961702e9f2af7
EXPORTER_SECRET d74d94bb361ae49b6b7fbb9af705f21d74ac834247d645005c10fcc0969efbcb 209287c5b32cac9cab4a54cd685d7595d8ce4ccb226f52c8c155e7e94b0c3905
CLIENT_EARLY_TRAFFIC_SECRET 9b7f494f6175c9e8b56eabfa7409bc3558599ef299be331cd710b3f37517fa24 6b781fa3392879fe979bff411f7b19a34b557db97215dd14ab2fd52137c7d2d8
CLIENT_HANDSHAKE_TRAFFIC_SECRET 9b7f494f6175c9e8b56eabfa7409bc3558599ef299be331cd710b3f37517fa24 3563e04083162e0851ad05588dc71f87440cb544fd04cee4cbdcf0f4ff68f9be
SERVER_HANDSHAKE_TRAFFIC_SECRET 9b7f494f6175c9e8b56eabfa7409bc3558599ef299be331cd710b3f37517fa24 ef04cde1c62d1fe398a9fa7723db9eb4f4ab9329059f04ea3ec3702e6e70c7cf
CLIENT_TRAFFIC_SECRET_0 9b7f494f6175c9e8b56eabfa7409bc3558599ef299be331cd710b3f37517fa24 4e0ab71a249c44cd83652d066bbb2876dc0290048720db655151b0524d306a31
SERVER_TRAFFIC_SECRET_0 9b7f494f6175c9e8b56eabfa7409bc3558599ef299be331cd710b3f37517fa24 dd6b24924c66d5f1a28fbc9521628bfe80292441c87771b9914567e8d4746eab
EXPORTER_SECRET 9b7f494f6175c9e8b56eabfa7409bc3558599ef299be331cd710b3f37517fa24 3000a38be60f9c7d60bbed3efa3a084453dfa249512af97d375f5a87f2493cb4
CLIENT_EARLY_TRAFFIC_SECRET 08207518116e5277cf935e852f2178102dfcabb2726a01768d3f5fa86f08afb2 e35a4519a80593a4e10599e74bd382336fa7f85819194e807447d2b5fe1a7b20308f02a3b9ab48859c4229712ed15b9b
CLIENT_HANDSHAKE_TRAFFIC_SECRET 08207518116e5277cf935e852f2178102dfcabb2726a01768d3f5fa86f08afb2 7d7768effb96ea02e612714f65853cf71109ba938284638d89b9149400bb70d26f8113a074427ea9c2fd0f4f12bedea0
SERVER_HANDSHAKE_TRAFFIC_SECRET 08207518116e5277cf935e852f2178102dfcabb2726a01768d3f5fa86f08afb2 147953b681008077cc488a0d836b69a47f481b4db13604ad9d174613bc45d9f3c577e6067e463cded5214086a56c8b60
CLIENT_TRAFFIC_SECRET_0 08207518116e5277cf935e852f2178102dfcabb2726a01768d3f5fa86f08afb2 6dafd506657cb91fd3cbdb4dfdc6e6643adb77851ff07c36a5e374b4bfc14082626cb3ff39dbb6ec708349d2e335cf1f
SERVER_TRAFFIC_SECRET_0 08207518116e5277cf935e852f2178102dfcabb2726a01768d3f5fa86f08afb2 8332f109231199b922da0dbdc624a9fa080da2f7f2d94b5423d7b7970412af3c1bdcc0fbf19079f64f644d9090bcda90
EXPORTER_SECRET 08207518116e5277cf935e852f2178102dfcabb2726a01768d3f5fa86f08afb2 2a22875e08a6bd83761b75ce1630868601a22970e97f8c039cbeed1cca427dc627a2e007ccbfcaef1f2c6ca2b21d0019
CLIENT_EARLY_TRAFFIC_SECRET 0dd09e06e964fcef0e9867d4eb009aed2d87cc6d24ebdd850936792f3abf2b99 1d9c73d1059a08f94e7034aa7c5e7b4bb2c70e6175c4ee1597c003fd676749c0
CLIENT_HANDSHAKE_TRAFFIC_SECRET 0dd09e06e964fcef0e9867d4eb009aed2d87cc6d24ebdd850936792f3abf2b99 f4830c8e76fdde366feb4a79185494d7a30d691c65ce23f4fae259a2a7bf5f87
SERVER_HANDSHAKE_TRAFFIC_SECRET 0dd09e06e964fcef0e9867d4eb009aed2d87cc6d24ebdd850936792f3abf2b99 0f3375bb2fb6eaaa961f60543c0f9dc30332c80cb23a8ef848247214d57da28e
CLIENT_TRAFFIC_SECRET_0 0dd09e06e964fcef0e9867d4eb009aed2d87cc6d24ebdd850936792f3abf2b99 1dd0f7bd5a14ff9688f134ac943dc4ef4d8eaff7e2e7a095361a26b492b08021
SERVER_TRAFFIC_SECRET_0 0dd09e06e964fcef0e9867d4eb009aed2d87cc6d24ebdd850936792f3abf2b99 b81275e26200cda166cf4422121c01c8af0cbba27becec83a9d63c2e7b156e98
EXPORTER_SECRET 0dd09e06e964fcef0e9867d4eb009aed2d87cc6d24ebdd850936792f3abf2b99 42f8cdf0fad799da0404669f045e8abfc4f00e5a7b1c06e3755d74bbb2390f6b
CLIENT_EARLY_TRAFFIC_SECRET 4fd4ce38ecba85889e1cc578f826d06188a81233c76afaa39f28e0b53699ab59 84e03af406d295a6c6b73ee690e822f6071f5a91019a1dfb72186b669c9cafc1
CLIENT_HANDSHAKE_TRAFFIC_SECRET 4fd4ce38ecba85889e1cc578f826d06188a81233c76afaa39f28e0b53699ab59 5f082d051627ac288418c8d72ec6ef81e43b8fd0b4eaa65f959e66735a8e63e4
SERVER_HANDSHAKE_TRAFFIC_SECRET 4fd4ce38ecba85889e1cc578f826d06188a81233c76afaa39f28e0b53699ab59 d19c3f194f678d4f13efd32a647f2e296f63470fcb5aaf6c473925774a9a7298
CLIENT_TRAFFIC_SECRET_0 4fd4ce38ecba85889e1cc578f826d06188a81233c76afaa39f28e0b53699ab59 af3807a252e6beec450a09eb5ae446508cdb5b25f94f90b3e6f0dcb292414c42
SERVER_TRAFFIC_SECRET_0 4fd4ce38ecba85889e1cc578f826d06188a81233c76afaa39f28e0b53699ab59 5764b21aeb53dae2cdb79c9de69fa175bae4218ee9f7dce42281a85fa6bb80fb
EXPORTER_SECRET 4fd4ce38ecba85889e1cc578f826d06188a81233c76afaa39f28e0b53699ab59 fae0a8c4c77399abd85a12299f27357b8adacd9737945b3e9f81e0704f9fc891
CLIENT_EARLY_TRAFFIC_SECRET 333319d18162c73eeac0bb8b13259e63b363c482daf1b4c5d92dc683d14d1c46 acbdd5a7065bb879cfdf2e2629d45ff91a0dba92ed0cb57e213a654f7ad7010e
CLIENT_HANDSHAKE_TRAFFIC_SECRET 333319d18162c73eeac0bb8b13259e63b363c482daf1b4c5d92dc683d14d1c46 cddf59eabbc7e117a3baf7feda22d58694d486a48eb9f1914f840cee9c59247d
SERVER_HANDSHAKE_TRAFFIC_SECRET 333319d18162c73eeac0bb8b13259e63b363c482daf1b4c5d92dc683d14d1c46 cea6a8770327cbeb6b3704c1fdbbd4c82b8e758ca8b63ae1499bb5cbf803dcc8
CLIENT_TRAFFIC_SECRET_0 333319d18162c73eeac0bb8b13259e63b363c482daf1b4c5d92dc683d14d1c46 e1c1bb4f28b4e66ed0155bddaadc142de76da29f1603da87af17a94e885f4927
SERVER_TRAFFIC_SECRET_0 333319d18162c73eeac0bb8b13259e63b363c482daf1b4c5d92dc683d14d1c46 4cf710afcaefa57810211bfdbe4e299fc346a69fe41689f8ceb9585efc03a119
EXPORTER_SECRET 333319d18162c73eeac0bb8b13259e63b363c482daf1b4c5d92dc683d14d1c46 59288c66110d257005cda3950e8a34e9f0486b4b6d83f68af8b1ac4d55106c07
CLIENT_EARLY_TRAFFIC_SECRET c00da4086139b0d1233b8ec3cd51fc85ddaca524e868af8653869ff73ac43b5b 76c4d9dbbf586b701c8e9b0c63eb24ce5ff75016cb75eb8e2d477acef0bba1ef
CLIENT_HANDSHAKE_TRAFFIC_SECRET c00da4086139b0d1233b8ec3cd51fc85ddaca524e868af8653869ff73ac43b5b f18eb6f9b676b26daa9984b1726706dd19fa3b3efc3bc0bb3114903105d4272c
SERVER_HANDSHAKE_TRAFFIC_SECRET c00da4086139b0d1233b8ec3cd51fc85ddaca524e868af8653869ff73ac43b5b af3409188c8f8535a6736a4b0d44e50216dadb5586dcb30cc5838d6acff9002b
CLIENT_TRAFFIC_SECRET_0 c00da4086139b0d1233b8ec3cd51fc85ddaca524e868af8653869ff73ac43b5b 85fe7ac8251a5bf1f96fc6bd164456f79f3352fb0a9d20d28153f751e6b99c7b
SERVER_TRAFFIC_SECRET_0 c00da4086139b0d1233b8ec3cd51fc85ddaca524e868af8653869ff73ac43b5b 6414f601b036f2d33c022e9b9b225fdc4d1a76bbc19e5a4b6c80b9377a912a1b
EXPORTER_SECRET c00da4086139b0d1233b8ec3cd51fc85ddaca524e868af8653869ff73ac43b5b 0a9c9be6f0682521d0a862f81ebfe5b10844134b3754d17c52bda4dd73ab1fa7
CLIENT_EARLY_TRAFFIC_SECRET 68f5a8a28cf2ba5bbafae02fdad9d2ef6b09527c5e4bfe0bbb2353cc58c65b13 04ec0c67de333663bda26f8677ddc1cf002845e2ce01dab3ce13ac03e300b6d0076b3ce2aaf184ba15363f2137796b5a
CLIENT_HANDSHAKE_TRAFFIC_SECRET 68f5a8a28cf2ba5bbafae02fdad9d2ef6b09527c5e4bfe0bbb2353cc58c65b13 8d0ee2047c2de0d2095be5c820bf692ccdd2f4c8579ee60e444c939fe0e98b046c818491585d27f2c77865d7cd2e3357
SERVER_HANDSHAKE_TRAFFIC_SECRET 68f5a8a28cf2ba5bbafae02fdad9d2ef6b09527c5e4bfe0bbb2353cc58c65b13 7377ce641b49d58bfea99839687e9bc7837c101b44bbf461dd0a43b4011ea824bfa9b1c534559b371c5ef10bca6ffe9f
CLIENT_TRAFFIC_SECRET_0 68f5a8a28cf2ba5bbafae02fdad9d2ef6b09527c5e4bfe0bbb2353cc58c65b13 e7c4fa293804ab0cf89f665c47b213f93e8eb1d69c017c8ce04af279f9881f64e69cf30b40d8689a3d5f85944b3e8b5d
SERVER_TRAFFIC_SECRET_0 68f5a8a28cf2ba5bbafae02fdad9d2ef6b09527c5e4bfe0bbb2353cc58c65b13 cdf8aa5026ae6489f2e6059dcf0a360337802d522a44eeb91d427b34aaa7c1697ac7e83ab40461b9b5d5801d5f8532b2
EXPORTER_SECRET 68f5a8a28cf2ba5bbafae02fdad9d2ef6b09527c5e4bfe0bbb2353cc58c65b13 6d1f452bdf1b52e258f62d117f8d57baa63932ae1f627290f3ba47604efaabb940f2af185796e6cb463f87c0bc0a8565
CLIENT_EARLY_TRAFFIC_SECRET 6c65f90e9d49b1dfdc80efa1b0c9f0da837d8c8cbc63cb210be77b217f483e70 c19cdcddff89d283761dd5e1808af6391c1dfb654ca54b2cb9e1d6d5128f9e84
CLIENT_HANDSHAKE_TRAFFIC_SECRET 6c65f90e9d49b1dfdc80efa1b0c9f0da837d8c8cbc63cb210be77b217f483e70 a91549c8e65f17b1799b8be54cf80629920599a8dea7a7a19b386a62b9ff3f44
SERVER_HANDSHAKE_TRAFFIC_SECRET 6c65f90e9d49b1dfdc80efa1b0c9f0da837d8c8cbc63cb210be77b217f483e70 66c96328bba81a2297b940c9f8d282d79abbc444e4d207ab3545e91bee5c1bc8
CLIENT_TRAFFIC_SECRET_0 6c65f90e9d49b1dfdc80efa1b0c9f0da837d8c8cbc63cb210be77b217f483e70 42cfd681b728c216ae529053989fe583c98709618485e3a6faa105cd938a3423
SERVER_TRAFFIC_SECRET_0 6c65f90e9d49b1dfdc80efa1b0c9f0da837d8c8cbc63cb210be77b217f483e70 aa6915804d7016e5893010ec4d327fbc52d877362f259c91927ac1c1d4715021
EXPORTER_SECRET 6c65f90e9d49b1dfdc80efa1b0c9f0da837d8c8cbc63cb210be77b217f483e70 ef8c0032113bd3ff4483e37bbef82862f4994202b54c520cc9bc3ef3a3c84a0f
CLIENT_EARLY_TRAFFIC_SECRET 052e6412393141a726cfb5b2e4927e5566484012d5fee8db77062fd78487c65a e7db656fc5268f3359ffad4a2213ada70858666432fdd8a36e434bb24c414a744877187375b0439843df67b735e232d5
CLIENT_HANDSHAKE_TRAFFIC_SECRET 052e6412393141a726cfb5b2e4927e5566484012d5fee8db77062fd78487c65a 8eae76116b05a9116debaf30bf3b0ea8bb0d6a2bbea9181a11cfdf87d4f4a3801e92ea51ba63aadecc4b7f8ae9fd0223
SERVER_HANDSHAKE_TRAFFIC_SECRET 052e6412393141a726cfb5b2e4927e5566484012d5fee8db77062fd78487c65a b074be8d02fe22259a585b460506b3089b9518e177b2b94921b52eb36c3e0f3240d6743322de316326187bf2833f92d4
CLIENT_TRAFFIC_SECRET_0 052e6412393141a726cfb5b2e4927e5566484012d5fee8db77062fd78487c65a 77dd47aa61a47b5e4f58aa7c8fc6d8c97e4315feeb33ec0d2d8d2ca79469b4e8f7497b6ea0b067bff73817c1ba82cf94
SERVER_TRAFFIC_SECRET_0 052e6412393141a726cfb5b2e4927e5566484012d5fee8db77062fd78487c65a eb4036df5b1a9f945b517d89984006028c98d83ed41eb47c4d4466e2ce5e753a7a2851d82f4d69190cf360fe824ca99d
EXPORTER_SECRET 052e6412393141a726cfb5b2e4927e5566484012d5fee8db77062fd78487c65a 6b593bb0761bd06ec6f3b8aa9ca1c7a4b124c5ed23965adb0de93f93f45e61e2b8bb00c3c505f76825f209e3e8c82d28
CLIENT_EARLY_TRAFFIC_SECRET 547ca2367c0af43e5ede26cac4d44973c5ada7f699142069ef39932fd5465013 e5ee2522de7a6dbb4019fc7d16a83f2c9c31d299db22fd7753b26eaa65417ec5
CLIENT_HANDSHAKE_TRAFFIC_SECRET 547ca2367c0af43e5ede26cac4d44973c5ada7f699142069ef39932fd5465013 efe0fb96381dd6e56748ec939690126116d78ae72fdf9ba0b971146b3beef85d
SERVER_HANDSHAKE_TRAFFIC_SECRET 547ca2367c0af43e5ede26cac4d44973c5ada7f699142069ef39932fd5465013 5c63097147c728f37bd879c89009d1866d1aae790bc8ac8977a7a07de14ad348
CLIENT_TRAFFIC_SECRET_0 547ca2367c0af43e5ede26cac4d44973c5ada7f699142069ef39932fd5465013 e5b36584478bc6dfdbd08ef01804fbb8003724b5d94d8ea0f51594b3c6d60d49
SERVER_TRAFFIC_SECRET_0 547ca2367c0af43e5ede26cac4d44973c5ada7f699142069ef39932fd5465013 c61db797dc25bfdbe507441c2456fc4f0002978873daa4f529bead777532063c
EXPORTER_SECRET 547ca2367c0af43e5ede26cac4d44973c5ada7f699142069ef39932fd5465013 cd8497e65c6f93d16c1aeeb88c554c7ad0295a9517f69e806e45604521d6cedc
CLIENT_EARLY_TRAFFIC_SECRET c4ad786e92aadf6e48cb5ecc1f96f858c7b7ad2ce45b0b3a5276c117fc410d2c a8b21034f4509528bd083e6aa7ea600e7867338553f0d1a65f1ba8b2b505134b5729d7cc2a4106462096df61716a99fd
CLIENT_HANDSHAKE_TRAFFIC_SECRET c4ad786e92aadf6e48cb5ecc1f96f858c7b7ad2ce45b0b3a5276c117fc410d2c 073ecf50b87ccdf92fc00ba1603dbde3544ea6b71911c9b5a3fe855bebf0309971d6db688a3c2b88fa0e4018bdbfae03
SERVER_HANDSHAKE_TRAFFIC_SECRET c4ad786e92aadf6e48cb5ecc1f96f858c7b7ad2ce45b0b3a5276c117fc410d2c dcdefde3e7e2aefa0b1c0854d08640309bf3fe53fb3514a4b07ec98996fa90e041dbf28c345d56787047b6da55e4c776
CLIENT_TRAFFIC_SECRET_0 c4ad786e92aadf6e48cb5ecc1f96f858c7b7ad2ce45b0b3a5276c117fc410d2c 96e1199684713c71df5af43696f44df8b1ca1148761218c5a3a4d9872bfb7fbb802a2dd17d287d60b31bd0ae497b9b3a
SERVER_TRAFFIC_SECRET_0 c4ad786e92aadf6e48cb5ecc1f96f858c7b7ad2ce45b0b3a5276c117fc410d2c 076eae4eb8d8cfb889ad7f706dc906efaf0f85f0eb9e7bab1c9477d02168805d5d0b3f983881a73a6ee2c4b927d29a46
EXPORTER_SECRET c4ad786e92aadf6e48cb5ecc1f96f858c7b7ad2ce45b0b3a5276c117fc410d2c f953bcdabde43f95e6636a67767d4cdbdb68b8dd80a0498b36a77194dcfd51dd4b7d4c5a0f0119ee374d2d78c97d50ae
CLIENT_HANDSHAKE_TRAFFIC_SECRET 06d37768765cc761dea87ac63cc510f5466317c5f3e6f60b1a0d160aac82fe6c daf435b5ef7bf110797b6f06f461acab15e0f298cc587b078f1f6de9bfdd2217
SERVER_HANDSHAKE_TRAFFIC_SECRET 06d37768765cc761dea87ac63cc510f5466317c5f3e6f60b1a0d160aac82fe6c fd401e1def5f22b96cbb440ed43e58c2bc2cb890ddb621fabafdee9fc32ec8f0
CLIENT_TRAFFIC_SECRET_0 06d37768765cc761dea87ac63cc510f5466317c5f3e6f60b1a0d160aac82fe6c 07127e4aa1f96f0c4761b8f8b6c54c0ce0198c6b21b056f8d16cf9676b8c1b77
SERVER_TRAFFIC_SECRET_0 06d37768765cc761dea87ac63cc510f5466317c5f3e6f60b1a0d160aac82fe6c c405da2fb864ec54b60f95f21e0f877a392b5ec26300d223bb8faffeef0244d8
EXPORTER_SECRET 06d37768765cc761dea87ac63cc510f5466317c5f3e6f60b1a0d160aac82fe6c 8157c8352ce66e8d3364c7cce0e1189b4aecdf81adb2aae06a569dbb4436be07
CLIENT_EARLY_TRAFFIC_SECRET 97e8b6b6d7de19bd77271bc5e589e0d79be6b17545a1bd0350eea7300b16dd1b 62b449413407d2b62c962f5a64b6115e087b9b7e5055bb1db8ddd77f6abc5934
CLIENT_HANDSHAKE_TRAFFIC_SECRET 97e8b6b6d7de19bd77271bc5e589e0d79be6b17545a1bd0350eea7300b16dd1b 2846af43114e521717b2ef6c7583a2197320a866d386fb22bb69302a6d6a0cbc
SERVER_HANDSHAKE_TRAFFIC_SECRET 97e8b6b6d7de19bd77271bc5e589e0d79be6b17545a1bd0350eea7300b16dd1b 5c888b1c6382067f2cb8a7fa00644443f3c6c4fca6238cdb71066c39612bad62
CLIENT_TRAFFIC_SECRET_0 97e8b6b6d7de19bd77271bc5e589e0d79be6b17545a1bd0350eea7300b16dd1b 246e516d67061a3cf79fb981d11f1d76955577fab5f058cbafee3eb3f3b063fe
SERVER_TRAFFIC_SECRET_0 97e8b6b6d7de19bd77271bc5e589e0d79be6b17545a1bd0350eea7300b16dd1b 3ce136257fc5b7fc00cd3e38221a4dc2d8d6e38422ad393e6c974ba40363a704
EXPORTER_SECRET 97e8b6b6d7de19bd77271bc5e589e0d79be6b17545a1bd0350eea7300b16dd1b d7c757907efd21c144a70d35389c45768120c1235d2bec4cf52090d29d4227cc
CLIENT_EARLY_TRAFFIC_SECRET c7c6f3840990857b2b614189352739da2c3b907cb2b04c5427495ef371b8bf2b 70f394045c61b302b45f3d8676d5f6b837974c7a046d7987479976c2ead2ff25
CLIENT_HANDSHAKE_TRAFFIC_SECRET c7c6f3840990857b2b614189352739da2c3b907cb2b04c5427495ef371b8bf2b 42f42f9b3360089e4cb5c411aeff76fd4d2f9940aa1ea66ca7dcdff5ae784bf9
SERVER_HANDSHAKE_TRAFFIC_SECRET c7c6f3840990857b2b614189352739da2c3b907cb2b04c5427495ef371b8bf2b a06473721113f831bf19e48a1b3853956ba77d2c173a26fb501c0acc5f867fc2
CLIENT_TRAFFIC_SECRET_0 c7c6f3840990857b2b614189352739da2c3b907cb2b04c5427495ef371b8bf2b 6f26a963c9d41c795a6c0c82a61b66dbfe336eba6890ca86b0343a30f9d010b9
SERVER_TRAFFIC_SECRET_0 c7c6f3840990857b2b614189352739da2c3b907cb2b04c5427495ef371b8bf2b 1cc14d9d978e1997441ef61fa090af3569dd37266433c69493cdda4a52676f91
EXPORTER_SECRET c7c6f3840990857b2b614189352739da2c3b907cb2b04c5427495ef371b8bf2b c42cff0c9bee50e682ee00c0fa16a93119432e5ab4508d2f117d0169cafef5c0
CLIENT_HANDSHAKE_TRAFFIC_SECRET 79191580f6d1fb356f750ef0fdb653a817a085c6e7b057d4fb8de52659f796b3 69667f09ddaea4068784b95acc76fbdbff65ebe1e756b371a8cff139d39cc959
SERVER_HANDSHAKE_TRAFFIC_SECRET 79191580f6d1fb356f750ef0fdb653a817a085c6e7b057d4fb8de52659f796b3 f870927e14f5bbf9b6fe69cafd7d38137154c753fa7f8e79162d8f6892455492
CLIENT_TRAFFIC_SECRET_0 79191580f6d1fb356f750ef0fdb653a817a085c6e7b057d4fb8de52659f796b3 a78647c5ea800a1de7ff54babfee5326f5c4af0e77d25f0ae47a897e97315016
SERVER_TRAFFIC_SECRET_0 79191580f6d1fb356f750ef0fdb653a817a085c6e7b057d4fb8de52659f796b3 f83bd94f9cc687d4832f1afe15bacacedbcf1c88800c7c850686c65812afa217
EXPORTER_SECRET 79191580f6d1fb356f750ef0fdb653a817a085c6e7b057d4fb8de52659f796b3 35b6b249c05f5521385656b5b412f9ad812932fa57a42e1ddc0258856c6b93e9
CLIENT_EARLY_TRAFFIC_SECRET 41ecb5f1b274e98ae91794ff4931dd68811b8905823998b8d3799cd95d700ab9 23994534977d3effa11672753b235fd6191e9f7187dd828cec645ec14f8c757e
CLIENT_HANDSHAKE_TRAFFIC_SECRET 41ecb5f1b274e98ae91794ff4931dd68811b8905823998b8d3799cd95d700ab9 ec580849e0ab0f931846ae7e36114443810fa8598ecaa730cf591631185d1169
SERVER_HANDSHAKE_TRAFFIC_SECRET 41ecb5f1b274e98ae91794ff4931dd68811b8905823998b8d3799cd95d700ab9 153451f44d5d2cc311a17aefee5119fb8afbabd4f73e3e11922e47ecb78e4939
CLIENT_TRAFFIC_SECRET_0 41ecb5f1b274e98ae91794ff4931dd68811b8905823998b8d3799cd95d700ab9 eae89359a375c039ff65b4dcd6629a06646f79a377adc4c9a136588260b620c9
SERVER_TRAFFIC_SECRET_0 41ecb5f1b274e98ae91794ff4931dd68811b8905823998b8d3799cd95d700ab9 012d973b9360091d80f3d8fb17b3c4b8ebb13f74097e8b2d1051fd88d2115591
EXPORTER_SECRET 41ecb5f1b274e98ae91794ff4931dd68811b8905823998b8d3799cd95d700ab9 ed0a4125c96ce929529836d234666b5c3d8da5cda84a52a1c0a345f699633e9d
CLIENT_EARLY_TRAFFIC_SECRET ca7ae75599552208c267bce4f15da17cf3b29ae94c482aff0037648dffc0dc77 ae8ee1c0660c1d85cff9374a4c7fb2103b84703b84cedc81b481f77fc39a94b8c7e1e28300a9bc5be3095f261ac23e66
CLIENT_HANDSHAKE_TRAFFIC_SECRET ca7ae75599552208c267bce4f15da17cf3b29ae94c482aff0037648dffc0dc77 5f08d3b6380fc9343861e1c48f922e266c660f9410af0b5177b8e767808f22c9ac1788e0df50f8f03b148ffd3bcc9faf
SERVER_HANDSHAKE_TRAFFIC_SECRET ca7ae75599552208c267bce4f15da17cf3b29ae94c482aff0037648dffc0dc77 8d1bfc31d5bf4c5ccbc33429fcf7f4fd0d5fcc7d8151c232e76f6fac331f2d3ad7ae754dd937d44eb7d54584792136e0
CLIENT_TRAFFIC_SECRET_0 ca7ae75599552208c267bce4f15da17cf3b29ae94c482aff0037648dffc0dc77 7e9370a6cf079d425d72809d02b155059c9c24f3877e86b911a8b04cbffdbaa057b218ef5d026aa8d88548b723eebbcc
SERVER_TRAFFIC_SECRET_0 ca7ae75599552208c267bce4f15da17cf3b29ae94c482aff0037648dffc0dc77 da81540f553d72c8dc33b8380fb8f9880393bdcacbe5b7c129567f14386879416c81e9f390de21991787252a737db31c
EXPORTER_SECRET ca7ae75599552208c267bce4f15da17cf3b29ae94c482aff0037648dffc0dc77 68624732a7f0c4bdd1b9e4eaa7e86b6a35a6d676f7ea29b95a4f1446da203c06ead91fae06202aa2a8809217da7de23a
CLIENT_EARLY_TRAFFIC_SECRET 5c7bc2d72fa40e0ce481647e0f55412913f01c94501ca73cdae22903349af479 0f5bf50079d23b57a04df289a2928f50e6c57e4c23ac8c8c5ae2036cc9c51607
CLIENT_HANDSHAKE_TRAFFIC_SECRET 5c7bc2d72fa40e0ce481647e0f55412913f01c94501ca73cdae22903349af479 a5ffd0ab2addb24b9e6d95f4632b3d3cab5babf67d12f9861eb4f0a272eda7e4
SERVER_HANDSHAKE_TRAFFIC_SECRET 5c7bc2d72fa40e0ce481647e0f55412913f01c94501ca73cdae22903349af479 b392dff3958c8ffe59c9a01b5b92713716655f46528ba1cc6de54d04a53d67b4
CLIENT_TRAFFIC_SECRET_0 5c7bc2d72fa40e0ce481647e0f55412913f01c94501ca73cdae22903349af479 da037ea490f790e9090d6ee5dce3ca2c8a7ad4c32c04142d52371eba990cf132
SERVER_TRAFFIC_SECRET_0 5c7bc2d72fa40e0ce481647e0f55412913f01c94501ca73cdae22903349af479 705be309e7a06009802adf92193e74f39babec099385734bd7fd07b60db7490c
EXPORTER_SECRET 5c7bc2d72fa40e0ce481647e0f55412913f01c94501ca73cdae22903349af479 5772ef264d56226f9476242eb71c2fa7a5f968202904b8d32de60f7149aecc7a
CLIENT_EARLY_TRAFFIC_SECRET 2672e9a19966b91a3a723acb82f905b55dcd220151e01264286fb50fc0e59700 60867870db489e4a88bf1e8e44f622990694e8e01b4017eb0562b84a789043fdffdbd01345e06e08ee7b21fc5e296f93
CLIENT_HANDSHAKE_TRAFFIC_SECRET 2672e9a19966b91a3a723acb82f905b55dcd220151e01264286fb50fc0e59700 ecfe5c0b8bbbbaca1cf017d944c1398d17e3b746ac521269f4523b9b267392bdcd8da5f6f5756f86b7e931ab4ef39aaa
SERVER_HANDSHAKE_TRAFFIC_SECRET 2672e9a19966b91a3a723acb82f905b55dcd220151e01264286fb50fc0e59700 15e9b2afff1d444248f85eab63b87337dd97b1bb0b0d0ab75e081f082369743b6ffdfd02709bba3f3779e3e021c3c312
CLIENT_TRAFFIC_SECRET_0 2672e9a19966b91a3a723acb82f905b55dcd220151e01264286fb50fc0e59700 98794d113f4d994ca94432a036881623b19ace86aadd19d38177d4d623177a2f109fee54f0c0359fedb633468e6f7b8c
SERVER_TRAFFIC_SECRET_0 2672e9a19966b91a3a723acb82f905b55dcd220151e01264286fb50fc0e59700 e2deb7f1777312604caeb7a84ac1c4eef4fa4aac4241bf5e3f5e495e14793b4b2d55104887c9309c98c1be68853fda07
EXPORTER_SECRET 2672e9a19966b91a3a723acb82f905b55dcd220151e01264286fb50fc0e59700 369cc508875fb935e2d00e265d35d946a1a81c66d23e780de4921def4da565329a827b58e212287f7ae8bc4b1a7c6887
CLIENT_EARLY_TRAFFIC_SECRET 1694f6bd291454f006fc6d6c8a52954c52ef016d137655b74610d5bf1adb22c7 ebaf2c7257e0e8ce916e40ff1eb0b7a485555bc1a282076f9894cd0135a777ea
CLIENT_HANDSHAKE_TRAFFIC_SECRET 1694f6bd291454f006fc6d6c8a52954c52ef016d137655b74610d5bf1adb22c7 b488c067e15e3bffdc35955eac4f8e98cc50c67ab50fd6e4971199c2a9f3b479
SERVER_HANDSHAKE_TRAFFIC_SECRET 1694f6bd291454f006fc6d6c8a52954c52ef016d137655b74610d5bf1adb22c7 33ab36c0c50d5377b035a04b83ddcb2a60ad40d91e572e0c8a2ff51e78ceb889
CLIENT_TRAFFIC_SECRET_0 1694f6bd291454f006fc6d6c8a52954c52ef016d137655b74610d5bf1adb22c7 afba0e27721dec9311af44bf0153bef5ff315b371e96ccf6e4acc0dc61f08838
SERVER_TRAFFIC_SECRET_0 1694f6bd291454f006fc6d6c8a52954c52ef016d137655b74610d5bf1adb22c7 794c78ae21ba59987bba323ff239454c1aed26270b3c1ac664d2701bad074ca6
EXPORTER_SECRET 1694f6bd291454f006fc6d6c8a52954c52ef016d137655b74610d5bf1adb22c7 262b0874ebf3540ef7915c7d491e17c4d2bb7d92fb9811d9f536bb2cb104b309
CLIENT_EARLY_TRAFFIC_SECRET 85dbacaa12d3436ab26e412bb302c34a6c4f79b4bcd13cf5c32fc8fe945fca05 a5ec06d49c85aca5b846b9c0c6a3da3b20eb911e9a13f952550c778b1246ecd1a537147286f671d275b17e1d6fd8612f
CLIENT_HANDSHAKE_TRAFFIC_SECRET 85dbacaa12d3436ab26e412bb302c34a6c4f79b4bcd13cf5c32fc8fe945fca05 a2175ceb52942b6e6a8e507675bfb59cb0f666aee4e642c3e45bbcf9e48d3af07756bf55deac0c35cd50c4a511925ea1
SERVER_HANDSHAKE_TRAFFIC_SECRET 85dbacaa12d3436ab26e412bb302c34a6c4f79b4bcd13cf5c32fc8fe945fca05 8d0b31b2b5e4a717ad40dcaec0d759e1c965af918c0bf547d9446bbd5e59530c2367e098ddde43cb9321c6aa419a4fc0
CLIENT_TRAFFIC_SECRET_0 85dbacaa12d3436ab26e412bb302c34a6c4f79b4bcd13cf5c32fc8fe945fca05 d22ef596162c347643bc580f1c9d5256429622848e526e2d26f619c164a7daf86c210955d71ac976d9371f2e97b64956
SERVER_TRAFFIC_SECRET_0 85dbacaa12d3436ab26e412bb302c34a6c4f79b4bcd13cf5c32fc8fe945fca05 a9848eace0c988f2895be14e07d7a96e254368adbe7ef676fa1db9489c22d7004930355c329421895889a3bbe8e4d602
EXPORTER_SECRET 85dbacaa12d3436ab26e412bb302c34a6c4f79b4bcd13cf5c32fc8fe945fca05 486895f8f00a3a5328e23f27ba254384301a0512ca41d1aaa9dc426c51bb312e22dc32bdbdf27e6a516852fd9ef56e08
CLIENT_EARLY_TRAFFIC_SECRET bb1198e68c968a687c94e4e2590ca055d2f91019ca5cd289b47e5a6124fe8707 1fa2a9393401bda8169df39a44dc0425626be5d4728ee7752655fbfa8046e5a6a4281b7b143e6da36af799e109f33444
CLIENT_HANDSHAKE_TRAFFIC_SECRET bb1198e68c968a687c94e4e2590ca055d2f91019ca5cd289b47e5a6124fe8707 897f5f73faa0283aac7721f258876eb8b2ae7d14423e7e27b3657c08672f74614899d3b3ce76801f63e80e00e12f915a
SERVER_HANDSHAKE_TRAFFIC_SECRET bb1198e68c968a687c94e4e2590ca055d2f91019ca5cd289b47e5a6124fe8707 3e23db745ca149eb4b18bc58c32cdfdedad6b57ee3781b6f157f14e2a67f4a8edfe5af087bacfdc7f3be7af3f49a3797
CLIENT_TRAFFIC_SECRET_0 bb1198e68c968a687c94e4e2590ca055d2f91019ca5cd289b47e5a6124fe8707 089974d0c17d08c11105368f6735032301741d29709dc736b7378f8b6c838d49dd10f51fc26d8466d6a252ff2dc0d457
SERVER_TRAFFIC_SECRET_0 bb1198e68c968a687c94e4e2590ca055d2f91019ca5cd289b47e5a6124fe8707 c87a8dd50fbe03ff49007565ca6cf3a61566b26305d3042abdba8e12c87f18a6b2f263a65983eea45226f55d1bb71744
EXPORTER_SECRET bb1198e68c968a687c94e4e2590ca055d2f91019ca5cd289b47e5a6124fe8707 f4a4904744c5343e45336a9a23feca2ff92ad2e08a57875fb39f5d7e10ccc9b29d4c137840b5259bd0740a08d1c8cccd
CLIENT_EARLY_TRAFFIC_SECRET 1364b128ae9b066a58a29b0a85e72830183b5f2959835ea0e04139bfce66fd45 5405b4f41e4f81df0342d81e606ef7e88b416c3360bd068cadf5c4e14ee7ab61
CLIENT_HANDSHAKE_TRAFFIC_SECRET 1364b128ae9b066a58a29b0a85e72830183b5f2959835ea0e04139bfce66fd45 95c436ba60ab8517bc11e7c1476a46ad40791593d4d1f4b0a17276c47469a7fc
SERVER_HANDSHAKE_TRAFFIC_SECRET 1364b128ae9b066a58a29b0a85e72830183b5f2959835ea0e04139bfce66fd45 85384f2acca46463d66ab3401c5a6f036af064d8e86daa15450ba2b380f6f71c
CLIENT_TRAFFIC_SECRET_0 1364b128ae9b066a58a29b0a85e72830183b5f2959835ea0e04139bfce66fd45 0377d340a82079a5e943235d73af78d1767b71c92c4af3129e3828ade51a37f8
SERVER_TRAFFIC_SECRET_0 1364b128ae9b066a58a29b0a85e72830183b5f2959835ea0e04139bfce66fd45 a7ca34012382a4d0bf97a9d86e6fe32bf54d2a831b37ac54458f7f528ad7bf24
EXPORTER_SECRET 1364b128ae9b066a58a29b0a85e72830183b5f2959835ea0e04139bfce66fd45 2bf1d35dcb71e382f80df7b0d0e2f02e2c03b52dcfeffc99f17305b51bf8fbdd
CLIENT_HANDSHAKE_TRAFFIC_SECRET 0bce42ada3b494f01a6038be98bcde77bd63e39b4eca5806df65ca757cb4fe1e 09b6c558099d3a22cb7ced99c9d3787698445cda21a7f6af322466bce4d656aa
SERVER_HANDSHAKE_TRAFFIC_SECRET 0bce42ada3b494f01a6038be98bcde77bd63e39b4eca5806df65ca757cb4fe1e a5eba8bc867a5312c716d405df2e2915f1eaca548726539249da9ad875f0c584
CLIENT_TRAFFIC_SECRET_0 0bce42ada3b494f01a6038be98bcde77bd63e39b4eca5806df65ca757cb4fe1e a396c9e95cc459f56b35696f3ff3bbdcab71cb96c5662811e23279080747d883
SERVER_TRAFFIC_SECRET_0 0bce42ada3b494f01a6038be98bcde77bd63e39b4eca5806df65ca757cb4fe1e 810aedc0de2b550a4adb971d7fc39cce158fbbbf6b658fe1a8cb5c36be6add19
EXPORTER_SECRET 0bce42ada3b494f01a6038be98bcde77bd63e39b4eca5806df65ca757cb4fe1e 4f5e1b6ffa5cefa942033b73346a088c738b08ff671037250d33899f8dbee09c
CLIENT_EARLY_TRAFFIC_SECRET 5d30ecc915fb0c0bdcdd4c0ed8fbfd9a7a56a9e3eb2eed68e59a02bf3123cd3d 8e33563ac9c6dd969ec8f9b57087034c9577e3ab0bbf141cae1a9bba5e1ea825
CLIENT_HANDSHAKE_TRAFFIC_SECRET 5d30ecc915fb0c0bdcdd4c0ed8fbfd9a7a56a9e3eb2eed68e59a02bf3123cd3d d9dd3065eb83ca0220dc4b2b0129db6793d6e48456b9c9a011238cdda7316324
SERVER_HANDSHAKE_TRAFFIC_SECRET 5d30ecc915fb0c0bdcdd4c0ed8fbfd9a7a56a9e3eb2eed68e59a02bf3123cd3d 01f2b30b87819c8db5f6c78b68297a7261e13055e8785f982ff113cc7de422b1
CLIENT_TRAFFIC_SECRET_0 5d30ecc915fb0c0bdcdd4c0ed8fbfd9a7a56a9e3eb2eed68e59a02bf3123cd3d a9f0e2881313f68901bea2cfceb55fcc7d58931e445534c4b4a8129d131e7de3
SERVER_TRAFFIC_SECRET_0 5d30ecc915fb0c0bdcdd4c0ed8fbfd9a7a56a9e3eb2eed68e59a02bf3123cd3d da92de1b360f9cf96918d97bfd77bb3d44c222f5114ef019e02924e320a1a8f7
EXPORTER_SECRET 5d30ecc915fb0c0bdcdd4c0ed8fbfd9a7a56a9e3eb2eed68e59a02bf3123cd3d d5f546f3d7d99a65bf52843efa9700a1933f2ee7215646f480df2455a306b5c8
CLIENT_EARLY_TRAFFIC_SECRET 01ecc020e58c5f90451a79f0b564256e3c2c0680b9e912752c84c862d5e186c4 63b196ceec77649aebd9486c9e8e9e231a1d2ae54b17c00935f57efc10741c5e
CLIENT_HANDSHAKE_TRAFFIC_SECRET 01ecc020e58c5f90451a79f0b564256e3c2c0680b9e912752c84c862d5e186c4 e78176a6a19570462bc536baa909315fbaf3454d73a10dee013ee5849548814c
SERVER_HANDSHAKE_TRAFFIC_SECRET 01ecc020e58c5f90451a79f0b564256e3c2c0680b9e912752c84c862d5e186c4 d278dc53550c600331721025485eaad6937c99d24128ff93bc30eed7c12e3850
CLIENT_TRAFFIC_SECRET_0 01ecc020e58c5f90451a79f0b564256e3c2c0680b9e912752c84c862d5e186c4 a0890932aa348e363d768e1b1ce1a2c8145d931476f1cbba9f424b94eda18efa
SERVER_TRAFFIC_SECRET_0 01ecc020e58c5f90451a79f0b564256e3c2c0680b9e912752c84c862d5e186c4 4bf2873e928f257e85a11305634163958aee37425bbf66ff6859155b2793058f
EXPORTER_SECRET 01ecc020e58c5f90451a79f0b564256e3c2c0680b9e912752c84c862d5e186c4 c792231f4a4efdd02a777914041bea4ff26d9ea1ad5ce3b1c948828bcc5f0a3f
CLIENT_EARLY_TRAFFIC_SECRET 89b5f054d03260d7ec16bba41dcc66688bbaa179a84620072ab1462ac7ad3cee 1107cad17ad68a2c80299ddb19a915e2eaef9b5e3f1b191e377380f2aecdd20a
CLIENT_HANDSHAKE_TRAFFIC_SECRET 89b5f054d03260d7ec16bba41dcc66688bbaa179a84620072ab1462ac7ad3cee 3bd5a97f24007f72a2b550c7143bc40e6740109d86b6707ab57b7688aca475ee
SERVER_HANDSHAKE_TRAFFIC_SECRET 89b5f054d03260d7ec16bba41dcc66688bbaa179a84620072ab1462ac7ad3cee 2c83150d882071bfb3a6885b442cdbf2345212a377c93359aa6916941280d016
CLIENT_TRAFFIC_SECRET_0 89b5f054d03260d7ec16bba41dcc66688bbaa179a84620072ab1462ac7ad3cee 7475d09c7e69745cc2d369eefab574474dbb3b1da0cf95a4bd58f1ae3427577c
SERVER_TRAFFIC_SECRET_0 89b5f054d03260d7ec16bba41dcc66688bbaa179a84620072ab1462ac7ad3cee af71bb1ab4803aa8852f260fa6b6035ca307dd84da336bbf7ed0f0b273868650
EXPORTER_SECRET 89b5f054d03260d7ec16bba41dcc66688bbaa179a84620072ab1462ac7ad3cee 665d01a081d5b6d35ae976ed16d1369a6357481790c63c561de382e3a084bd4c
CLIENT_EARLY_TRAFFIC_SECRET 348a9f8a152f0d8866e1ce68a6739ab04596f8dc9919b7891e6ba438fc220a98 e3932a9b6aba818110043e8b9c7d61d8614603fba99fb098756d0b663dc9047dfbd0a2c5054bf0d88dd5e70db37fc2ca
CLIENT_HANDSHAKE_TRAFFIC_SECRET 348a9f8a152f0d8866e1ce68a6739ab04596f8dc9919b7891e6ba438fc220a98 4eb982f5b1d9ef38503567785ebb84aaf41a43bf66f3227e868b15017634972cbd69d3d9538aeb9c11aa2181ba6ddfba
SERVER_HANDSHAKE_TRAFFIC_SECRET 348a9f8a152f0d8866e1ce68a6739ab04596f8dc9919b7891e6ba438fc220a98 94712a2a8e40e560717ccff5d12f7e3ac1cf9365a500db93c0bab8899ba4853abc7453dee6cff768e435dd0245cdafad
CLIENT_TRAFFIC_SECRET_0 348a9f8a152f0d8866e1ce68a6739ab04596f8dc9919b7891e6ba438fc220a98 9f0a9489f3b85b026397fbd8a74497d11b0144139ef3befa8461c87b7a883f8aa4995a7cfc16a8fc6d80ba494f94f81c
SERVER_TRAFFIC_SECRET_0 348a9f8a152f0d8866e1ce68a6739ab04596f8dc9919b7891e6ba438fc220a98 1c9f0921f013562b7dca3a9addf76229a23f99b31418ae23c9e16c8e954c1b1095aa05b98ede24d58fe8e58cf6379210
EXPORTER_SECRET 348a9f8a152f0d8866e1ce68a6739ab04596f8dc9919b7891e6ba438fc220a98 f33c7332e3ad46d0b74eae4999c3799be8d017d9216632005ee3c8dd7bd5c92cf1dd2b999fedcdd5a4fc40524212a201
CLIENT_EARLY_TRAFFIC_SECRET fb8d0f1948fc78352afc7ee641ec958881f8641032ce4849405bf5f8bad235a2 69d2b71be33e96b258e74d4c1419bc1f5af62617ea204dd029a2033e684e9800
CLIENT_HANDSHAKE_TRAFFIC_SECRET fb8d0f1948fc78352afc7ee641ec958881f8641032ce4849405bf5f8bad235a2 5cdcdbd3379cc0a070a6bf97591b659f660cb833ec5b5e4ed2094d9d35f9139c
SERVER_HANDSHAKE_TRAFFIC_SECRET fb8d0f1948fc78352afc7ee641ec958881f8641032ce4849405bf5f8bad235a2 ac7c0b07fd35152894d7495e162950b691db5e11587e8d2cb2c30b4c3f21383e
CLIENT_TRAFFIC_SECRET_0 fb8d0f1948fc78352afc7ee641ec958881f8641032ce4849405bf5f8bad235a2 68a3ff6004c0e63b8d2708f8bc98ad4073b7191df021f1c3e6d0c74a74a90497
SERVER_TRAFFIC_SECRET_0 fb8d0f1948fc78352afc7ee641ec958881f8641032ce4849405bf5f8bad235a2 09516aaf7343bbdd4570e6359e575f4e5c3f6bf1b717d6c38d0821b9a72e9ed4
EXPORTER_SECRET fb8d0f1948fc78352afc7ee641ec958881f8641032ce4849405bf5f8bad235a2 4a6465b1b338cb5a7bb17ae0a98889004c6c97d81fa3b70b7037f5003e9114e3
CLIENT_EARLY_TRAFFIC_SECRET 9876ce12b2897d340d789f8e8ad4d7e01d76c8be560ca7dd160c2c7f7c3089a6 e920354e52fa299011cc2f666e4b1a1f72be3af5a34329e9910c8d48db50821e0aacc405c0af1be13c1e0e3753d99c88
CLIENT_HANDSHAKE_TRAFFIC_SECRET 9876ce12b2897d340d789f8e8ad4d7e01d76c8be560ca7dd160c2c7f7c3089a6 790e634713b36c65980bbeb6980f75af7b54dc4974011ad50eb59b7ff230a215bb25ff03a33480797063557ae1710dc5
SERVER_HANDSHAKE_TRAFFIC_SECRET 9876ce12b2897d340d789f8e8ad4d7e01d76c8be560ca7dd160c2c7f7c3089a6 4865ddc866b97b1edbd935f86f8a7aa23c29339ebf3b104f344917b5668f8d39b20f12c3da454561243985c8d2709e6f
CLIENT_TRAFFIC_SECRET_0 9876ce12b2897d340d789f8e8ad4d7e01d76c8be560ca7dd160c2c7f7c3089a6 4bda82760eb740cb8dfbcd813c73fef311f85fa3e2676553ad1eeafdb866c98849ea4218af704982158c481708362605
SERVER_TRAFFIC_SECRET_0 9876ce12b2897d340d789f8e8ad4d7e01d76c8be560ca7dd160c2c7f7c3089a6 2c55516cfb4fcba5f9f1df9a544bc13340b4fdc3b3e8e2552228f4e75999ea7a023cbe312ddd34964936901c860d5a54
EXPORTER_SECRET 9876ce12b2897d340d789f8e8ad4d7e01d76c8be560ca7dd160c2c7f7c3089a6 d38e5225a6a8d972cf1e815592ba0236da393d6f0b137dfeaf6fc4e6042afea744fae62a37078ed0ab08d8692ad9c0f8
CLIENT_EARLY_TRAFFIC_SECRET 68cb8f966e308ecfc559e5d88bee25e716350f4adceb403f1a76c7ec370ba443 86f954bb3619f05d7da34663506ddb7bd1a859feae04af5f5c2763f8eef644e409765172ae4a90fe718dbeeb9e031967
CLIENT_HANDSHAKE_TRAFFIC_SECRET 68cb8f966e308ecfc559e5d88bee25e716350f4adceb403f1a76c7ec370ba443 f509df59a911aa39259a0f84fc3c291c0efdc2ef5a2526665629cf0f191bba15ab50a43e0fbcedf132f971011dfcfbd5
SERVER_HANDSHAKE_TRAFFIC_SECRET 68cb8f966e308ecfc559e5d88bee25e716350f4adceb403f1a76c7ec370ba443 4be6b09eaa71571581b08907f310db32eb420c60c2ecfd3b1aff7b5921461e152fddd31930c219b01b3a9c2f47e2cc54
CLIENT_TRAFFIC_SECRET_0 68cb8f966e308ecfc559e5d88bee25e716350f4adceb403f1a76c7ec370ba443 1d812e0f60a1221ce213a25a7c9bb9e1a16503f8293a247fa9553e5a32ed19fc24d8532fc03bce1c80ff68c4f73e2537
SERVER_TRAFFIC_SECRET_0 68cb8f966e308ecfc559e5d88bee25e716350f4adceb403f1a76c7ec370ba443 5d77e461456e717b90f176768d376e8f79aae36087cd7c0bc6a08e3f40c97eac026bafa15561a4f284f29637050ed0be
EXPORTER_SECRET 68cb8f966e308ecfc559e5d88bee25e716350f4adceb403f1a76c7ec370ba443 a9044ef849f38507a2b624660352d5e57ae937a9d1e43fbe85f19b51f732fecbe7fa55daba2c6555c8634dbc7bca185e
CLIENT_EARLY_TRAFFIC_SECRET e5b405151ce22709ecc55f36daacb44c785ccc3d0def180b941443770a921c82 050d22fa2c211c9e82c4f019751ca16fb13f08d2b01bc462e597526cb7d9eedc
CLIENT_HANDSHAKE_TRAFFIC_SECRET e5b405151ce22709ecc55f36daacb44c785ccc3d0def180b941443770a921c82 b8e0029051147a4aa97e68d06cba3e3eccc4b244c0ae481525232eabf9b8e820
SERVER_HANDSHAKE_TRAFFIC_SECRET e5b405151ce22709ecc55f36daacb44c785ccc3d0def180b941443770a921c82 a8ca65959b6cce6783eab1e1fdcd8bdeb13928fcb92d189f9415001e579723a4
CLIENT_TRAFFIC_SECRET_0 e5b405151ce22709ecc55f36daacb44c785ccc3d0def180b941443770a921c82 2c21a86a4263a4774127282622b882c7780ef3b340b91ecb42a9f2473da0842e
SERVER_TRAFFIC_SECRET_0 e5b405151ce22709ecc55f36daacb44c785ccc3d0def180b941443770a921c82 7ce6b2a3aff9a442354ebc49e0429f1c1d78fbf6c96e976bb12bd5165b35774e
EXPORTER_SECRET e5b405151ce22709ecc55f36daacb44c785ccc3d0def180b941443770a921c82 3904c924ca26639651a842d9c9e8292422657606393dd76cb36fc938d154fa68
CLIENT_EARLY_TRAFFIC_SECRET cbd183c102efebb53e4b442c82e832b1282751210a938b46291886607de459dc 977c7b4e299922f0f9803389ee9667ba377b541ff1e46e54c45869752e4180d2afb825320bc76c4a0ee8f87415b2e94d
CLIENT_HANDSHAKE_TRAFFIC_SECRET cbd183c102efebb53e4b442c82e832b1282751210a938b46291886607de459dc 32ba4a76f845d3e20b5031fff1500847b775a74c176721e4333a5e77acdcfe934fb7a9ae017a99c6feab3ecd80bc6cee
SERVER_HANDSHAKE_TRAFFIC_SECRET cbd183c102efebb53e4b442c82e832b1282751210a938b46291886607de459dc 1c5237cabe6703e79bc027a1aa54c8a343f7d4ab56ddf06a6277ecdf61f803cd58caf32ba2fcc73f8f35064514e3426f
CLIENT_TRAFFIC_SECRET_0 cbd183c102efebb53e4b442c82e832b1282751210a938b46291886607de459dc 3fe52dcde6f9befdd45077accab1b2b5421b076da4490dfc6eea50430ab7a6dadd44da75176cb589e9c8d3d796f8adc3
SERVER_TRAFFIC_SECRET_0 cbd183c102efebb53e4b442c82e832b1282751210a938b46291886607de459dc f67ae66c91c8b957d27bb9a8e959d54c33a94d8d8c5af6f0c73ef40611cba74b38c5a28ef8dc7f90266ac413dd922134
EXPORTER_SECRET cbd183c102efebb53e4b442c82e832b1282751210a938b46291886607de459dc 39e91f7e396546c4a55004f39d59b949ed79bf8fb3664052c4b13b8709de2a2e887841cf47104a4b0a47e9559a4bfcc3
CLIENT_EARLY_TRAFFIC_SECRET 9142ddb290664ca68403cd5f84d63a80e29fd4f4df10a3f07e4c757f9079ce40 fd4e34d31c8c93d6e6b148ab527583a56326ea37280b207ce95cc41d3f8bad1f
CLIENT_HANDSHAKE_TRAFFIC_SECRET 9142ddb290664ca68403cd5f84d63a80e29fd4f4df10a3f07e4c757f9079ce40 e971877e0cf974ee0a91c00e5b510e9059b88ca2fdfc3ad6a6ef236d6185cee4
SERVER_HANDSHAKE_TRAFFIC_SECRET 9142ddb290664ca68403cd5f84d63a80e29fd4f4df10a3f07e4c757f9079ce40 e82658f0c404a267b25be86f9b707d299aaf46a9f33083e7fef98be254847f12
CLIENT_TRAFFIC_SECRET_0 9142ddb290664ca68403cd5f84d63a80e29fd4f4df10a3f07e4c757f9079ce40 095883d2c3e9aca062f72b2408b68b83d32d9b21e097caf0abfeab448709b839
SERVER_TRAFFIC_SECRET_0 9142ddb290664ca68403cd5f84d63a80e29fd4f4df10a3f07e4c757f9079ce40 6e9084c77b1d3e15d05e1d8a7da60d2d2d782ada8915ba6430fed0b21a01b8f1
EXPORTER_SECRET 9142ddb290664ca68403cd5f84d63a80e29fd4f4df10a3f07e4c757f9079ce40 1e3b30e3c2bd1fb5137e4352fd66f6180bf44dbc232bf47d5fb1d15aecbeb04e
CLIENT_EARLY_TRAFFIC_SECRET dc994cf51d913b4f98ade1681c2ca43a7366459cf9e8450494adef3609a26edc b849cc74493ffc5c98dffc258d3ac2206aee87b50e6742839c7e559b92254ed9
CLIENT_HANDSHAKE_TRAFFIC_SECRET dc994cf51d913b4f98ade1681c2ca43a7366459cf9e8450494adef3609a26edc f29f482af14b9b3cf874056546c3046276c9acd46732d82460ff1d885e0fb6ae
SERVER_HANDSHAKE_TRAFFIC_SECRET dc994cf51d913b4f98ade1681c2ca43a7366459cf9e8450494adef3609a26edc 6d216b7ec436e4a84fc0d67adba6dca836d105af9466d5ad8a4252baf8fbd568
CLIENT_TRAFFIC_SECRET_0 dc994cf51d913b4f98ade1681c2ca43a7366459cf9e8450494adef3609a26edc 9c1fe3377ad7e36295793efdf7029bd6601ac42f8aaf952792cf3df55b45729c
SERVER_TRAFFIC_SECRET_0 dc994cf51d913b4f98ade1681c2ca43a7366459cf9e8450494adef3609a26edc 6b258aceceae9dce71fde1ee7e9e06585210d0049ee9503697bab5ed83cdc48b
EXPORTER_SECRET dc994cf51d913b4f98ade1681c2ca43a7366459cf9e8450494adef3609a26edc ce59caae4ad0fdddc7a9c1910bdea3bb0d9d0d70408be88daf74dcfd5b089ccf
CLIENT_EARLY_TRAFFIC_SECRET 2a6b696ba5bf7f1ad223f8ddb7fee100756251d078c71e99920df88b356e13b5 1040b5a1ceb5bba30be90b756a5449522ccfbf9a363c8c0f7ebf0c021f4a25b5
CLIENT_EARLY_TRAFFIC_SECRET 74137704337d23cb5f5e1ca373f7d804fed973079677f712a8909b83958aceba abbdd528b86246b6f6d15e4d824f1db387aebbafde03ff4ad5680776bf27f552
CLIENT_HANDSHAKE_TRAFFIC_SECRET 74137704337d23cb5f5e1ca373f7d804fed973079677f712a8909b83958aceba 1f495baf772308b65cd4b89b30cb6dfec4b7932731c83f878425579f4674908d
SERVER_HANDSHAKE_TRAFFIC_SECRET 74137704337d23cb5f5e1ca373f7d804fed973079677f712a8909b83958aceba 68879e3a1db6c9f4cbc778f7fb2c4b974456865fb528a7e6831c9bd3ed34b230
CLIENT_TRAFFIC_SECRET_0 74137704337d23cb5f5e1ca373f7d804fed973079677f712a8909b83958aceba 97dd4e538bbdb6cac1d274b34d76b4b8be83a528730675b7503410064105413e
SERVER_TRAFFIC_SECRET_0 74137704337d23cb5f5e1ca373f7d804fed973079677f712a8909b83958aceba f2aa2d54e85f40292adeac250b613f6f44a7100b18f8a512b033aff606d2426e
EXPORTER_SECRET 74137704337d23cb5f5e1ca373f7d804fed973079677f712a8909b83958aceba 95b48f361301ad6f9974f0bc59750e997ef301e21208d7f7f88a01ee83178b77
CLIENT_HANDSHAKE_TRAFFIC_SECRET 2a6b696ba5bf7f1ad223f8ddb7fee100756251d078c71e99920df88b356e13b5 b8eb45659f20660b87f63bf026763cd0640fe0b3e3122e261059d66096b9dc8c
SERVER_HANDSHAKE_TRAFFIC_SECRET 2a6b696ba5bf7f1ad223f8ddb7fee100756251d078c71e99920df88b356e13b5 89df5ff23bae31fe133805d11dcaa5261becfd560b16af871537344d30c575be
CLIENT_TRAFFIC_SECRET_0 2a6b696ba5bf7f1ad223f8ddb7fee100756251d078c71e99920df88b356e13b5 4a96e6779293744fac3869889c49912a1db1c78b99299f4df431c5dd203363e4
SERVER_TRAFFIC_SECRET_0 2a6b696ba5bf7f1ad223f8ddb7fee100756251d078c71e99920df88b356e13b5 bd84aaf43b718d1d7726df4326725f0be9c3acef80d2d3aaf556963594be179a
EXPORTER_SECRET 2a6b696ba5bf7f1ad223f8ddb7fee100756251d078c71e99920df88b356e13b5 fd063868a9f07d076825d191e71de709a7da2390977bb0775db986344c3b3064
CLIENT_EARLY_TRAFFIC_SECRET 8eaa790c0605ac81d359bea2c267f7786c60e5392d0a5427cbac79dd29bf0c6e c2cfc52a8b5d3396f7c99bf79daac4d6ac52cc6dc48b39a7d3a26d5abfa74a48281402d44395dee676df28ed2f50c1ad
CLIENT_HANDSHAKE_TRAFFIC_SECRET 8eaa790c0605ac81d359bea2c267f7786c60e5392d0a5427cbac79dd29bf0c6e cb25461a4041aca6d11f6d62cb4d04aaee17e6ce280ab468a04c0f3d82fdf0bdc9edb87577e00a289852ff3f4215d636
SERVER_HANDSHAKE_TRAFFIC_SECRET 8eaa790c0605ac81d359bea2c267f7786c60e5392d0a5427cbac79dd29bf0c6e e200d503721eed062e0c178212a959103ee584e4062dbc0727fdefcf6b7429024ef7f1374d15faf9c518631cc68ef9cd
CLIENT_TRAFFIC_SECRET_0 8eaa790c0605ac81d359bea2c267f7786c60e5392d0a5427cbac79dd29bf0c6e 4f2ad6cce111ae07f014af9da7faf11f7ed6ecd95d7e30c91844a22aa2aa5b5a51f111c04d3aa0d13be9e075d6a18c6e
SERVER_TRAFFIC_SECRET_0 8eaa790c0605ac81d359bea2c267f7786c60e5392d0a5427cbac79dd29bf0c6e 663c06758143fc305ec88c01f1b3e83c48f9f101491ae78f9a6dd8b9adf47972e4ccd343fbf9103e876a282c953e1d33
EXPORTER_SECRET 8eaa790c0605ac81d359bea2c267f7786c60e5392d0a5427cbac79dd29bf0c6e b65eb9c56c3967c3b737ffae49b0fa57a7c4dca54c0be776157fce725b6191245920720bcd4dfc3235f56bbb6ebd76b8
CLIENT_EARLY_TRAFFIC_SECRET 47c39c87a428b756994535c46bd46fd71e957ea67380ebe975139375d026f349 920e52e6ecc1208b34871613e8fae6929f667fae4d3145cb4c8440fdba7706b0
CLIENT_HANDSHAKE_TRAFFIC_SECRET 47c39c87a428b756994535c46bd46fd71e957ea67380ebe975139375d026f349 93b41e6751d09a28c84447cc5374f790392d01fb90b650064c14175354410ace
SERVER_HANDSHAKE_TRAFFIC_SECRET 47c39c87a428b756994535c46bd46fd71e957ea67380ebe975139375d026f349 d10bc1550b6edecc2baae40de44f63e401b8693963e54d3f7979a5e90efaddb3
CLIENT_TRAFFIC_SECRET_0 47c39c87a428b756994535c46bd46fd71e957ea67380ebe975139375d026f349 d314b6442b2b4f7287caecbb9ebedc7dad6a9f6e7ef48464811caef81c3a0e1d
SERVER_TRAFFIC_SECRET_0 47c39c87a428b756994535c46bd46fd71e957ea67380ebe975139375d026f349 35a7c6508baeae41bdd65fda71053752c97672f9bc988543945007c5e618fbc3
EXPORTER_SECRET 47c39c87a428b756994535c46bd46fd71e957ea67380ebe975139375d026f349 515828859e64cba612a7217912efd77837daee8191a48f78b602fea6a831f2b6
CLIENT_EARLY_TRAFFIC_SECRET 825b3b90393a2b6ffcce71e435e6028b225f4e06d242c0a3349f83367c2f2465 8971b635ae98356610bf3f2dd3706a17e98f7e3d078346dd77aae3fd420a13b6872f8fc0408e04f17981c4530027095a
CLIENT_EARLY_TRAFFIC_SECRET 76fb03c4692c36b78028aa7a9edc9e1ba8eddad8ae6ba9160522c7738ce02a85 92b68daf47cb77169ed6798120780a4e96bf45a1fe5f713223b77895cd9716aa
CLIENT_HANDSHAKE_TRAFFIC_SECRET 825b3b90393a2b6ffcce71e435e6028b225f4e06d242c0a3349f83367c2f2465 ded4f2c7d6c02624f92a8342368aee788ac6118977b30224d5c18e1fe37b09b50787f6e48a70a8513c894192cc4ec842
SERVER_HANDSHAKE_TRAFFIC_SECRET 825b3b90393a2b6ffcce71e435e6028b225f4e06d242c0a3349f83367c2f2465 2469655d5ffe08fb1b207142d343953a9ae6866045ec306c7f5de0d5156de9a959694c1e9c34e9695d1b3df357a17316
CLIENT_TRAFFIC_SECRET_0 825b3b90393a2b6ffcce71e435e6028b225f4e06d242c0a3349f83367c2f2465 03f54f2570c158cf7b016d3590dec8be5a700d89d7a8dc8327773bb82ac2d03f516b934cb177fef88939326da9151979
SERVER_TRAFFIC_SECRET_0 825b3b90393a2b6ffcce71e435e6028b225f4e06d242c0a3349f83367c2f2465 a360aa835a9cbfd4a4f5b121ac6acfcfb5022d44f03be770cbe2baa49df6144c512a643442ac64cc4fc82e17c99b6c76
EXPORTER_SECRET 825b3b90393a2b6ffcce71e435e6028b225f4e06d242c0a3349f83367c2f2465 aafab03a1947395eba852aedcd439a61520ff11c2f0ff6a9b698ccfefe8dada9e05c883c14ccdd196221df7f6ede5c0c
CLIENT_HANDSHAKE_TRAFFIC_SECRET 76fb03c4692c36b78028aa7a9edc9e1ba8eddad8ae6ba9160522c7738ce02a85 69bf4e5e5fe3506520aae15ae37a586269bdc9c59863de94a7369d2fb6a970a9
SERVER_HANDSHAKE_TRAFFIC_SECRET 76fb03c4692c36b78028aa7a9edc9e1ba8eddad8ae6ba9160522c7738ce02a85 ff73c3559b917014384c6d2396c44da061337da81cbdfdbd2c3e4d9a751f18f7
CLIENT_TRAFFIC_SECRET_0 76fb03c4692c36b78028aa7a9edc9e1ba8eddad8ae6ba9160522c7738ce02a85 4940de7f276538e8e37d438a1f7de5a677f915e127092a1e185529f568f9deb2
SERVER_TRAFFIC_SECRET_0 76fb03c4692c36b78028aa7a9edc9e1ba8eddad8ae6ba9160522c7738ce02a85 960cd547625fea97fa55710308987375828365dc32fd81a5411d6c419ab6ac6a
EXPORTER_SECRET 76fb03c4692c36b78028aa7a9edc9e1ba8eddad8ae6ba9160522c7738ce02a85 fe52f225514d13f8210576e356c366bde9a144b67a83aa6a67da1a47ed993397
CLIENT_EARLY_TRAFFIC_SECRET b7452870581eab73a9c2ec5a1a7f8045c767fabaa8bac8386574ef8045691ec5 cf919efb0b2d11fbd0429d79f27f16759ec748e6989667766b6fb95bf474ba924051c952b7154d1d29fde8fd61f3c5d3
CLIENT_EARLY_TRAFFIC_SECRET 2ca8992a526c653c6d94baf2628662bcd3ff30e0b9f96f0c2a70ef9b7a955b6c 599ab6303215e3430fdd43a657bbb588d1edf4b8ec85866331eb4723ecd2639a
CLIENT_HANDSHAKE_TRAFFIC_SECRET b7452870581eab73a9c2ec5a1a7f8045c767fabaa8bac8386574ef8045691ec5 4c35b719034b87e65ded15490447f1784253b6aabcb6b9950c56527bd50b79a44a93ffc1581d34e2bd57f9f5fdf24640
SERVER_HANDSHAKE_TRAFFIC_SECRET b7452870581eab73a9c2ec5a1a7f8045c767fabaa8bac8386574ef8045691ec5 dad71cad2e1317fdc0c3b6d9a481322786c307425aafe27bdb39a432cf0ec8e306c290b4c8d94f1da72f7aec7815995b
CLIENT_TRAFFIC_SECRET_0 b7452870581eab73a9c2ec5a1a7f8045c767fabaa8bac8386574ef8045691ec5 4ab9609685ca0feda02392e7559d70a0f01d57a3431607ee1ec3943eefde524715c53d6374db05d84d4babe7633c342e
SERVER_TRAFFIC_SECRET_0 b7452870581eab73a9c2ec5a1a7f8045c767fabaa8bac8386574ef8045691ec5 3c59013de429f0cd728e3c48c55f3cb73d5e8a2a7467a3d1b67c90577186ce2a08a2debc42cf5d4e33f5b4a62d15354f
EXPORTER_SECRET b7452870581eab73a9c2ec5a1a7f8045c767fabaa8bac8386574ef8045691ec5 d7ff1ee486b733ef4534b8dace42702f7d84f3a31a380a9577ed9f47a3afbf2cac57c220526c4b821de2dfcc3c981158
CLIENT_HANDSHAKE_TRAFFIC_SECRET 2ca8992a526c653c6d94baf2628662bcd3ff30e0b9f96f0c2a70ef9b7a955b6c afd3bbb78b56a3d499c23faaefa7422467cb567ff5e7810b1e6fcaf9a173536a
SERVER_HANDSHAKE_TRAFFIC_SECRET 2ca8992a526c653c6d94baf2628662bcd3ff30e0b9f96f0c2a70ef9b7a955b6c 478b9ef175943a563c1f4138f793c99b95c4a8483f3c0c995a3cfc6c8a1d30c4
CLIENT_TRAFFIC_SECRET_0 2ca8992a526c653c6d94baf2628662bcd3ff30e0b9f96f0c2a70ef9b7a955b6c 0a7124cbdbca9369c6452fcdca377468e36dcfe047660e127e887d71c3817279
SERVER_TRAFFIC_SECRET_0 2ca8992a526c653c6d94baf2628662bcd3ff30e0b9f96f0c2a70ef9b7a955b6c 1dd4d4a9e72a83497b39ac6be7fbc80ea3abb2c432c0671fe07819da8c43529c
EXPORTER_SECRET 2ca8992a526c653c6d94baf2628662bcd3ff30e0b9f96f0c2a70ef9b7a955b6c 2d00bdf0b0f396396a9f054fdcf10b96262b7cddbd84286eced43aab14a34962
CLIENT_EARLY_TRAFFIC_SECRET 3b20c4145c24e39a6911a1635a842074fc0eb4a6259f2a26481e1ef47d0e1c31 dfe21065e9719abc68a68d30746d5f4dc91845ffb18ac8ed43502ee9ae9f4e25
CLIENT_HANDSHAKE_TRAFFIC_SECRET 3b20c4145c24e39a6911a1635a842074fc0eb4a6259f2a26481e1ef47d0e1c31 a4ac0b33a0b4340ad89fa74e74bcb8f1ef7c597ad2f8abd080abefe25402277d
SERVER_HANDSHAKE_TRAFFIC_SECRET 3b20c4145c24e39a6911a1635a842074fc0eb4a6259f2a26481e1ef47d0e1c31 289b1e192383474a2d12a96f3adc0a40eb6a318c34cdb864b7e31ebf90074aa3
CLIENT_TRAFFIC_SECRET_0 3b20c4145c24e39a6911a1635a842074fc0eb4a6259f2a26481e1ef47d0e1c31 469b6a15d510121a49ca2f85afbe4becc37b1e853f1eba48d3a54b136291ab67
SERVER_TRAFFIC_SECRET_0 3b20c4145c24e39a6911a1635a842074fc0eb4a6259f2a26481e1ef47d0e1c31 d5bda2cdd02fcd1449aaeb746160f0e52021f0671d2fc1ecb8688e462004232c
EXPORTER_SECRET 3b20c4145c24e39a6911a1635a842074fc0eb4a6259f2a26481e1ef47d0e1c31 a174642b3445ae0e60022986722b94b1da2afe30c18dcc8b004267e1fe3e8f5b
CLIENT_EARLY_TRAFFIC_SECRET 2bd609813a0a6785fa7e9b102f1f67f2f144f5eaee01d3998d83d3f9f1c23243 a0a1382cb77dd6e3847a6aa6e30f03bc8eac2187959b2db84834a7cff127c111
CLIENT_HANDSHAKE_TRAFFIC_SECRET 2bd609813a0a6785fa7e9b102f1f67f2f144f5eaee01d3998d83d3f9f1c23243 2ca2593143e14ab0a40b1407b04f4aba4f79039775cee466957710415fe2c1a3
SERVER_HANDSHAKE_TRAFFIC_SECRET 2bd609813a0a6785fa7e9b102f1f67f2f144f5eaee01d3998d83d3f9f1c23243 861e7e63900c169b3ab85322bbed128fb49de5b98558b21ca9df323bf273bee6
CLIENT_TRAFFIC_SECRET_0 2bd609813a0a6785fa7e9b102f1f67f2f144f5eaee01d3998d83d3f9f1c23243 4531c71cb9a90928b7f7ae746a824365eb31b76c247fe1412ffba6312aab2267
SERVER_TRAFFIC_SECRET_0 2bd609813a0a6785fa7e9b102f1f67f2f144f5eaee01d3998d83d3f9f1c23243 51c5ec29d2d5a5b0bb126758599a207091e842f44b01a60c7d99d5255e294401
EXPORTER_SECRET 2bd609813a0a6785fa7e9b102f1f67f2f144f5eaee01d3998d83d3f9f1c23243 eb1e21b8a9beae44b994daa41886b48fda62d0a64c90567f08aec5b8dff20974
CLIENT_EARLY_TRAFFIC_SECRET ffb62762d02d7ec71aa6688663422485b13a960bbf0b48a59708633c705fae90 912a264179e563656abf321dff45ef60938c4d3a1f2744c2cc8be050a022fa41
CLIENT_HANDSHAKE_TRAFFIC_SECRET ffb62762d02d7ec71aa6688663422485b13a960bbf0b48a59708633c705fae90 712a3e6af03dacb9dafed13a6bcbf125be7adaff631b61e0b1fbf804bf981efa
SERVER_HANDSHAKE_TRAFFIC_SECRET ffb62762d02d7ec71aa6688663422485b13a960bbf0b48a59708633c705fae90 e3f3fcce304cd8ad108b30454e603233667e1322921fe55b6e322b215310bfe4
CLIENT_TRAFFIC_SECRET_0 ffb62762d02d7ec71aa6688663422485b13a960bbf0b48a59708633c705fae90 daf2978b8795521b8af077c9f99def5a1f1c7eaf7696c89802560969fdd5ba16
SERVER_TRAFFIC_SECRET_0 ffb62762d02d7ec71aa6688663422485b13a960bbf0b48a59708633c705fae90 e0ba1fcc1225c1cd39242708444e39483a81f27cdde9a48342ac4eea24a40cd3
EXPORTER_SECRET ffb62762d02d7ec71aa6688663422485b13a960bbf0b48a59708633c705fae90 ee1325f9d6f58e1b01bac7e9f20a3cb0239c9f5bc9bc5a85810649a4f04fa118
CLIENT_EARLY_TRAFFIC_SECRET d3099f17a604345370128d8ab23842b908af7aa62d0262f92f81338d0be15e07 de9c03b2e865e141cf78c7052958358888b911b0ba5f7b266d5b0b675f3de21c
CLIENT_HANDSHAKE_TRAFFIC_SECRET d3099f17a604345370128d8ab23842b908af7aa62d0262f92f81338d0be15e07 363e8246791c10514f610348174848a8971b17ca6cd3e55a4b982d5bc8e21c45
SERVER_HANDSHAKE_TRAFFIC_SECRET d3099f17a604345370128d8ab23842b908af7aa62d0262f92f81338d0be15e07 73fd303bd708ad0583f5e7a40dff61a9492a1f0edd22dc1393905af69ff9ed7b
CLIENT_TRAFFIC_SECRET_0 d3099f17a604345370128d8ab23842b908af7aa62d0262f92f81338d0be15e07 40ae6a400ca420b9f2784be4678ee99a3ee31a342295565d4af4072f40fe0a08
SERVER_TRAFFIC_SECRET_0 d3099f17a604345370128d8ab23842b908af7aa62d0262f92f81338d0be15e07 897277dea6c02fc2663db246da74b1dc09e36cff92330e830cc9d58c3df9e8a2
EXPORTER_SECRET d3099f17a604345370128d8ab23842b908af7aa62d0262f92f81338d0be15e07 3378c7e9996f57c91ea3adc8cfc982e233913dee4506a0053efa5afe99edb80e
CLIENT_EARLY_TRAFFIC_SECRET c662d3f64e73910590669983066b303a464bfa71caadbd98b283d8988dfe308d 3668dd64214dd915632ae4fc6717a0f25c2f1431378633b0a80da256a723152b0791f6a3784c28d068e7b3115d44e114
CLIENT_HANDSHAKE_TRAFFIC_SECRET c662d3f64e73910590669983066b303a464bfa71caadbd98b283d8988dfe308d c87236c818eed70f052b389b3b65d6906d56201305b5d47e51ce3c634fbcaa0ee225d8b1f2d9241b3e82003806c1f5ad
SERVER_HANDSHAKE_TRAFFIC_SECRET c662d3f64e73910590669983066b303a464bfa71caadbd98b283d8988dfe308d 566257f07c5f4e577877a0e055d28815d5dfcc8c437f97d0b159cb3cc9c105b1186c2db9f82a8102fa11975c74e6f578
CLIENT_TRAFFIC_SECRET_0 c662d3f64e73910590669983066b303a464bfa71caadbd98b283d8988dfe308d c2cdc6024b4d9c316ad00996084f42338d963b0fecd7a9d9ac57a4dd67142a234502a09666e5db2762e6996eb4aa7a7c
SERVER_TRAFFIC_SECRET_0 c662d3f64e73910590669983066b303a464bfa71caadbd98b283d8988dfe308d 7d17e683a62f70f10723b1943f29196c9b1e756007480c6ce23932b7ed03afb53b82d912f99ea6a0997a3c44ddaf1c2d
EXPORTER_SECRET c662d3f64e73910590669983066b303a464bfa71caadbd98b283d8988dfe308d 434cfce11a2a1c27b3a1832f9689d4b25a3381e32f608cae67944e5025624e58bf71c8af0fd32a46295692b6c5880a4b
CLIENT_EARLY_TRAFFIC_SECRET 57c7198fa4d8e173095a00fcab1b4454769a462bc377b844c3b0bdb2f20be9dd c24b24bc9f4c2c1d4f791389a2057b654970275519dc5cb425516a1cd0b5b9ce
CLIENT_HANDSHAKE_TRAFFIC_SECRET 57c7198fa4d8e173095a00fcab1b4454769a462bc377b844c3b0bdb2f20be9dd dfe3eda0d9cfe680ac7a0b39c1a66d45c200a728cad18fa80f3421032c2165a2
SERVER_HANDSHAKE_TRAFFIC_SECRET 57c7198fa4d8e173095a00fcab1b4454769a462bc377b844c3b0bdb2f20be9dd 87d98bbfb56461a7233ff7c4f5ad79a1debdb72728a596314b4e43ab5bdc4ad3
CLIENT_TRAFFIC_SECRET_0 57c7198fa4d8e173095a00fcab1b4454769a462bc377b844c3b0bdb2f20be9dd 0e54cac66103ec3b2a66f83ff6ec82ad86015b94d5db95c666fbe6ad2c0e178d
SERVER_TRAFFIC_SECRET_0 57c7198fa4d8e173095a00fcab1b4454769a462bc377b844c3b0bdb2f20be9dd 60be951ebb6221023a7d55bfa785e53fae9a9d634526fac7f357e27894c5c826
EXPORTER_SECRET 57c7198fa4d8e173095a00fcab1b4454769a462bc377b844c3b0bdb2f20be9dd 190f798a9afcec2cdbae4a9cd75dfb52366c46f94f065655fa4b0a29b1bfa228
CLIENT_EARLY_TRAFFIC_SECRET 12e612afaa83c2d771f900228ebaaf657f29553a9ef883e4f0afe84715eb4556 05a98657670a2896959751ed055ab84870524464d4e497fb40157f2004ac00e02789cd85f1791a859dd686316071f57f
CLIENT_HANDSHAKE_TRAFFIC_SECRET 12e612afaa83c2d771f900228ebaaf657f29553a9ef883e4f0afe84715eb4556 2f50aaed336b429bd6562dda98bc273c5bad43ddeecd1491779c6b4d821a0e1b3bde6350ec22e53625ffbce800840fe1
SERVER_HANDSHAKE_TRAFFIC_SECRET 12e612afaa83c2d771f900228ebaaf657f29553a9ef883e4f0afe84715eb4556 9cfb90232aa464e7b8a8e9ec53085985192e0f496ead781296706a014787f46d8fd348ff2ec6862e674e944eaa56d00d
CLIENT_TRAFFIC_SECRET_0 12e612afaa83c2d771f900228ebaaf657f29553a9ef883e4f0afe84715eb4556 991c1063fafdb594886b724972fd2121cce401025c49284861b8b01ca3e7af6c7ed7a8b0a60dd06b3f44affd52ca48bf
SERVER_TRAFFIC_SECRET_0 12e612afaa83c2d771f900228ebaaf657f29553a9ef883e4f0afe84715eb4556 c66ae208b44324868c661c5044bda0b2dd4716730763d491a95f8bf77a9471fa17831434232f66ad46e90283ef0ddff5
EXPORTER_SECRET 12e612afaa83c2d771f900228ebaaf657f29553a9ef883e4f0afe84715eb4556 45440ea3796e03febcc19583088532ca8680fb8fa34d2d5b4c7a456325515058dbc0eedf73a2b3146cdd6440ef794a81
CLIENT_EARLY_TRAFFIC_SECRET 2591100a50cb9610fa9d3a7f0b5c9ee42cfc5a5a86910c3fc8f76965923b14d3 7472cc3e8f37f8f1e4f8bb924f7eebad42fd1ce19e359b8535c8b7497a05f461
CLIENT_HANDSHAKE_TRAFFIC_SECRET 2591100a50cb9610fa9d3a7f0b5c9ee42cfc5a5a86910c3fc8f76965923b14d3 937cc2590fc4cdfbd760326a6b551fdc4f4b28c6ab61775f1bf28ec05111f260
SERVER_HANDSHAKE_TRAFFIC_SECRET 2591100a50cb9610fa9d3a7f0b5c9ee42cfc5a5a86910c3fc8f76965923b14d3 9868bec6319daa0d93e4967384f753c4abb201d25064a4648066ea2f905d54f6
CLIENT_TRAFFIC_SECRET_0 2591100a50cb9610fa9d3a7f0b5c9ee42cfc5a5a86910c3fc8f76965923b14d3 285b320e2a42f26451de78f2e3b9e759d63d859a85b6aba8a144c20e3b292b2f
SERVER_TRAFFIC_SECRET_0 2591100a50cb9610fa9d3a7f0b5c9ee42cfc5a5a86910c3fc8f76965923b14d3 51075e2489ba9a45c79e7ae279fb6530f2a5ea857d6024211d70f47ebf3b9673
EXPORTER_SECRET 2591100a50cb9610fa9d3a7f0b5c9ee42cfc5a5a86910c3fc8f76965923b14d3 de78d05eb44eda2e77225dc8d96850cc0ef4b2c9af7e4e593ccdd4d59571f446
CLIENT_EARLY_TRAFFIC_SECRET 5c4cd8bf397c6225fe85af7cbee1cbf767ce3540a47148d27f129273c0034836 27835516833683bc2a6bc7efc4612c342996f1bac44694de6d43240b285067b089ec94957d47ca26a0397fc0b63b6f54
CLIENT_HANDSHAKE_TRAFFIC_SECRET 5c4cd8bf397c6225fe85af7cbee1cbf767ce3540a47148d27f129273c0034836 2edb9e1f9fa1ec102d0972f07c0998b834c9fbcdb900946b150f7787090786dcea43a9ef45fd70c0bca1f63bf3de6b80
SERVER_HANDSHAKE_TRAFFIC_SECRET 5c4cd8bf397c6225fe85af7cbee1cbf767ce3540a47148d27f129273c0034836 060d3877aa2fe2d1b96af5db528217d16b045c60069bfaa278cd27f96e0b9f32b36c265b22f74ef8fbe447558167997b
CLIENT_TRAFFIC_SECRET_0 5c4cd8bf397c6225fe85af7cbee1cbf767ce3540a47148d27f129273c0034836 fb64bcb7886d94382424d8c4580f788854f2be0a92508697dab9f4e2e5939c629b39cd5fb43f5fb3d1f7dde6190bc475
SERVER_TRAFFIC_SECRET_0 5c4cd8bf397c6225fe85af7cbee1cbf767ce3540a47148d27f129273c0034836 154559b53078691641ded7cda22d6be0e59a3056694a2730ecad1a4cbd9ef25eb3feb58dedf9e703d7d0d3a76d45e24a
EXPORTER_SECRET 5c4cd8bf397c6225fe85af7cbee1cbf767ce3540a47148d27f129273c0034836 a7f01bafa633054d95e68439ce68d47a65e512cceedb3d60551d7ff818dfe352c66de3b582d263bb5c72a25a58d5647a
CLIENT_EARLY_TRAFFIC_SECRET 7df1a05ef278352a6236b2fd5298e45766edfb6c1376aa83cbc551a56226395d 2552ad0f2fc1b937da489c79e912be2f31af63faff90a59645a9545fabc72b23
CLIENT_HANDSHAKE_TRAFFIC_SECRET 7df1a05ef278352a6236b2fd5298e45766edfb6c1376aa83cbc551a56226395d 1b469b31f9f0e56d21ebeb6c65fc92d3472a8a5a70d5617fba165f674eaf9f31
SERVER_HANDSHAKE_TRAFFIC_SECRET 7df1a05ef278352a6236b2fd5298e45766edfb6c1376aa83cbc551a56226395d 9cdeb4e8f2f42dfcf9bea6cc500eff457a9e59f70f85d54de7f337f8b0a19fd9
CLIENT_TRAFFIC_SECRET_0 7df1a05ef278352a6236b2fd5298e45766edfb6c1376aa83cbc551a56226395d 50f2c50b54c357778e8b59dfc4cb46a3a38f784193e5580e8954cbadd8cd496e
SERVER_TRAFFIC_SECRET_0 7df1a05ef278352a6236b2fd5298e45766edfb6c1376aa83cbc551a56226395d d4833e2e94a20ee5e0abde5ba80607128a8d0121f572dbf402be2e6f586ce18b
EXPORTER_SECRET 7df1a05ef278352a6236b2fd5298e45766edfb6c1376aa83cbc551a56226395d 3afccc10f0e411c89a766e4c578b4098061b878de173e07b30fbe95601b31b3d
CLIENT_EARLY_TRAFFIC_SECRET f90bc09e10c984da29512cc3e939102723b996738664ca0b05247713f5a9a008 b1d6c3a6ca1f0169fa742b0bd46d9e5380fbe57a658e661d932f4adc884c557d
CLIENT_HANDSHAKE_TRAFFIC_SECRET f90bc09e10c984da29512cc3e939102723b996738664ca0b05247713f5a9a008 b686fcb7c85c3a67a9c7617d8c5b803d6c6789b0056d3f3e941a4cf3e94caa09
SERVER_HANDSHAKE_TRAFFIC_SECRET f90bc09e10c984da29512cc3e939102723b996738664ca0b05247713f5a9a008 cd093b2851276f1d435e8dd06773ef478e0333fc06d39fa8d73bf493f5e7e22d
CLIENT_TRAFFIC_SECRET_0 f90bc09e10c984da29512cc3e939102723b996738664ca0b05247713f5a9a008 56af66705c085852df3b80000ebad3a42c920a04f318d28ffd4bf6579fd641a6
SERVER_TRAFFIC_SECRET_0 f90bc09e10c984da29512cc3e939102723b996738664ca0b05247713f5a9a008 07fb3e169067338e249581b527e9b8cea2f76ca3a93df1f182e84ec3019cc112
EXPORTER_SECRET f90bc09e10c984da29512cc3e939102723b996738664ca0b05247713f5a9a008 506e756bf27822eb3681825f3f856236ac30adb4fd419ae67e43941bb09351c3
CLIENT_EARLY_TRAFFIC_SECRET ff6a03754f02ed462de33538a2e503d325521d1b54ba0e68ae88a3390730173c ae74682b0523064a9a0088930425cc386564383c7dcbd7bfa2e5afd54a7b11c9
CLIENT_EARLY_TRAFFIC_SECRET 22a9fb122e98515613cc69a5acb07ed5846db834832728579f74a84062081de4 495304145d0d4af51c2f95bc70a81083876c4daf947215f85b3fc1b6050ec95d4aabdcb8b25eb74f610ef2137a4b50a1
CLIENT_HANDSHAKE_TRAFFIC_SECRET 22a9fb122e98515613cc69a5acb07ed5846db834832728579f74a84062081de4 4889f2a7561c2d9bb276ff638bee618f389ea45383ccf882b44f586c3c24f6b02fa0e7ded5924547eac36451387bcd52
SERVER_HANDSHAKE_TRAFFIC_SECRET 22a9fb122e98515613cc69a5acb07ed5846db834832728579f74a84062081de4 81126b2a323fd9f152275863639049259d04f2020a60c21580bb0f3abec95538d7ca2e420fb5065e99a188c5c4dc8161
CLIENT_TRAFFIC_SECRET_0 22a9fb122e98515613cc69a5acb07ed5846db834832728579f74a84062081de4 70dbe28636922b26f58e93490a62ebf9ace77d80c1a8dd1c96e43079099c649842fe0937a98fa21cfc03b0c95b69a804
SERVER_TRAFFIC_SECRET_0 22a9fb122e98515613cc69a5acb07ed5846db834832728579f74a84062081de4 8dda9c192fa805e9f034012688ced638896f1b7e0dd772b2c012c9b643050fb024661e3c67623b7a060b7e9541d56f38
EXPORTER_SECRET 22a9fb122e98515613cc69a5acb07ed5846db834832728579f74a84062081de4 14ca971e1df369f42e5d78fe2867235cf2960623c3091bd18bf9392dbd8f71b75ac68feb499f4daa285070c5082f7a12
CLIENT_HANDSHAKE_TRAFFIC_SECRET ff6a03754f02ed462de33538a2e503d325521d1b54ba0e68ae88a3390730173c 7c6dc0a7fd17a684b4b7583828448ab1d81ce6569a9a26b909c300845c85a646
SERVER_HANDSHAKE_TRAFFIC_SECRET ff6a03754f02ed462de33538a2e503d325521d1b54ba0e68ae88a3390730173c 02a5ff60670ff5069c50d6b3629ff8f651abe191822e32c9f0a0621f016ca665
CLIENT_TRAFFIC_SECRET_0 ff6a03754f02ed462de33538a2e503d325521d1b54ba0e68ae88a3390730173c 5f221685cf3057c3d47c6cafc0d4e2c1278311ab1a3a3ef0b20c2f22847326c2
SERVER_TRAFFIC_SECRET_0 ff6a03754f02ed462de33538a2e503d325521d1b54ba0e68ae88a3390730173c 193207593c24ee4459950969648e979c51c680fe717f7e5eb35265aee2763af5
EXPORTER_SECRET ff6a03754f02ed462de33538a2e503d325521d1b54ba0e68ae88a3390730173c ef011df08e3df25310be52f31c4cd920d9dd44cd428be2c9fb789792cd5ceb61
CLIENT_EARLY_TRAFFIC_SECRET 825b654e48eb6dd1aff7737ccb204d585f78cfd86ed7d49d95a228a35c7943f1 6d7f89b497fd5759a207b9e6940653b8bc173ab1381d1bfc82b79d6d609a175e
CLIENT_HANDSHAKE_TRAFFIC_SECRET 825b654e48eb6dd1aff7737ccb204d585f78cfd86ed7d49d95a228a35c7943f1 f33b7b2574dce21ff937da74a3cd76244d9a13fcf5357298527f6e393cbb366f
SERVER_HANDSHAKE_TRAFFIC_SECRET 825b654e48eb6dd1aff7737ccb204d585f78cfd86ed7d49d95a228a35c7943f1 e49b901a5e16fd0416aff4a657d54467370d00a09c1c707b6ca86364206ee3c4
CLIENT_TRAFFIC_SECRET_0 825b654e48eb6dd1aff7737ccb204d585f78cfd86ed7d49d95a228a35c7943f1 96f1c7cbb199427832c3e1fb52538518c3c2d97b9e3075e4106bc6b171b86b5e
SERVER_TRAFFIC_SECRET_0 825b654e48eb6dd1aff7737ccb204d585f78cfd86ed7d49d95a228a35c7943f1 d1aea0ea9e3f0c1d405aacc6980241bb1e1fd0ef5275d08f80facbaf8c588a3f
EXPORTER_SECRET 825b654e48eb6dd1aff7737ccb204d585f78cfd86ed7d49d95a228a35c7943f1 97a03b15125dcaeee3d6e5d4b6700ec67b5df0381c7ca6ea7ea75c48f1d3105b
CLIENT_EARLY_TRAFFIC_SECRET 87bd35ea32006c132e689ad8d98b960868f8554a5aed7452516cba394f635c4e 85c4f099d0ee17c3bdf31c32ada31c14f5ebfedf78ee4ae1dade6e661aa32bd34c23e776516b075c615b1f5597a76f35
CLIENT_HANDSHAKE_TRAFFIC_SECRET 87bd35ea32006c132e689ad8d98b960868f8554a5aed7452516cba394f635c4e c012e23da004f73e1638ffcf391ee3d7433ffcec315412e45e59313f940bd4ce913557f3756ccfd065d0eaedd154b3a4
SERVER_HANDSHAKE_TRAFFIC_SECRET 87bd35ea32006c132e689ad8d98b960868f8554a5aed7452516cba394f635c4e ae3f794e612b1f858ddc3ddc2f9f054ff1ab47b71cbde36a6df48daa35b61f950ab94c467ba192dc7a4a614a322a43a2
CLIENT_TRAFFIC_SECRET_0 87bd35ea32006c132e689ad8d98b960868f8554a5aed7452516cba394f635c4e 722bf582e7790307860887b8866fd4473d1d252e18de2219b81844257641402315a2561bf34a22698693d6a9b8c09b10
SERVER_TRAFFIC_SECRET_0 87bd35ea32006c132e689ad8d98b960868f8554a5aed7452516cba394f635c4e 62e5924901cf07f2359402b8c4a25b651381868367703f98a5e229229193f4bb605a1d9f92f79ef4bb3da3179c4a3cc1
EXPORTER_SECRET 87bd35ea32006c132e689ad8d98b960868f8554a5aed7452516cba394f635c4e ad6e8ad2c646fe8c07337ded329305ade7d5bf1613dd6d1f04070d679193f8f37343f52b6b3ac174162b8004d5303fbd
CLIENT_EARLY_TRAFFIC_SECRET 61664c174998ffe1d36dde1b3f9b0c4779f5a7ce2f5085ba654fa14c1fce2ae6 e0360c4eed0971b89fe8c8d55756ae62bfe287079d5bbf19662c391030cf45a0
CLIENT_HANDSHAKE_TRAFFIC_SECRET 61664c174998ffe1d36dde1b3f9b0c4779f5a7ce2f5085ba654fa14c1fce2ae6 0302f06636f34b465d6160d2cb32eeaf14894aea1cdec57d490ea579e489bab1
SERVER_HANDSHAKE_TRAFFIC_SECRET 61664c174998ffe1d36dde1b3f9b0c4779f5a7ce2f5085ba654fa14c1fce2ae6 7bb56e4eca5c09ef3873344ccbf619cacde5ec94d516fb0ce2ac17b8c1773b72
CLIENT_TRAFFIC_SECRET_0 61664c174998ffe1d36dde1b3f9b0c4779f5a7ce2f5085ba654fa14c1fce2ae6 4bb8e9151f08235299ebbd8c16b85477bd871973458e65a3d38c2a7f299be919
SERVER_TRAFFIC_SECRET_0 61664c174998ffe1d36dde1b3f9b0c4779f5a7ce2f5085ba654fa14c1fce2ae6 f19e54105d4dbd614bd25cd508cf30edb74aab8af7c0fe5986859361ba72547c
EXPORTER_SECRET 61664c174998ffe1d36dde1b3f9b0c4779f5a7ce2f5085ba654fa14c1fce2ae6 8fda6bde10ae8a9ba63916e3d1656a4ef6ce815eb7f757178ccb969302e5dd4c
CLIENT_EARLY_TRAFFIC_SECRET ca3d4f3daa5754f730faabbe0112151acdbfa4fb06e0b16e4f3b37aaa98216d4 22ca7bf74f8b50d87d60dea191df4b0be0c558c73c7f071a9400da5aa40628b78f6cdc2989b5a7a0ee5c2e128ae50d45
CLIENT_HANDSHAKE_TRAFFIC_SECRET ca3d4f3daa5754f730faabbe0112151acdbfa4fb06e0b16e4f3b37aaa98216d4 24d1e7f873d650bd737e16fd962b5793e4ae07694111928036f7d75d088df236d90285764e138619e154c974d10b0a74
SERVER_HANDSHAKE_TRAFFIC_SECRET ca3d4f3daa5754f730faabbe0112151acdbfa4fb06e0b16e4f3b37aaa98216d4 a193909b4d1f6298e615a8051e4556e82afc5babf97a5025d9e496df267f38a2024cd6c6ba978300e8862662c057e56d
CLIENT_TRAFFIC_SECRET_0 ca3d4f3daa5754f730faabbe0112151acdbfa4fb06e0b16e4f3b37aaa98216d4 42646100cca0d74ddc18f79af5f236a2ae9709be14801a6ccff112ccedd32c5ae19322419d0c1e0241114d8f91e4661f
SERVER_TRAFFIC_SECRET_0 ca3d4f3daa5754f730faabbe0112151acdbfa4fb06e0b16e4f3b37aaa98216d4 46df55f73f6c94aa503c4dee8a5e307d1eadfec4f84d06f1226d267a6ec3c6ae45126080168f2e99a893716811226096
EXPORTER_SECRET ca3d4f3daa5754f730faabbe0112151acdbfa4fb06e0b16e4f3b37aaa98216d4 c60a6f4f340fe2f0e24e2b1aa4695298738e2ad2b9f5e992a6bfbb249f309aa4408032c27c1b4169e3d90d8a0f9d6f02
CLIENT_EARLY_TRAFFIC_SECRET 842360bd3af683638758263303aaf8b0b58361a4ddbe94851095cc16513bdba0 140b90663c90d412ba88c312685560ef8d15cba7f7cf967a3193dbace98ca9fe
CLIENT_HANDSHAKE_TRAFFIC_SECRET 842360bd3af683638758263303aaf8b0b58361a4ddbe94851095cc16513bdba0 1aa10abce22475a121b6552e8a63464120f8f4b3c5dd30b622357c2a15ed8a6c
SERVER_HANDSHAKE_TRAFFIC_SECRET 842360bd3af683638758263303aaf8b0b58361a4ddbe94851095cc16513bdba0 971136e061a7748f05c49b546005157b77b05a96f7d839c3e001c39becc802fe
CLIENT_TRAFFIC_SECRET_0 842360bd3af683638758263303aaf8b0b58361a4ddbe94851095cc16513bdba0 ff2413ee194ae6126ccf9fb9ccdd0e6c2adbb46ec32961e018e6b648d47d26d4
SERVER_TRAFFIC_SECRET_0 842360bd3af683638758263303aaf8b0b58361a4ddbe94851095cc16513bdba0 98c7db4b465ba316ecca739728df26aee182c273351fff792f50febc9798e3c2
EXPORTER_SECRET 842360bd3af683638758263303aaf8b0b58361a4ddbe94851095cc16513bdba0 94584234e69f487ee22278e1b44662a8bea59737ee56f7498d4e8b1eb36a79dd
CLIENT_EARLY_TRAFFIC_SECRET d0dc126c83f7aa71da0d9f55d8f115a2cca2613d895c421cb6b7a74cfadf988c f883cbdd0dc7e8b984f57220b6857b4d8490e0bcde131a96ac3608f054dd9139
CLIENT_HANDSHAKE_TRAFFIC_SECRET d0dc126c83f7aa71da0d9f55d8f115a2cca2613d895c421cb6b7a74cfadf988c a0673b95bb77b493150893cca8a226b1e767db7b99a883b21b69f88104f5605d
SERVER_HANDSHAKE_TRAFFIC_SECRET d0dc126c83f7aa71da0d9f55d8f115a2cca2613d895c421cb6b7a74cfadf988c 84353aa674d89710495603c2763ef6a7cc25840c2b8ef72c68d8b2a8a35589b5
CLIENT_TRAFFIC_SECRET_0 d0dc126c83f7aa71da0d9f55d8f115a2cca2613d895c421cb6b7a74cfadf988c b8ea08d865706e660ea40319c9e1ccbf1a497bf0fc7db77b9c4464068b66d104
SERVER_TRAFFIC_SECRET_0 d0dc126c83f7aa71da0d9f55d8f115a2cca2613d895c421cb6b7a74cfadf988c 4add8b792b2b2c99136b9547128ee43459ae636618790781ce9851ed68f5dbac
EXPORTER_SECRET d0dc126c83f7aa71da0d9f55d8f115a2cca2613d895c421cb6b7a74cfadf988c 320da35f96248d85070536dc89891473cad302972ee868939725ef87a697439e
CLIENT_EARLY_TRAFFIC_SECRET 51dadde920f4ed025e0b8fc70c38044820963ae3ada4caf68ad4a3e047d1416e be81910018f7bdf482184ae46013b7370038abd11fd90cb5089786f1482a1aa2
CLIENT_HANDSHAKE_TRAFFIC_SECRET 51dadde920f4ed025e0b8fc70c38044820963ae3ada4caf68ad4a3e047d1416e 7ddd876745fb8ea1ae4634466296d7e5f53872fae8405662711a1663820a4175
SERVER_HANDSHAKE_TRAFFIC_SECRET 51dadde920f4ed025e0b8fc70c38044820963ae3ada4caf68ad4a3e047d1416e adad74cf01348373c7d655e96bca6b33bc7b8b5240b7e1054c79a02b716c2e0a
CLIENT_TRAFFIC_SECRET_0 51dadde920f4ed025e0b8fc70c38044820963ae3ada4caf68ad4a3e047d1416e cd378d9ed04dff32900b15576363621d578143a3f150e9402778684460881de8
SERVER_TRAFFIC_SECRET_0 51dadde920f4ed025e0b8fc70c38044820963ae3ada4caf68ad4a3e047d1416e b9ff2f938d882af542f9ccd57ed15128a79f20941eac4f83c9fedbed84e97746
EXPORTER_SECRET 51dadde920f4ed025e0b8fc70c38044820963ae3ada4caf68ad4a3e047d1416e 3e752b9a6aed54bc121682f7023345822b72bc3464f3d3ec6e8b7546abfc026d
CLIENT_EARLY_TRAFFIC_SECRET 5fa82193a9a1c7f5b86d080750cecbc679779bc1a698fecc7d1da998c69a79d0 465e32212b2c079e9b169eb9f4b7a818fe54569e9c557aae630a2e544ae1d6af5eb742c079c8bc0af25e105216f4a887
CLIENT_HANDSHAKE_TRAFFIC_SECRET 5fa82193a9a1c7f5b86d080750cecbc679779bc1a698fecc7d1da998c69a79d0 83b36d15a9020707acd595feaabd90a5c459f2cfc6c442124709c9b1228cff47d0b1a102b1d75a028af15fac5e55558b
SERVER_HANDSHAKE_TRAFFIC_SECRET 5fa82193a9a1c7f5b86d080750cecbc679779bc1a698fecc7d1da998c69a79d0 aa756763440928b698e118fb4d55f019a0e49d492cc71eae1759e16c10cb60833c1c1a0818c2bb66d81621390ace3cc9
CLIENT_TRAFFIC_SECRET_0 5fa82193a9a1c7f5b86d080750cecbc679779bc1a698fecc7d1da998c69a79d0 009364c521366cc9f43d9ddd95598cd27d8a96d3eb259364546a093071c16c69d0bee7f3ee40f41dc6cfb11e246e10ff
SERVER_TRAFFIC_SECRET_0 5fa82193a9a1c7f5b86d080750cecbc679779bc1a698fecc7d1da998c69a79d0 868dc196df4b348b7551b012e3aa94cfab59d37eb87fa0eba506705a5492a8deb86860e827aadf631d8c694cf898803d
EXPORTER_SECRET 5fa82193a9a1c7f5b86d080750cecbc679779bc1a698fecc7d1da998c69a79d0 12657e7c837497732fa2cf5849f5aae32d6f57e9f280499a5e32c673b0aab98fedfc965df78dbb3190c489fe070dd89f
CLIENT_EARLY_TRAFFIC_SECRET 10376dae5fa78b1a991ef5984eafbba71af16988db3cdbb138acedb9d69d7b00 0eb1b841bfa1718fb3ed7b542526f83099d48046e8befa5abbd4cc0d424b9e2f
CLIENT_HANDSHAKE_TRAFFIC_SECRET 10376dae5fa78b1a991ef5984eafbba71af16988db3cdbb138acedb9d69d7b00 08a87a858c1939b8245eb0a65db8b64965bf0ba8785b2a53dfbe6df28a6050ac
SERVER_HANDSHAKE_TRAFFIC_SECRET 10376dae5fa78b1a991ef5984eafbba71af16988db3cdbb138acedb9d69d7b00 7bb551a112afff204a2372017851a43e0a237010a634987f8e987ca70099ae75
CLIENT_TRAFFIC_SECRET_0 10376dae5fa78b1a991ef5984eafbba71af16988db3cdbb138acedb9d69d7b00 9dc788d4702512195119dd1ea3844d919c32b5ea8c3f8d7234537c028e2c863a
SERVER_TRAFFIC_SECRET_0 10376dae5fa78b1a991ef5984eafbba71af16988db3cdbb138acedb9d69d7b00 b7c346cce06d42177e4186acf6a3bb13e343979f5fed0d00c564c942dd6b1728
EXPORTER_SECRET 10376dae5fa78b1a991ef5984eafbba71af16988db3cdbb138acedb9d69d7b00 c5e911660f59c53b6d43df0df0db03f9b40ebab07e20dc994c7bc5198d3acfaa
CLIENT_EARLY_TRAFFIC_SECRET cb5669b8accce9ae0c5025c0bf196f70ece4d57ebbbd6de4988f227e13aea524 c632ee9c31ddfaaebc237b9044171f326598ea362d294adbb77cd6e0d986afb3
CLIENT_EARLY_TRAFFIC_SECRET fb9ace28f0e0d554ce11540b26b95ba3da46e45c0e73bb2908eeb52cbe33a4ba 35ea1422eea31b30f394fa019c4f95cafef3511baad3fb737dbd24eb75df8bf8b37b81d0b149307f7e5b36ddfae5412b
CLIENT_HANDSHAKE_TRAFFIC_SECRET fb9ace28f0e0d554ce11540b26b95ba3da46e45c0e73bb2908eeb52cbe33a4ba 68e921b236fe08f0ff48c3b38615bc298fd594d84485373c76a7be9b181594e12012dbca891bb075d79d11bb31399b14
SERVER_HANDSHAKE_TRAFFIC_SECRET fb9ace28f0e0d554ce11540b26b95ba3da46e45c0e73bb2908eeb52cbe33a4ba 8a20ad630dd1a9f4dc1820c07ab42cb909b199b44131f33703f67a03c8f93a54ca79a11b807e21ce41708e8e81941573
CLIENT_TRAFFIC_SECRET_0 fb9ace28f0e0d554ce11540b26b95ba3da46e45c0e73bb2908eeb52cbe33a4ba 93f415b6526114406b253c4fb2c16dcb940a616e803824e3c0c405dcf6f4de4fadee6116af3861224762c9c3f330622f
SERVER_TRAFFIC_SECRET_0 fb9ace28f0e0d554ce11540b26b95ba3da46e45c0e73bb2908eeb52cbe33a4ba 841df01a3df9c1838ceba34848377b97f443d591404729c8c805315c559d422c342dcacd78e0f2af24409b5fa989df1a
EXPORTER_SECRET fb9ace28f0e0d554ce11540b26b95ba3da46e45c0e73bb2908eeb52cbe33a4ba c98a6e4707e8befae768b230fdc7cced0d91a59a7cb70fc1d8f5efb3ee229d2d57817e4fc600aab98fa2608429b37ce6
CLIENT_HANDSHAKE_TRAFFIC_SECRET cb5669b8accce9ae0c5025c0bf196f70ece4d57ebbbd6de4988f227e13aea524 82976db897b72f63f9f6eab9bdec8532cdac629bdb9d70b81038c2653a716b48
SERVER_HANDSHAKE_TRAFFIC_SECRET cb5669b8accce9ae0c5025c0bf196f70ece4d57ebbbd6de4988f227e13aea524 e18683266be237ea080feb979c65c30159deefbbf095d83a7639a9586fd1f64e
CLIENT_TRAFFIC_SECRET_0 cb5669b8accce9ae0c5025c0bf196f70ece4d57ebbbd6de4988f227e13aea524 f6f7a4d2383fe3665ac78f487c68cb5c99782752aacff6aaf88a5abacb227053
SERVER_TRAFFIC_SECRET_0 cb5669b8accce9ae0c5025c0bf196f70ece4d57ebbbd6de4988f227e13aea524 08e958ffbd870960ebbc7203dad63f0692028cc59df2f0b3b6b8b6c449712f81
EXPORTER_SECRET cb5669b8accce9ae0c5025c0bf196f70ece4d57ebbbd6de4988f227e13aea524 4997992792a2ea5c2f1b0a5d6fbe9350635c16a29fb7935d276bcddbac12498a
CLIENT_EARLY_TRAFFIC_SECRET 91ff9875af99f20ef8ca9a3af860a31678e67cfead7a073d545f21072df583a6 a41a34a7afac8c82bc1ad574d97291055bc35bdf66f1d8b1147992985a192ce9ec8237fc6c82ed3ee3fe9190ce8fe9cf
CLIENT_HANDSHAKE_TRAFFIC_SECRET 91ff9875af99f20ef8ca9a3af860a31678e67cfead7a073d545f21072df583a6 20d69646026788e130c18e189197b3f59277a1d363873bbfeb28b5500a6c3eef7c8d7b67c5bd9dfcbe17a0b6859e582b
SERVER_HANDSHAKE_TRAFFIC_SECRET 91ff9875af99f20ef8ca9a3af860a31678e67cfead7a073d545f21072df583a6 c16bd84d6456cbe1f1797b77c96b6a43970ce64c9ca23fa90e006f96ecd5e9e0896e65b47ee8a643e8557a9fa2164733
CLIENT_TRAFFIC_SECRET_0 91ff9875af99f20ef8ca9a3af860a31678e67cfead7a073d545f21072df583a6 fe69895cce6ffa52a6d44452232ac3876788ae400067f10ce0642874cbefe3d79e61e5e51384341dff174d132e1034bd
SERVER_TRAFFIC_SECRET_0 91ff9875af99f20ef8ca9a3af860a31678e67cfead7a073d545f21072df583a6 cb53b697bf3b2725cd7a0e970c3b16dfe52e77ba5f8d5f4f55ece0ee29b5d432619578031525700d1ba2768d067809d7
EXPORTER_SECRET 91ff9875af99f20ef8ca9a3af860a31678e67cfead7a073d545f21072df583a6 f1cfda5e62f7b99f0dc699c435fb3fd03af9e5206e16e703d0933a7a4736b48536df6c53c3498d66a1f2c23ba0ebd805
CLIENT_EARLY_TRAFFIC_SECRET 7afbcb50c47817fb2831dd49adf860daa8924fbd38a32d6d50a0c326cd98a8c6 f4e0de940175bed482e1863420855c8a76d9b165471c48e5ffbe9ba67e3c780e
CLIENT_HANDSHAKE_TRAFFIC_SECRET 7afbcb50c47817fb2831dd49adf860daa8924fbd38a32d6d50a0c326cd98a8c6 69483d0ec18358a6f44d5e31bf5a5e160489cabad6c75cf3f1125c0204523d3c
SERVER_HANDSHAKE_TRAFFIC_SECRET 7afbcb50c47817fb2831dd49adf860daa8924fbd38a32d6d50a0c326cd98a8c6 4857b55431db9a87dda013cea008e1e50f6e86019410b89c6b7c61d5dc180733
CLIENT_TRAFFIC_SECRET_0 7afbcb50c47817fb2831dd49adf860daa8924fbd38a32d6d50a0c326cd98a8c6 a7510e9518cace08dc58ce860763a2bd824621239e230dcf00311fe8395321bb
SERVER_TRAFFIC_SECRET_0 7afbcb50c47817fb2831dd49adf860daa8924fbd38a32d6d50a0c326cd98a8c6 ea591983a10366bb0853209505215ed73971f5d1bface212c7a68fc10a164977
EXPORTER_SECRET 7afbcb50c47817fb2831dd49adf860daa8924fbd38a32d6d50a0c326cd98a8c6 a6da34c649f5187d1c54ea486607d9f6d929813949754f34ae3c6967262917f8
CLIENT_EARLY_TRAFFIC_SECRET 626928b5d42c7ec703dca6fee3f0ae8f71929a97c809f40320e92a1f5ef50ac1 5b7f72ca889b91709f88c997fb514de740fcab91e52977c67500e71ed913da2fc5cf8f511d77b791d5724aff2603f376
CLIENT_HANDSHAKE_TRAFFIC_SECRET 626928b5d42c7ec703dca6fee3f0ae8f71929a97c809f40320e92a1f5ef50ac1 d273c7996fd16fa45a4e43c701c4d4ff48acd09eb59980a2eeeb733dd1be7a8c6eb94110bf518475622613d37764f817
SERVER_HANDSHAKE_TRAFFIC_SECRET 626928b5d42c7ec703dca6fee3f0ae8f71929a97c809f40320e92a1f5ef50ac1 d7130d0a115d9373f6d02b0a658e31470ff983589546562c149b0309d7bcd0cdc03e0e1ad57cec1bd445f9d4615f3423
CLIENT_TRAFFIC_SECRET_0 626928b5d42c7ec703dca6fee3f0ae8f71929a97c809f40320e92a1f5ef50ac1 3484536a16c13fb35f616e0df1ba32d41c638fef6139cf175c9a509cc40e92f55174c028ed4593a5b30509864065efc4
SERVER_TRAFFIC_SECRET_0 626928b5d42c7ec703dca6fee3f0ae8f71929a97c809f40320e92a1f5ef50ac1 3c29edad66528f75cae405097d1fa2a3625622002dcfe83af2707e4d2b97ce98c645e5a4fb6809e698bc74e756cca550
EXPORTER_SECRET 626928b5d42c7ec703dca6fee3f0ae8f71929a97c809f40320e92a1f5ef50ac1 943cf11adb1aa057e6b08d333912196c0d6e140cd4f395c3f9bf850f489d88fb57a5e9a0111ae8a51c829897776d1dbb
CLIENT_EARLY_TRAFFIC_SECRET 1a6b35608266e2ef19712993fff2bbbd8f2d51bcbbacd4de208a82f9cde6a3a1 b9a696add26a78c282428e06a2092df697e5402b40b44c56cbb7793b5335efe2
CLIENT_HANDSHAKE_TRAFFIC_SECRET 1a6b35608266e2ef19712993fff2bbbd8f2d51bcbbacd4de208a82f9cde6a3a1 5ce72f6f40822f3695d15b4b7592b62a74ce67e7c4be1f547d32372b7fd79894
SERVER_HANDSHAKE_TRAFFIC_SECRET 1a6b35608266e2ef19712993fff2bbbd8f2d51bcbbacd4de208a82f9cde6a3a1 6ed49ff0b91a1c64b5692b0fad33f6529732dec31de3d3eeef9ef599bc5c2b49
CLIENT_TRAFFIC_SECRET_0 1a6b35608266e2ef19712993fff2bbbd8f2d51bcbbacd4de208a82f9cde6a3a1 18d7122e59205eb33b480c7d0e9493312f6f6a87cbdbcff4f474528b3c43241b
SERVER_TRAFFIC_SECRET_0 1a6b35608266e2ef19712993fff2bbbd8f2d51bcbbacd4de208a82f9cde6a3a1 31e030edfc01ff8b8b977d41c3d3e0c8ca08b29c0e78095a48d859c1eaa978c5
EXPORTER_SECRET 1a6b35608266e2ef19712993fff2bbbd8f2d51bcbbacd4de208a82f9cde6a3a1 f3a5a00fb25ef341adfbadf58c3048a4d99a787151d8754acc77a396f2947f71
CLIENT_EARLY_TRAFFIC_SECRET 2a2599995a903c48fa06726c5eb87de9a5f5978878a9440d4fb72c6ecdf2bb02 769a775bb39c60572e512a2a550c208af0d623bdf39e5afc0a7a92ed775f3adb
CLIENT_HANDSHAKE_TRAFFIC_SECRET 2a2599995a903c48fa06726c5eb87de9a5f5978878a9440d4fb72c6ecdf2bb02 2b344c010be11a282219b264b570656519f1f0197bc6e7136726d4650014ffa4
SERVER_HANDSHAKE_TRAFFIC_SECRET 2a2599995a903c48fa06726c5eb87de9a5f5978878a9440d4fb72c6ecdf2bb02 f31a6cb56791dbd463c8cdaf872876f9620a7542a7b09b14d682f3c9ee5b9664
CLIENT_TRAFFIC_SECRET_0 2a2599995a903c48fa06726c5eb87de9a5f5978878a9440d4fb72c6ecdf2bb02 a2fd977d401a15e8a58595aef4d3690c1bd062635985767b73963cc889375384
SERVER_TRAFFIC_SECRET_0 2a2599995a903c48fa06726c5eb87de9a5f5978878a9440d4fb72c6ecdf2bb02 2d9ae4d348145e14847a0c7ae1fb67b8360e88c37dc6b6cdac20797b287ed72a
EXPORTER_SECRET 2a2599995a903c48fa06726c5eb87de9a5f5978878a9440d4fb72c6ecdf2bb02 63950759e8af83ca02e1eceef22842b83e4d7a838cb86adc061f33a09ef62b5e
CLIENT_EARLY_TRAFFIC_SECRET 5bab33b1828686d1bc21b17630d38d97530e2293a009ae3ffebf88d1be5cc0c3 5cd82b253eee434404f007a36488d3a0d038be57335e06732cd8ccacb608f036
CLIENT_HANDSHAKE_TRAFFIC_SECRET 5bab33b1828686d1bc21b17630d38d97530e2293a009ae3ffebf88d1be5cc0c3 cca743982590630f5c6dae006141d7e19fa6cfcb86566d764484ce19d14c5b1e
SERVER_HANDSHAKE_TRAFFIC_SECRET 5bab33b1828686d1bc21b17630d38d97530e2293a009ae3ffebf88d1be5cc0c3 500baee14ec327198cdcafc554e4c3695d340acd58c19a67c23ecb5030503339
CLIENT_TRAFFIC_SECRET_0 5bab33b1828686d1bc21b17630d38d97530e2293a009ae3ffebf88d1be5cc0c3 c05809c3a4ff80e7f99ef2bf6ed68e210f5bd3b7672d43295ba5ceb117e6d1dd
SERVER_TRAFFIC_SECRET_0 5bab33b1828686d1bc21b17630d38d97530e2293a009ae3ffebf88d1be5cc0c3 0496b9900b1680474cfe5360a976ff94da30873cf439893e9734b90e2ce88ae7
EXPORTER_SECRET 5bab33b1828686d1bc21b17630d38d97530e2293a009ae3ffebf88d1be5cc0c3 fb56ede69f22a8733360a47bd6cba860e800cf630d08557e20cf45d46ee22c20
CLIENT_EARLY_TRAFFIC_SECRET 1356ce5e03e6d3e3eea857f6c6ff74942ebf8fba8892cfcce1f369f137d4ca12 4de0cafd9f797e0d668ddbadd3fbc7febc3a541ec9b2fb88ff3cffdae1698e5785d7948816663ec6657062a24649a310
CLIENT_HANDSHAKE_TRAFFIC_SECRET 1356ce5e03e6d3e3eea857f6c6ff74942ebf8fba8892cfcce1f369f137d4ca12 8f16c4677b29191d434eccfc4cd4ada2b42b49cd1ec5dd3ebe43add97a5018206d9cb7795e70b629d73a6ad28415a403
SERVER_HANDSHAKE_TRAFFIC_SECRET 1356ce5e03e6d3e3eea857f6c6ff74942ebf8fba8892cfcce1f369f137d4ca12 8bb28ef0fac8c074bcdaa2965fbb5bde67bb74bd2f6f507eef8f504dfc59972fafeb84fec564b7aa06fa52173c0bb2d6
CLIENT_TRAFFIC_SECRET_0 1356ce5e03e6d3e3eea857f6c6ff74942ebf8fba8892cfcce1f369f137d4ca12 083319654acc3b157fa7e04b4e4c477878f925cb56092b8dbcca3e1496305cd0545c0abda04ddc5f1c81a90b71afbeab
SERVER_TRAFFIC_SECRET_0 1356ce5e03e6d3e3eea857f6c6ff74942ebf8fba8892cfcce1f369f137d4ca12 6f879ba1b9a77365331f0494810dff8a797b0180353984da5dbfe468f37f32b4f9e619879b72fbc57b7800f18b7372b8
EXPORTER_SECRET 1356ce5e03e6d3e3eea857f6c6ff74942ebf8fba8892cfcce1f369f137d4ca12 5fb96453e6700ed5e76829718b8202c72ed11e71d5dbcd71172b477ac86b676d261bb3e4533ae0c07ec3d07a8c0a095c
CLIENT_EARLY_TRAFFIC_SECRET 8a24dd1f44705f918ea4d0b2463acba77e96c5313d1bf3f6fee3e2017c921d9a dee458d657eae8d052e807be2e5b3278322d89ac21309cb5524b76751bbece98
CLIENT_HANDSHAKE_TRAFFIC_SECRET 8a24dd1f44705f918ea4d0b2463acba77e96c5313d1bf3f6fee3e2017c921d9a 4ae57de2549b61c06650f4804e5a0b03b82a00e683135664ae3b0c1e3a8ed749
SERVER_HANDSHAKE_TRAFFIC_SECRET 8a24dd1f44705f918ea4d0b2463acba77e96c5313d1bf3f6fee3e2017c921d9a 0b119224f5cb5237c983984147bc9ac3b3ea864a9a9583fc9b1502e5da91cdc7
CLIENT_TRAFFIC_SECRET_0 8a24dd1f44705f918ea4d0b2463acba77e96c5313d1bf3f6fee3e2017c921d9a 04f6b65044d213833cf370f31a41ebcb791e476c885f2b59cfab615fda671747
SERVER_TRAFFIC_SECRET_0 8a24dd1f44705f918ea4d0b2463acba77e96c5313d1bf3f6fee3e2017c921d9a a4c7ed219dcaac748cd41d6dbde3f8f475a28abefb852617841ef5ccae7c7aa8
EXPORTER_SECRET 8a24dd1f44705f918ea4d0b2463acba77e96c5313d1bf3f6fee3e2017c921d9a 2b239711633be06a25495b154a5f6c2d78451fd44294a4b20237ea25a583f173
CLIENT_EARLY_TRAFFIC_SECRET 50b114565cdd859f2592a50eb399a1a213b1efc86b831e15ce11ab2d86c80dd1 f207a92c255665f116a636071b2568c8c1de3e1f4f26c1f3ef5ee95f3e4f262cbca90c64075cd21e1b6f02e823c60991
CLIENT_HANDSHAKE_TRAFFIC_SECRET 50b114565cdd859f2592a50eb399a1a213b1efc86b831e15ce11ab2d86c80dd1 49a96bfc0329d8781aa864b28816ff1fa109b776ac5c9739aba01e120df33b03f50aadda150a2ce3b215024d303ef042
SERVER_HANDSHAKE_TRAFFIC_SECRET 50b114565cdd859f2592a50eb399a1a213b1efc86b831e15ce11ab2d86c80dd1 8bd7b443ad7e0417df28d6b54bc288f6b5757542cf10ef0f48724dffaa93802c9df125164f687fe0afa7a3eb87dff213
CLIENT_TRAFFIC_SECRET_0 50b114565cdd859f2592a50eb399a1a213b1efc86b831e15ce11ab2d86c80dd1 4b8c1b4cd9ad92ec51507fbb7591029766b9401c8eefba11982140698e898ba67d79271a4ab4d5128dac2a721a46d6f2
SERVER_TRAFFIC_SECRET_0 50b114565cdd859f2592a50eb399a1a213b1efc86b831e15ce11ab2d86c80dd1 16dee43c632e6eb2b95c44d9b932b8bb593dfda6edc766fce42899da96a5729185f4d210eb64c0657039405a04ac28e7
EXPORTER_SECRET 50b114565cdd859f2592a50eb399a1a213b1efc86b831e15ce11ab2d86c80dd1 03d65c4721ac7610a2da3bbf92888ae1a4f4cc03667a801f744307e309486f93099b94230c7b5201b7fb06ae8609dd81
CLIENT_EARLY_TRAFFIC_SECRET 6913f14c68034d0a2962168ea72ec3630174200705d729c9c1dcaf81e60a78d5 81d014bb496b6effbad34666ede6271a8600d607a59915c80601d5e3442c4599
CLIENT_HANDSHAKE_TRAFFIC_SECRET 6913f14c68034d0a2962168ea72ec3630174200705d729c9c1dcaf81e60a78d5 477ba352f56d7df1cfe21c99fe041ba381418f68645c9eaf5710db1f9f0a5a72
SERVER_HANDSHAKE_TRAFFIC_SECRET 6913f14c68034d0a2962168ea72ec3630174200705d729c9c1dcaf81e60a78d5 c045b220979b1668c5bea58218b454eb969b902bd4d5440bc34f1a422c84f36b
CLIENT_TRAFFIC_SECRET_0 6913f14c68034d0a2962168ea72ec3630174200705d729c9c1dcaf81e60a78d5 005c15171e226074e25524b965a86d9cbd558d0686f255aaf32099ebae924f0c
SERVER_TRAFFIC_SECRET_0 6913f14c68034d0a2962168ea72ec3630174200705d729c9c1dcaf81e60a78d5 7966ed3c09430eccafb28f30879f358bafe37df13be4c8cefdfa83e727623341
EXPORTER_SECRET 6913f14c68034d0a2962168ea72ec3630174200705d729c9c1dcaf81e60a78d5 8d5944e862bd55c895e09493763ca21e150719a80d2a2b70e3e477261fb9ca93
CLIENT_EARLY_TRAFFIC_SECRET a68341b32a9e16289951cf407a5d0da5a7d7a4541cfc5c06dcdd424e2d27f3e7 beba381cd10579631171a2a8d71f87a45155f0bad6a9e5d2849bfcbb0cf8596d
CLIENT_HANDSHAKE_TRAFFIC_SECRET a68341b32a9e16289951cf407a5d0da5a7d7a4541cfc5c06dcdd424e2d27f3e7 1fdaeb35f31c0156736e340727240d50d454257e795a501724bcd64c3e49789b
SERVER_HANDSHAKE_TRAFFIC_SECRET a68341b32a9e16289951cf407a5d0da5a7d7a4541cfc5c06dcdd424e2d27f3e7 3bb9c325f413d5b66df6def758d3154e0593279eb2f8095336f76383847526ad
CLIENT_TRAFFIC_SECRET_0 a68341b32a9e16289951cf407a5d0da5a7d7a4541cfc5c06dcdd424e2d27f3e7 651dfec4e6db361744997d0d8b0f41ace47ad54cc144e8013e6669c3f6b1bf80
SERVER_TRAFFIC_SECRET_0 a68341b32a9e16289951cf407a5d0da5a7d7a4541cfc5c06dcdd424e2d27f3e7 400c048e033be16e5ecfc5d137efedf3f7839fdeffb80e14c82f2646c1e332e8
EXPORTER_SECRET a68341b32a9e16289951cf407a5d0da5a7d7a4541cfc5c06dcdd424e2d27f3e7 de6066384c66226528653e2ba4aa14a0c6e039af80f4a16aa0300a4879f3db2c
CLIENT_EARLY_TRAFFIC_SECRET 2412072fec783fb486b36a2b15fa400d35f968b7cd945289879e97a0eaa33de6 c916badb1c72e712fa973198c70feec83d6378e3905621bdbe46efef4e735728
CLIENT_HANDSHAKE_TRAFFIC_SECRET 2412072fec783fb486b36a2b15fa400d35f968b7cd945289879e97a0eaa33de6 9f66294479f6247bf509f73ae60075fb93fb96807bc0d1507af0874a0345c786
SERVER_HANDSHAKE_TRAFFIC_SECRET 2412072fec783fb486b36a2b15fa400d35f968b7cd945289879e97a0eaa33de6 5f3555d28b3785eb9c0f8be9a1e72b6361f7d9cd58a298e15b5acc42cdfedd24
CLIENT_TRAFFIC_SECRET_0 2412072fec783fb486b36a2b15fa400d35f968b7cd945289879e97a0eaa33de6 3145914324160fe648331016deb6b1fe2c42a4d1a092a3c29315fc9a0178ce6c
SERVER_TRAFFIC_SECRET_0 2412072fec783fb486b36a2b15fa400d35f968b7cd945289879e97a0eaa33de6 1bb45f258149a1004ddcad07e872723a40c2b8a1a55ba1b05d6d744e738ff735
EXPORTER_SECRET 2412072fec783fb486b36a2b15fa400d35f968b7cd945289879e97a0eaa33de6 965047f4a198ef5bef01ebc6fa72c5703515e5171d02b47c3455815093e4abf3
CLIENT_EARLY_TRAFFIC_SECRET f2c46c5fc7d8671e042d56cc2068863e67f373225da35b451398849f4c97373c cf2531d67ea8b9df88bdbe9e74e2accf3e54230fc55162e26483812e81cdb0db
CLIENT_HANDSHAKE_TRAFFIC_SECRET f2c46c5fc7d8671e042d56cc2068863e67f373225da35b451398849f4c97373c 45eb206731ee9445e0d280688a6b8aa25a020eb457c0d89669c1e715258625f0
SERVER_HANDSHAKE_TRAFFIC_SECRET f2c46c5fc7d8671e042d56cc2068863e67f373225da35b451398849f4c97373c 98de25a5cab6e7e9a4ab8371f8570bfe9c2407df329a993044d8d7394c8c8240
CLIENT_EARLY_TRAFFIC_SECRET 06796ae3a311df99ae760303a25291fba600f63cf5fbd47e5c00755c70c46796 5cec1a3b8b5b3b90d9645811b981d7eb22be50a5e3d48eea876835f96b2e7cc7
CLIENT_TRAFFIC_SECRET_0 f2c46c5fc7d8671e042d56cc2068863e67f373225da35b451398849f4c97373c 1275820fd29dfa8dff4412c506a63568ff273ab60f9d7f8f556a7f6d0ec33acf
SERVER_TRAFFIC_SECRET_0 f2c46c5fc7d8671e042d56cc2068863e67f373225da35b451398849f4c97373c d9177b437ac7d2cb90fec4acf3b792b2a999053fd0a1384e4d6186338e060661
EXPORTER_SECRET f2c46c5fc7d8671e042d56cc2068863e67f373225da35b451398849f4c97373c 518c6782c98849505c3e79330c0be0ee601295bf13b33d796c5654405cae87ab
CLIENT_HANDSHAKE_TRAFFIC_SECRET 06796ae3a311df99ae760303a25291fba600f63cf5fbd47e5c00755c70c46796 4d654a9a0a7a90bf2443b55da7d8f8ab5268b0e1f2059a558cd6d887ad67131c
SERVER_HANDSHAKE_TRAFFIC_SECRET 06796ae3a311df99ae760303a25291fba600f63cf5fbd47e5c00755c70c46796 157d7ced5a622e56df2848c04f5db7de5328abcb4145fc320526e901b00aadfb
CLIENT_TRAFFIC_SECRET_0 06796ae3a311df99ae760303a25291fba600f63cf5fbd47e5c00755c70c46796 686070e878d312d2d93cbad5449a89ba5d32b12d98b1f05ec0f670d66445387a
SERVER_TRAFFIC_SECRET_0 06796ae3a311df99ae760303a25291fba600f63cf5fbd47e5c00755c70c46796 c15fa553c03009a5667ab2534482f34c6d9534fe3c347824f0d07006369bf2ec
EXPORTER_SECRET 06796ae3a311df99ae760303a25291fba600f63cf5fbd47e5c00755c70c46796 1b8da1e73b71fabfbb6bec70acceb062c7d8cff53bf1b2700a399e72dfe5f40b
CLIENT_EARLY_TRAFFIC_SECRET da7665d12a72fd920ddc2b0e84ebc4e1db5d9f480e1dc9f0d7964de4956eaeb6 742529d2effcd117ffb7a6ef02fd64157b7cdb850ed85804cb23753176fe8fda
CLIENT_HANDSHAKE_TRAFFIC_SECRET da7665d12a72fd920ddc2b0e84ebc4e1db5d9f480e1dc9f0d7964de4956eaeb6 d0850afaa693dae7752975db0dd810727dfdd6c531f62e28608d13ab27fb5000
SERVER_HANDSHAKE_TRAFFIC_SECRET da7665d12a72fd920ddc2b0e84ebc4e1db5d9f480e1dc9f0d7964de4956eaeb6 dba6660598c9c16cc434442443cb6ce01352ac250e62db14e85a8b200b698d78
CLIENT_TRAFFIC_SECRET_0 da7665d12a72fd920ddc2b0e84ebc4e1db5d9f480e1dc9f0d7964de4956eaeb6 80c5236c921febef9e0e7b2cd5d73129dffee781db53e24e362f14a0056901d1
SERVER_TRAFFIC_SECRET_0 da7665d12a72fd920ddc2b0e84ebc4e1db5d9f480e1dc9f0d7964de4956eaeb6 8a3157700bfb5142ad6df4b6aaa5511ae6a8ff662d28137b46383682ebf9c7b4
EXPORTER_SECRET da7665d12a72fd920ddc2b0e84ebc4e1db5d9f480e1dc9f0d7964de4956eaeb6 0937a74a7bdaaa3ef02847029d5f15aa4264e18e7d5477f55e340425dec2628f
CLIENT_EARLY_TRAFFIC_SECRET 251b77dbb662c61a7601f55d9d95d8595c647c38f33a36981c36389b80775e4a 2b7638604aaf3b1b75b009bfe48a9ddcfca70a672d7f9cb9238a01c0a4775f5afeb413a2cea084277073f8f9976e4f7f
CLIENT_HANDSHAKE_TRAFFIC_SECRET 251b77dbb662c61a7601f55d9d95d8595c647c38f33a36981c36389b80775e4a f76a2528c52e20b266ada0f10e9e1fc0315315e6e9dd251cdb97a86d2b2664b5d5cc31b014c29196b2c8e7fa33bc21bf
SERVER_HANDSHAKE_TRAFFIC_SECRET 251b77dbb662c61a7601f55d9d95d8595c647c38f33a36981c36389b80775e4a d97e63d96f507d90f7438952f148e7db5768dca665dce54cae7fbb2bc4ec4fad57a6ddadae5598817f50374e699cf157
CLIENT_TRAFFIC_SECRET_0 251b77dbb662c61a7601f55d9d95d8595c647c38f33a36981c36389b80775e4a 0e3126154a234b65621b6f158bdcf449150c2e6f7dd873b509ac6fbeba24eee3c4662b04766e6da3ec1232a5fef9bac7
SERVER_TRAFFIC_SECRET_0 251b77dbb662c61a7601f55d9d95d8595c647c38f33a36981c36389b80775e4a 485fba152ed51d335aa1f63405dd99de6874517a0127b79e88c7063c0671a32eb09ce260b9fba5a7806256677355cf09
EXPORTER_SECRET 251b77dbb662c61a7601f55d9d95d8595c647c38f33a36981c36389b80775e4a 4c47a47392455ad3ca1248edd7b8bd48e66818784dc39d88892d2f74a63cd1984055d023a4c2af7eb4d81c1c3b5bd639
CLIENT_EARLY_TRAFFIC_SECRET f4b46358f5ec5740f9c33b5ff33966f677227d4194ccc35d5c350fe939c8f6fc 9943ffe5cceff45b230cb2b2b20db4edf406d953015b45890cb32916a3b0f606
CLIENT_HANDSHAKE_TRAFFIC_SECRET f4b46358f5ec5740f9c33b5ff33966f677227d4194ccc35d5c350fe939c8f6fc ab7645d3962c9d4855a87b550c21be83e53582fd26b6d504e7f5de3e079b1967
SERVER_HANDSHAKE_TRAFFIC_SECRET f4b46358f5ec5740f9c33b5ff33966f677227d4194ccc35d5c350fe939c8f6fc d93f7f6d14f02b49aa2078ff772d73605552b12e63e9fc67e6bd4b5004d380a6
CLIENT_TRAFFIC_SECRET_0 f4b46358f5ec5740f9c33b5ff33966f677227d4194ccc35d5c350fe939c8f6fc 5d5cc79a2ed1e6d413bc5d941249b896c00861a2420c400bb3faa8de62df099e
SERVER_TRAFFIC_SECRET_0 f4b46358f5ec5740f9c33b5ff33966f677227d4194ccc35d5c350fe939c8f6fc f78c563ab7a7c6b10065e14ddb3099e39353e5569c421c3b0e7aa9967f8231da
EXPORTER_SECRET f4b46358f5ec5740f9c33b5ff33966f677227d4194ccc35d5c350fe939c8f6fc 5c077cf8904b8383337ee0b80dbeb083a82dc9bb1138d5ed84296afc501b01ab
CLIENT_EARLY_TRAFFIC_SECRET 7f5c8477e5f7fad91978adea2c230936dfd7ea2f013cc3eb22a74a2eb7a42a55 d83d400fc6b2e05bf46337869002f776084271c32379b3ab5193bf8ebfb8cf3a
CLIENT_HANDSHAKE_TRAFFIC_SECRET 7f5c8477e5f7fad91978adea2c230936dfd7ea2f013cc3eb22a74a2eb7a42a55 ca685f47053476f75378c535611fdc82d5d8116604602c308a13a564fc510afd
SERVER_HANDSHAKE_TRAFFIC_SECRET 7f5c8477e5f7fad91978adea2c230936dfd7ea2f013cc3eb22a74a2eb7a42a55 2898c17532d20f01b3a61b23eb7d7ba8ebf34a78b69abdc3bf0d28784483b692
CLIENT_TRAFFIC_SECRET_0 7f5c8477e5f7fad91978adea2c230936dfd7ea2f013cc3eb22a74a2eb7a42a55 75f4077505b908e37714c6294d54f26add27dda889ee91cc4d08b4c8da31b732
SERVER_TRAFFIC_SECRET_0 7f5c8477e5f7fad91978adea2c230936dfd7ea2f013cc3eb22a74a2eb7a42a55 b69642cc3d122701f0a72f6ef54b96afb7b318dfa5ab6611366fae3c4403e3ff
EXPORTER_SECRET 7f5c8477e5f7fad91978adea2c230936dfd7ea2f013cc3eb22a74a2eb7a42a55 0c26c45250bfb90057baa1283856a396a48107305ff3792be4d55d47aa181830
CLIENT_HANDSHAKE_TRAFFIC_SECRET 934e3f5a40b13824b68c9fee49dcebcf209498f4060388f1c3193c3830e48699 11795665a1340526a5e9fa1b1e5f20131fb5668b6c0e12f5be429585e285515c
SERVER_HANDSHAKE_TRAFFIC_SECRET 934e3f5a40b13824b68c9fee49dcebcf209498f4060388f1c3193c3830e48699 a629c24af9af8bee62eabd65736c781b5104d3072ba4f2de13eb56d09a61b03d
CLIENT_TRAFFIC_SECRET_0 934e3f5a40b13824b68c9fee49dcebcf209498f4060388f1c3193c3830e48699 6e799fc796c7aeb2c018a7c93a13d54da5de96aa874946976407584d730ed4be
SERVER_TRAFFIC_SECRET_0 934e3f5a40b13824b68c9fee49dcebcf209498f4060388f1c3193c3830e48699 ca25feaa70e030203bae019b5dca345ae54c8d6ffe4507b1f7c7a0b5d4f9e994
EXPORTER_SECRET 934e3f5a40b13824b68c9fee49dcebcf209498f4060388f1c3193c3830e48699 c5cf34aa59c8dbac6bb2b3bda8e5132fafe0492351d2d75d5acb40a0c3353fdb
CLIENT_EARLY_TRAFFIC_SECRET 6ce2dde0c3a271f128d682f55c1d39024f29929cd716e61d612a14267568aaba 785ed710f9c9b9d27eb9af92eabf717b5f6c21db31d411b09703378a14bf4257
CLIENT_HANDSHAKE_TRAFFIC_SECRET 6ce2dde0c3a271f128d682f55c1d39024f29929cd716e61d612a14267568aaba 058cef93cb4448821b6935bfe033692867708200e7393645f6cfe34173976ba7
SERVER_HANDSHAKE_TRAFFIC_SECRET 6ce2dde0c3a271f128d682f55c1d39024f29929cd716e61d612a14267568aaba 66ddb041b991582a5a423a162efad21d8a2ead9edf69c42e65edb57c635f0443
CLIENT_TRAFFIC_SECRET_0 6ce2dde0c3a271f128d682f55c1d39024f29929cd716e61d612a14267568aaba 932a29eca6f795cf36ed133838cd79ded3a9f65376d0450e19345f29de8ea317
SERVER_TRAFFIC_SECRET_0 6ce2dde0c3a271f128d682f55c1d39024f29929cd716e61d612a14267568aaba a5159ce69cad0c0c62e32041f1615c2488e1b9fbb9f8f54817379d366b74c80a
EXPORTER_SECRET 6ce2dde0c3a271f128d682f55c1d39024f29929cd716e61d612a14267568aaba f28f1d2aac9e01b44edb8fc1cc485438a69c853f3fc1ef72ccb8fda19ddd3d44
CLIENT_EARLY_TRAFFIC_SECRET 106c9928e686cfa22ca1f02f9b3c056b9920fc14147d508a32252479ba778b99 f3c518588a2e1e4b7c37dd9d4c0b0e7db76a5fa12aa2af712530e4f7ec902085
CLIENT_EARLY_TRAFFIC_SECRET 77401301d9339d09e4ac6a23978ad265553fc8d3e904bde090a76c7c9c1d66c3 0447fed7db5dcd1a49f3f2d29459a4f8dadce0445277a3c3e78a6361d84e3f9ac8370ea51e8e1a0bacc649d81ce28f02
CLIENT_HANDSHAKE_TRAFFIC_SECRET 77401301d9339d09e4ac6a23978ad265553fc8d3e904bde090a76c7c9c1d66c3 10cd99eb3db27c902dce0aac9770f8cde928af103dd5f40027d489d9aef62324cfc45742e9d18f9759a09bf9ecbdf04e
SERVER_HANDSHAKE_TRAFFIC_SECRET 77401301d9339d09e4ac6a23978ad265553fc8d3e904bde090a76c7c9c1d66c3 6bc200cec979365b740cd443e8c2e4b61dee46f740ff96c7ffe801efcead2c83c5be5512c7e7787d0a5cff79f4462011
CLIENT_TRAFFIC_SECRET_0 77401301d9339d09e4ac6a23978ad265553fc8d3e904bde090a76c7c9c1d66c3 f2bbadb7ff18aff80457cf3cae1f404248c2374b92c6f307af454d66f2927a4f10cead84d9dee1c427c987429642a18d
SERVER_TRAFFIC_SECRET_0 77401301d9339d09e4ac6a23978ad265553fc8d3e904bde090a76c7c9c1d66c3 410edd0747f8284609e1971bd4b5155cc55b476ff3c30aef429cdaffa2844bef25ed9f53e13819642c0c10de326c8d77
EXPORTER_SECRET 77401301d9339d09e4ac6a23978ad265553fc8d3e904bde090a76c7c9c1d66c3 a9e680c651f0c582f2e8e5617f088afb9d3de274055a5283907ca4fb99fd19836c7ca158e892a695f44cfa3b77c8ad31
CLIENT_HANDSHAKE_TRAFFIC_SECRET 106c9928e686cfa22ca1f02f9b3c056b9920fc14147d508a32252479ba778b99 434328cf711da9de50500083ff0ad7decdd8b9f22940cf45c964cbd9f263ea10
SERVER_HANDSHAKE_TRAFFIC_SECRET 106c9928e686cfa22ca1f02f9b3c056b9920fc14147d508a32252479ba778b99 6506bd3d91b0be0a7f73786433034df7ab9b17af0c985149623d777121edb434
CLIENT_TRAFFIC_SECRET_0 106c9928e686cfa22ca1f02f9b3c056b9920fc14147d508a32252479ba778b99 9ad01b055c55879920aaf0e71309d13e35dbb46de2062158512608653d6d61ea
SERVER_TRAFFIC_SECRET_0 106c9928e686cfa22ca1f02f9b3c056b9920fc14147d508a32252479ba778b99 c8482281d255bfbe600e2c72d7a4d826ed4f596be1cffedb9dd602debb7e1eee
EXPORTER_SECRET 106c9928e686cfa22ca1f02f9b3c056b9920fc14147d508a32252479ba778b99 6b6fb5f212f1e2638e6329ab24361393cdf8f0a3c54d016af39bdca2a51f4483
CLIENT_EARLY_TRAFFIC_SECRET 8b86563d43a2399b4c02c1f11e1bcb3a3a0570199d956875dce5eb9381eb3492 a25916b2060d4aec9b18c98dbeb2a9b3c787696f4526a56d9be053943b2b80d1
CLIENT_HANDSHAKE_TRAFFIC_SECRET 8b86563d43a2399b4c02c1f11e1bcb3a3a0570199d956875dce5eb9381eb3492 00df87ee0d24add01eaa78dbfa578b9b5e11cfa1b8fd3e98060f6dad7cec7312
SERVER_HANDSHAKE_TRAFFIC_SECRET 8b86563d43a2399b4c02c1f11e1bcb3a3a0570199d956875dce5eb9381eb3492 b7fa2cf889ae3205a0560b138d499ff0c5b1f3007114cc1cb1ac11a3a4f46d19
CLIENT_TRAFFIC_SECRET_0 8b86563d43a2399b4c02c1f11e1bcb3a3a0570199d956875dce5eb9381eb3492 880f1782ff80e28932c5d0befc51e703a439ffd4e670bb2bf473246852b35bf1
SERVER_TRAFFIC_SECRET_0 8b86563d43a2399b4c02c1f11e1bcb3a3a0570199d956875dce5eb9381eb3492 f126bba4d7de5b2ce3fe69169d02af01f9658c38537b2498c289af8bb03f2dda
EXPORTER_SECRET 8b86563d43a2399b4c02c1f11e1bcb3a3a0570199d956875dce5eb9381eb3492 471f02903e9c926c4619e548796f53d3b6271a8fa6a055e7296ce03ea86e6c6d
CLIENT_EARLY_TRAFFIC_SECRET fb85ee4febce264bcb9532f34d836c8b0f1d27be602361947ec3bccb08fbc0df da77f8f69aaed12b59b7724c998b9b88061881620f3d9742cd1f36302c58b50c
CLIENT_EARLY_TRAFFIC_SECRET 037f57442a5a92a656f3ec624850d3bd859d70a6f8a567d7059a9afcc14fcdef e1247b6e410d05d392dde6866bf4616997fec3df0699651c94ff77fbd74e896847d3b4ae3020b67ccca3a33724f48d30
CLIENT_HANDSHAKE_TRAFFIC_SECRET fb85ee4febce264bcb9532f34d836c8b0f1d27be602361947ec3bccb08fbc0df cc638ab11d9376c4ac839e6ec15647081f14e64c890a238466d032f8c06148cd
SERVER_HANDSHAKE_TRAFFIC_SECRET fb85ee4febce264bcb9532f34d836c8b0f1d27be602361947ec3bccb08fbc0df 39da469942c7160682cee86cc8fbac62b6a6aad13c164351aad4636dd97c9ef5
CLIENT_TRAFFIC_SECRET_0 fb85ee4febce264bcb9532f34d836c8b0f1d27be602361947ec3bccb08fbc0df f0ae8d8eb8f6e4640b596222e3c6bb2728fb6fb5cace324898502bfee61122b0
SERVER_TRAFFIC_SECRET_0 fb85ee4febce264bcb9532f34d836c8b0f1d27be602361947ec3bccb08fbc0df 5a25da6028b9719b25d844f35b7f66306997297a83419312375f04a1d6d9db78
EXPORTER_SECRET fb85ee4febce264bcb9532f34d836c8b0f1d27be602361947ec3bccb08fbc0df 928160d8930921a522ab23be63dcfdebe93d2fd146a0573e3fc6663954d3c65d
CLIENT_HANDSHAKE_TRAFFIC_SECRET 037f57442a5a92a656f3ec624850d3bd859d70a6f8a567d7059a9afcc14fcdef d195109f26b357f6e653e2ce41a9e3317e97c21880f273a5acf72bcfc413677dddb2dab771c471ad57695789f33f0b71
SERVER_HANDSHAKE_TRAFFIC_SECRET 037f57442a5a92a656f3ec624850d3bd859d70a6f8a567d7059a9afcc14fcdef 5db946ef8878ac26cc64a45cc2643e6185c2b146722fb9656354cd9126a83943410b85170afb28c1fe80f3cb45bf78ab
CLIENT_TRAFFIC_SECRET_0 037f57442a5a92a656f3ec624850d3bd859d70a6f8a567d7059a9afcc14fcdef 3cb05e7f5393b49863541e935e0b65506b7a73b063f5b5ec94006a639b9884b006c327533e7d6bf7c93027e5e2d13f41
SERVER_TRAFFIC_SECRET_0 037f57442a5a92a656f3ec624850d3bd859d70a6f8a567d7059a9afcc14fcdef 7585c12f8467bd052b8e0ae588f778d0681e67e382c05d6aedc4ce000f9342701348d555d61f6a7252dd53e8f7171ce2
EXPORTER_SECRET 037f57442a5a92a656f3ec624850d3bd859d70a6f8a567d7059a9afcc14fcdef be6efde7bb7be594a97cff778e7d6cc797f78f015c55b8ec3d9067b92781fe68384a4d26013ba8b631f4496eea117f51
CLIENT_EARLY_TRAFFIC_SECRET d4dacc8e1f2293654bea8be88edfc96448580de922a5387ee25b4a3f08e0f2f5 9dbbafb73d05321e49a96051c2f728f2cd010892431ce2f0130ecb5488b6bde2
CLIENT_HANDSHAKE_TRAFFIC_SECRET d4dacc8e1f2293654bea8be88edfc96448580de922a5387ee25b4a3f08e0f2f5 6cd8e0fb38d71ae266080d641035107ca2bf498412bf6ad8a797cb5d92bffeb8
SERVER_HANDSHAKE_TRAFFIC_SECRET d4dacc8e1f2293654bea8be88edfc96448580de922a5387ee25b4a3f08e0f2f5 bf3711a1e8af88f507444eea12cd48608a1e42467f45e3f6e416894411c6e4db
CLIENT_TRAFFIC_SECRET_0 d4dacc8e1f2293654bea8be88edfc96448580de922a5387ee25b4a3f08e0f2f5 d6c288499fb6cba93fd87de0f7eb7bc6c572ac94fa231b209bfd0c02a72244af
SERVER_TRAFFIC_SECRET_0 d4dacc8e1f2293654bea8be88edfc96448580de922a5387ee25b4a3f08e0f2f5 e414d1193e3862cdcb4b0029bc2b6d51fa753129b7d32c6e5c69a2d81da7191d
EXPORTER_SECRET d4dacc8e1f2293654bea8be88edfc96448580de922a5387ee25b4a3f08e0f2f5 cf707b8a7bd278d7ae74c6e2dc6d066162c099b142d45dc2591dc0f236fbf8a0
CLIENT_EARLY_TRAFFIC_SECRET 685f2e2d090a3645a8bec7f3c547c67fcb75fbef4c93bd72377a36357c572cce 11ad3b5a9a0b2d5f7d802f3ae0edbbb6f3c2082812de3807de591d9b044bb27f
CLIENT_HANDSHAKE_TRAFFIC_SECRET 685f2e2d090a3645a8bec7f3c547c67fcb75fbef4c93bd72377a36357c572cce 008c9c6eb0f46ca4b642fbbe65be758f32be7e1cdb146774d6a976aaee560444
SERVER_HANDSHAKE_TRAFFIC_SECRET 685f2e2d090a3645a8bec7f3c547c67fcb75fbef4c93bd72377a36357c572cce 2b339fbbf4143e9ee64d38879570d21dba3e589e2bbe70bfc39bd5898794b927
CLIENT_TRAFFIC_SECRET_0 685f2e2d090a3645a8bec7f3c547c67fcb75fbef4c93bd72377a36357c572cce e76e8ffc5571a666e8c1a385c8ca22e5b833450b8a6e46fcae5c3c2bbeeeaa15
SERVER_TRAFFIC_SECRET_0 685f2e2d090a3645a8bec7f3c547c67fcb75fbef4c93bd72377a36357c572cce e601c9be1be4686a7de74586299f934b783256cd08ae12226d997b2cda3d2585
EXPORTER_SECRET 685f2e2d090a3645a8bec7f3c547c67fcb75fbef4c93bd72377a36357c572cce 017afbacf04e7a12837e474338f58a4c55b931116d6f2b9603f0ec7e69cd57cd
CLIENT_EARLY_TRAFFIC_SECRET e615885d930ae4d958c3ab13c0c2913eedaa596a566a0ac19058c637bc302153 6d7571b4c7f3fd6557bb8d69a0d5ea58c7c5b05f02580e8031e60a520ed269e9
CLIENT_HANDSHAKE_TRAFFIC_SECRET e615885d930ae4d958c3ab13c0c2913eedaa596a566a0ac19058c637bc302153 80bf5cbc2f7e469e8092268e27983a38aa2a17fdaa94a0df7f86f73bbbb5992f
SERVER_HANDSHAKE_TRAFFIC_SECRET e615885d930ae4d958c3ab13c0c2913eedaa596a566a0ac19058c637bc302153 c6295fa8e54d069f2d453137beea6f0da82c57e344c1e6bf44ea659f600b09eb
CLIENT_TRAFFIC_SECRET_0 e615885d930ae4d958c3ab13c0c2913eedaa596a566a0ac19058c637bc302153 b534577470df7e0ac91f427e0f75320cb4cb4ecfa5fb4f539c04dbccfb07af51
SERVER_TRAFFIC_SECRET_0 e615885d930ae4d958c3ab13c0c2913eedaa596a566a0ac19058c637bc302153 478154f4727ee317095ad6202b355827ce16b4af9aee9e3e21b88e9da73993dc
EXPORTER_SECRET e615885d930ae4d958c3ab13c0c2913eedaa596a566a0ac19058c637bc302153 286182e4beddf39be094dc540a774bd2cf6a031612a38f00699593e7e2e2c4f9
CLIENT_EARLY_TRAFFIC_SECRET 19dea2b663dec27ada3f1a860da310b36e3a04fcb16a1067a9e09f04079b7e42 65d5c4158d3d0500f63db59cb85245902336919da14f9ed09a98f5d7bd816ee9
CLIENT_HANDSHAKE_TRAFFIC_SECRET 19dea2b663dec27ada3f1a860da310b36e3a04fcb16a1067a9e09f04079b7e42 c853bd2d2b009a074a365d73179198eb00b0f69b4a0112f87cb383f8dd7f4757
SERVER_HANDSHAKE_TRAFFIC_SECRET 19dea2b663dec27ada3f1a860da310b36e3a04fcb16a1067a9e09f04079b7e42 e24d18869011bb9578d95b703385c5d199a64bddeb0cacf87ff652accafbab1c
CLIENT_TRAFFIC_SECRET_0 19dea2b663dec27ada3f1a860da310b36e3a04fcb16a1067a9e09f04079b7e42 0f89931cef9199689fafce54944d3023f1dffdaa82bed697477719d4ade40718
SERVER_TRAFFIC_SECRET_0 19dea2b663dec27ada3f1a860da310b36e3a04fcb16a1067a9e09f04079b7e42 c9ba57853f8ee33b9b03a14328856450ab3496c99074c688a1d9453b5971b919
EXPORTER_SECRET 19dea2b663dec27ada3f1a860da310b36e3a04fcb16a1067a9e09f04079b7e42 d49966e2b145a4f3b72335d661004ca6c2ecd9e20de4c77ecc1929dade44802b
CLIENT_EARLY_TRAFFIC_SECRET 0647289953739cd34adf5d99f66f91560e6e97cfb3447600492d8d3b4248565d 0c9961fce19cdd5cba99306857a7c15e30ccfdb078dfc5117b78f9a980e6c891
CLIENT_EARLY_TRAFFIC_SECRET 06066745bcd1bac2e71cfd0b331da448bef5fbee67bce21a10924271edc7c0b3 d712fdd9de607cdc3a9f923fb67bf204d232991f2c4a2a8e9f3142057ceb26176386854ac4f331c433ba9858d196c19a
CLIENT_HANDSHAKE_TRAFFIC_SECRET 06066745bcd1bac2e71cfd0b331da448bef5fbee67bce21a10924271edc7c0b3 f64161e9fd4be66ca2b1a7d4c713d35f43076281b5a517c4ecb59ce6fab8fdd03eaa3e6568b5f3e58a338498d6257a63
SERVER_HANDSHAKE_TRAFFIC_SECRET 06066745bcd1bac2e71cfd0b331da448bef5fbee67bce21a10924271edc7c0b3 6413c8edb80d3c625e3d49de1a4673825fba181fee582bdead79c3d4763afb77188f57aa401fcc2fbaec53f1c8cc42fa
CLIENT_TRAFFIC_SECRET_0 06066745bcd1bac2e71cfd0b331da448bef5fbee67bce21a10924271edc7c0b3 20b6fc4211f53197ac68c6fa321c4e4a1d752a684e9db69db02b4e46b028a2389f51896cfd6b0697203b4de1dc92c340
SERVER_TRAFFIC_SECRET_0 06066745bcd1bac2e71cfd0b331da448bef5fbee67bce21a10924271edc7c0b3 bfa150ed8fa5bef7b918d77b4afa8888e095eb31a010d21b0992e912d59df44c2e925dada57c14b1d5537610ef6488df
EXPORTER_SECRET 06066745bcd1bac2e71cfd0b331da448bef5fbee67bce21a10924271edc7c0b3 6ddc9484b985b1b6ce48e09bc258c803e4c29b146287c6a77982f78be217f61e1dab8de703a9aa95772d4a4776371fac
CLIENT_HANDSHAKE_TRAFFIC_SECRET 0647289953739cd34adf5d99f66f91560e6e97cfb3447600492d8d3b4248565d d5539e94add7c3c1245eb32c74512c2a90bb77dad8422f328685a0922727aee1
SERVER_HANDSHAKE_TRAFFIC_SECRET 0647289953739cd34adf5d99f66f91560e6e97cfb3447600492d8d3b4248565d 4b57b066bcc5b32af23f2e29855b030659e2cc3246df2bfb632042f9dcf0ecf8
CLIENT_TRAFFIC_SECRET_0 0647289953739cd34adf5d99f66f91560e6e97cfb3447600492d8d3b4248565d 20a6074e5da3dd58a783dfa1486f94f11bc967f9e4059b9e44851b5c23ba9b32
SERVER_TRAFFIC_SECRET_0 0647289953739cd34adf5d99f66f91560e6e97cfb3447600492d8d3b4248565d 4548b09bb0d145023c5dcc915a9d56f4a17ff8617b5ec193a11e9974f31b7ed3
EXPORTER_SECRET 0647289953739cd34adf5d99f66f91560e6e97cfb3447600492d8d3b4248565d 294bfe8804fcdfb9ee4bb4edf3889bb8626c70cc12024dcd4b980c3a7d482f36
CLIENT_EARLY_TRAFFIC_SECRET 36349b1f0517c94e7427f5435dbae2043af61aa20c809be53633e46c60ca937d bb8336ced7e73da72b436b64155c1acea3214333c4a94ff23e509c3325989375
CLIENT_HANDSHAKE_TRAFFIC_SECRET 36349b1f0517c94e7427f5435dbae2043af61aa20c809be53633e46c60ca937d 4417361c441ce3bfa3bbbcb92df7dc1ed7703a5e14fae8b98a12f6f5dd5c5866
SERVER_HANDSHAKE_TRAFFIC_SECRET 36349b1f0517c94e7427f5435dbae2043af61aa20c809be53633e46c60ca937d e465b262feb2cbe12d108c8803f4bec0b86045149f82edd2a906315b1a983b14
CLIENT_TRAFFIC_SECRET_0 36349b1f0517c94e7427f5435dbae2043af61aa20c809be53633e46c60ca937d 8a948c8334e838e0045c1042f8568773b702a6f9416c6baa0b0849c24bfeed32
SERVER_TRAFFIC_SECRET_0 36349b1f0517c94e7427f5435dbae2043af61aa20c809be53633e46c60ca937d a7cebbde5c3e5211cbd5c76fb652bb522fdf363d5f7686a124de06abd209fb28
EXPORTER_SECRET 36349b1f0517c94e7427f5435dbae2043af61aa20c809be53633e46c60ca937d f445407c00fb28def64a077907ebca89481034742654345db8a04820488dc8b1
CLIENT_EARLY_TRAFFIC_SECRET fd7881155c18f079fc1a3ad66f725e6f8632ffc5d2a85bb95b1e5c1061212110 f05d27e142ca1d598de6ca9fb3ab0da6300822ef37cb962d4bc6c95d11bce181c6e7a57416676c758b17c8ac06a79f08
CLIENT_HANDSHAKE_TRAFFIC_SECRET fd7881155c18f079fc1a3ad66f725e6f8632ffc5d2a85bb95b1e5c1061212110 6e66229e31f4fde8c68461d75f4f92175f2b77a0d705b4c513598ad62470846dc474dd4d27ea279fd27e56178a9d0a76
SERVER_HANDSHAKE_TRAFFIC_SECRET fd7881155c18f079fc1a3ad66f725e6f8632ffc5d2a85bb95b1e5c1061212110 cb9a783d95b0b2deb9c26a02f61e626b3e78fefb4383a77303b68df83a212b3616f184d59c5331b5e8d0ce175473cc53
CLIENT_TRAFFIC_SECRET_0 fd7881155c18f079fc1a3ad66f725e6f8632ffc5d2a85bb95b1e5c1061212110 070a4ac92e3e650930fe2f4b327a7a17efb633a63d320f6f6c90e3ea27e2bf2dd0b419975f19be159211962524c48545
SERVER_TRAFFIC_SECRET_0 fd7881155c18f079fc1a3ad66f725e6f8632ffc5d2a85bb95b1e5c1061212110 76189be5d203aa106a8714329a613d23f9243252df385b833b8fec0f9e4ac77eeb73d0b06fb5b7426fbf9820369c18f5
EXPORTER_SECRET fd7881155c18f079fc1a3ad66f725e6f8632ffc5d2a85bb95b1e5c1061212110 202eb75b52223569c6fbf704999d7914b75194e1a97bfe38b5068456718d1d7b3e5de178efd15aa823f881bd936c6bd9
CLIENT_EARLY_TRAFFIC_SECRET 54734ca0780af93b4bcd191e8dd0bfe905cf6a9bac9a492d01806f9147f1e0c7 2aa8db72883368b73f894f8802467071bc454e88bff1af7ccb47c8dfe9a44762
CLIENT_HANDSHAKE_TRAFFIC_SECRET 54734ca0780af93b4bcd191e8dd0bfe905cf6a9bac9a492d01806f9147f1e0c7 80672fbf7aaf8ccb01b11934e1c36ea2cd8f11900931e38389881cb2d25a8617
SERVER_HANDSHAKE_TRAFFIC_SECRET 54734ca0780af93b4bcd191e8dd0bfe905cf6a9bac9a492d01806f9147f1e0c7 b8edf76cf315a0163cfa19c74332ad535356aa4168f32a7f09aea6614197c339
CLIENT_TRAFFIC_SECRET_0 54734ca0780af93b4bcd191e8dd0bfe905cf6a9bac9a492d01806f9147f1e0c7 8896ed3d80bac061ef99a784a2f8e3927538290af0bddb12a094fd62544e405e
SERVER_TRAFFIC_SECRET_0 54734ca0780af93b4bcd191e8dd0bfe905cf6a9bac9a492d01806f9147f1e0c7 c77b087e9a527bc5da6901c41c921728a22f2a24be2ea72b816fcdf48eef34f2
EXPORTER_SECRET 54734ca0780af93b4bcd191e8dd0bfe905cf6a9bac9a492d01806f9147f1e0c7 282804021860c400baa80ead0eae54edd12674158510fae8199e63c3c50ca1d2
CLIENT_EARLY_TRAFFIC_SECRET 8d7698886ba3340a4f22b64f9d599d9f16a2dd066e540206f5c6d996d11cf8e6 2fe7e647981ba578b28435e5cf5d4689cc93ec87ff2990922d2d6a387eea672a52a22df15fcfa1dbe89a2beb3af0c048
CLIENT_HANDSHAKE_TRAFFIC_SECRET 8d7698886ba3340a4f22b64f9d599d9f16a2dd066e540206f5c6d996d11cf8e6 d93aac7913a8bbd59cc9b7eac820bc759b59d2876b267be7e001dd774bbe1da910e3a535dbf80ab99292259a4c858798
SERVER_HANDSHAKE_TRAFFIC_SECRET 8d7698886ba3340a4f22b64f9d599d9f16a2dd066e540206f5c6d996d11cf8e6 2cbee74fd22320bd094bc4cf63e211ef3f609d1e30580f55fc69a7a2ae8a52b1e22a59d54f110661292e8470b5446934
CLIENT_TRAFFIC_SECRET_0 8d7698886ba3340a4f22b64f9d599d9f16a2dd066e540206f5c6d996d11cf8e6 dca78ee272e85c65a1130089abcce12a048117bebbb64768073b9096dc03b278615d66a90f0a9bb19a64016842c22a99
SERVER_TRAFFIC_SECRET_0 8d7698886ba3340a4f22b64f9d599d9f16a2dd066e540206f5c6d996d11cf8e6 7835e1f37daca30776eecee818fd2a3a0f7ab6dff7a65031f7845963d615b4cc0b50d0f36eea7e3cb1e6f56ddde86468
EXPORTER_SECRET 8d7698886ba3340a4f22b64f9d599d9f16a2dd066e540206f5c6d996d11cf8e6 9bf99fd15e3a4ce85b7c5b28dba7f177ccd1f899ecde8765a6e0d4676d9d1ad68de61ce25ff3c62c6a28b3c8fe21d725
CLIENT_EARLY_TRAFFIC_SECRET d2bb7b625da2d85fe328e55400be504f5b59faa9e31b97db244babc6d8236bf0 16c9acadc4cd4052545564e8b54efa36075abd81f9624c204b2a2ca8619c0ef8e79c0287525fe2a0489a6bb4fdd238bc
CLIENT_HANDSHAKE_TRAFFIC_SECRET d2bb7b625da2d85fe328e55400be504f5b59faa9e31b97db244babc6d8236bf0 dd607372eba39d19fd3fe53be78b8812130bf404b7849e4f45e86549174ed44c2d0c75e54750df6fc120e6ba36672223
SERVER_HANDSHAKE_TRAFFIC_SECRET d2bb7b625da2d85fe328e55400be504f5b59faa9e31b97db244babc6d8236bf0 919ba1e8ded2785446e0c99f1e08e1441313b64a60698486da4ed51ba04183a7edab2b87cc148a4c350e0eae415975f0
CLIENT_TRAFFIC_SECRET_0 d2bb7b625da2d85fe328e55400be504f5b59faa9e31b97db244babc6d8236bf0 f481110ac9d331e52ee6af93c0225eaca858e228ddcff81580a15d93eadd033daff48da16df7adef1a4698d2ec001393
SERVER_TRAFFIC_SECRET_0 d2bb7b625da2d85fe328e55400be504f5b59faa9e31b97db244babc6d8236bf0 8bb3b9465886e38179078bfeb580d3f864d9b03c998488c5b48ca3b6c58ef67fdfce16d74582d7cecd09817d455b0a97
EXPORTER_SECRET d2bb7b625da2d85fe328e55400be504f5b59faa9e31b97db244babc6d8236bf0 45b8a7093a519bb1c8a544711ebab5a64753c6b0595256223643478a7c4a5319ea9b528ccc2c9c5f9ae74e1808a74d5f
CLIENT_EARLY_TRAFFIC_SECRET d22859e7d7dfe194ad8c37d2e4c3bff9a5cd252b50f06c56eea896707b3bde9c 17c8b694a67c5e76b6084fa1b4345afdf67156c95b8810dd5c4b9cc180879bbf
CLIENT_HANDSHAKE_TRAFFIC_SECRET d22859e7d7dfe194ad8c37d2e4c3bff9a5cd252b50f06c56eea896707b3bde9c 1e8121961caa696da1c2ea810d9d619c17791fa75c40a707057c0568c28146ee
SERVER_HANDSHAKE_TRAFFIC_SECRET d22859e7d7dfe194ad8c37d2e4c3bff9a5cd252b50f06c56eea896707b3bde9c 793a5d959b54186bbed524491ced9c8f60171515a314454cda1eb93e5e6f8bc9
CLIENT_TRAFFIC_SECRET_0 d22859e7d7dfe194ad8c37d2e4c3bff9a5cd252b50f06c56eea896707b3bde9c 9883f3fff412472c99ced03a512a193ba67b24ab0e8fe55853ebb8dcc7570e18
SERVER_TRAFFIC_SECRET_0 d22859e7d7dfe194ad8c37d2e4c3bff9a5cd252b50f06c56eea896707b3bde9c 8427a41ea38c6d7e965546711f8456ae5be332766a456bae4e2666e54e19b348
EXPORTER_SECRET d22859e7d7dfe194ad8c37d2e4c3bff9a5cd252b50f06c56eea896707b3bde9c bcb802148baee1ba93ddfe0184210a01e9c7d0f2f4c86d2480cdbb136ab90272
CLIENT_EARLY_TRAFFIC_SECRET 41bf8d781874f081fb3fdf52ddb68d85a2b6152a359edcc8f606762f4949c28c 66598abb5af8a5cbaf0718a1f6aea154f4de554fc6f23a82185d6d5e35ce7a6a
CLIENT_HANDSHAKE_TRAFFIC_SECRET 41bf8d781874f081fb3fdf52ddb68d85a2b6152a359edcc8f606762f4949c28c 1abe34fd9bcf57b84c4d84fb4dd5b82bf1ca47cc4b8ae3492108056c77b3f2aa
SERVER_HANDSHAKE_TRAFFIC_SECRET 41bf8d781874f081fb3fdf52ddb68d85a2b6152a359edcc8f606762f4949c28c b3d77afc89cf05c33de28429033e0768455ee67968414da065412273a3083ec6
CLIENT_TRAFFIC_SECRET_0 41bf8d781874f081fb3fdf52ddb68d85a2b6152a359edcc8f606762f4949c28c 915e3135ce02ea618fe50d986379bc2339731362aabf58f9686d36f4bde3acea
SERVER_TRAFFIC_SECRET_0 41bf8d781874f081fb3fdf52ddb68d85a2b6152a359edcc8f606762f4949c28c 58470ca2cae4afdb421d00af89e2c7f50cac89d16fc5ba48d339f1af4ecf6074
EXPORTER_SECRET 41bf8d781874f081fb3fdf52ddb68d85a2b6152a359edcc8f606762f4949c28c f4defdf87549abd3b38a5e49998f01845ce1d435b46ecdf2df1f477c5b839704
CLIENT_EARLY_TRAFFIC_SECRET c97f65c5ee420016732cb58fa42274c85f73e81e9d9ded8acfed08912187807a 02975655231dd196ecbe0947d3bc6e6a477ed22c18850ee475e18a5af468b937
CLIENT_HANDSHAKE_TRAFFIC_SECRET c97f65c5ee420016732cb58fa42274c85f73e81e9d9ded8acfed08912187807a 29d51771e29d2e0b94f9e257dfbe3854a2a5525dbc3421ff722e3231b1854d4a
SERVER_HANDSHAKE_TRAFFIC_SECRET c97f65c5ee420016732cb58fa42274c85f73e81e9d9ded8acfed08912187807a 09dd3ac15f031dab494aef916ab097d1b20d18cb6ffde450dd632c0c8e038d4e
CLIENT_TRAFFIC_SECRET_0 c97f65c5ee420016732cb58fa42274c85f73e81e9d9ded8acfed08912187807a b1835b8d130631413f45d2b72613ef58272e68558ff666d7edb9d64854ba993a
SERVER_TRAFFIC_SECRET_0 c97f65c5ee420016732cb58fa42274c85f73e81e9d9ded8acfed08912187807a 5e61f3c29771b5a23e9adfc2298277900576a5e115f7f532413e9bea1543d57b
EXPORTER_SECRET c97f65c5ee420016732cb58fa42274c85f73e81e9d9ded8acfed08912187807a 246aa92174269a5874ade1369868058ba41784c06bd8e6cb572b858729526352
CLIENT_EARLY_TRAFFIC_SECRET 5906b198326cb02baa24021f42a1b51ac05bf5eb3d6850113b69ee9956d7b65b 63f797fc9c4c9d59d941adc60b6892485598fa012de559277f56febe5f3731af1c06a04d7b17bfd36c65323c3c7bf3df
CLIENT_HANDSHAKE_TRAFFIC_SECRET 5906b198326cb02baa24021f42a1b51ac05bf5eb3d6850113b69ee9956d7b65b bdcca4a0e391456d1919171967f83ddbe61173662977145f31c3b85968d38a039843e40546309bca9c4c74a947bc946c
SERVER_HANDSHAKE_TRAFFIC_SECRET 5906b198326cb02baa24021f42a1b51ac05bf5eb3d6850113b69ee9956d7b65b ec9476eccdd7d1784311f1f4b94c8deca646cc7894b8862c5d4679e44357cee033f3271fb74e7339b272382377e1a2a1
CLIENT_TRAFFIC_SECRET_0 5906b198326cb02baa24021f42a1b51ac05bf5eb3d6850113b69ee9956d7b65b edc7ba315222152b6ae249e4fc584ec8ec101ff1dc0c136401450248452fc36ede00d8091737336a3f6ef60f45b4bbe0
SERVER_TRAFFIC_SECRET_0 5906b198326cb02baa24021f42a1b51ac05bf5eb3d6850113b69ee9956d7b65b 15f8480f5bc28f8fe67423f230b2417c3690176ae1b6f28f6d08abdd22a2c4bb4b29255bf5d6d8912813d1dbf59afd7b
EXPORTER_SECRET 5906b198326cb02baa24021f42a1b51ac05bf5eb3d6850113b69ee9956d7b65b 39d973dc135e55c5803a019426393ed0eab8bf8c7d4fb47ef7325942182363f427a805b032c7b5f260bbede26551e7da
CLIENT_EARLY_TRAFFIC_SECRET 68fdf82d0e5e0fb81626b4b171ee6bf6314ccef08b39c3d343e9153c1901a869 4afaf0d0bda9be9d77a8eb5e46240f817193d0a4457632ae18cb522bb329c37f
CLIENT_HANDSHAKE_TRAFFIC_SECRET 68fdf82d0e5e0fb81626b4b171ee6bf6314ccef08b39c3d343e9153c1901a869 85a228b20baaf70d46ec9ef09a567dafee5c1f4e204198e08215db7a30591889
SERVER_HANDSHAKE_TRAFFIC_SECRET 68fdf82d0e5e0fb81626b4b171ee6bf6314ccef08b39c3d343e9153c1901a869 934f9314a75ebffd030678c60431a4b6bbb2f08ea4a80dc3f8c577c0b68fce19
CLIENT_TRAFFIC_SECRET_0 68fdf82d0e5e0fb81626b4b171ee6bf6314ccef08b39c3d343e9153c1901a869 427a5c8bf55fbb2a61bdb7b15c233eed51dac19ad81156a7b03c7599b42794da
SERVER_TRAFFIC_SECRET_0 68fdf82d0e5e0fb81626b4b171ee6bf6314ccef08b39c3d343e9153c1901a869 705ded7f186cd611b0531bfcaaf966bf954fbb301f93a9d6276514c1cdc01aef
EXPORTER_SECRET 68fdf82d0e5e0fb81626b4b171ee6bf6314ccef08b39c3d343e9153c1901a869 81218f12c539dcea457d844c11d9bcfbac5d7f8a860a20f076935ef1578d3831
CLIENT_EARLY_TRAFFIC_SECRET ee26a69423a7875977a9ad9c0c40891cf34671440cf9e15833bd44399dbedeec 2a339e7388c6e0e518606793da6d6ddcb4c0be0b673350e88fb732cd6e7ead83d1b0dc0e8b72179853f7ec41f602230a
CLIENT_HANDSHAKE_TRAFFIC_SECRET ee26a69423a7875977a9ad9c0c40891cf34671440cf9e15833bd44399dbedeec fe7df011221bd8d2f7a27b31b9f0dd31fe63165b45c5a7a87b0c13389e61bbd8060ad13cfd7ec92d3b8aa375ad3a8792
SERVER_HANDSHAKE_TRAFFIC_SECRET ee26a69423a7875977a9ad9c0c40891cf34671440cf9e15833bd44399dbedeec 4e3e05db2b0ac561bcdd3db7a896f674d09be4e9606647fc2213db36a9298238595a25a65ff91cb681573c5cc84f77ee
CLIENT_TRAFFIC_SECRET_0 ee26a69423a7875977a9ad9c0c40891cf34671440cf9e15833bd44399dbedeec cad08808ab2618779d82764070537b5d0c0d669dacd15ce403476e8db88fb489d581929f436011845cc96f16c59b31f6
SERVER_TRAFFIC_SECRET_0 ee26a69423a7875977a9ad9c0c40891cf34671440cf9e15833bd44399dbedeec abb93ef68a7091fc08bdfc748f7e42d80aa46edb2ec438aee67fd3a9037841e2e5c210e4de5e43f0fa8d6479a33818f6
EXPORTER_SECRET ee26a69423a7875977a9ad9c0c40891cf34671440cf9e15833bd44399dbedeec db623399f1667526118938ea31c65da317cf2c70be56ce84716ee8d88728123fb4af4669ec6d5fcb05e6c1e0503accf2
CLIENT_EARLY_TRAFFIC_SECRET 51d10d8a21c82672807ae0fe9f72a324ffbc5fc689d13cf1d1557949c0beb248 a7990b9761a09b03774f041328db3d3be416e3c6e7ec593a96daf8432dbb4adf
CLIENT_HANDSHAKE_TRAFFIC_SECRET 51d10d8a21c82672807ae0fe9f72a324ffbc5fc689d13cf1d1557949c0beb248 8b567946469e320613da9855f43481258e84f6e751788ce565ab11fb0d3b4797
SERVER_HANDSHAKE_TRAFFIC_SECRET 51d10d8a21c82672807ae0fe9f72a324ffbc5fc689d13cf1d1557949c0beb248 b8b63f96e62ea414c6a1e5fd99c76a9a76d386dd26c01c21c32a111c20632d39
CLIENT_TRAFFIC_SECRET_0 51d10d8a21c82672807ae0fe9f72a324ffbc5fc689d13cf1d1557949c0beb248 62a4f08236b7e8f5dbedd0fbd3efa6069d5ce0d7b530b40f41e6024c76c4bb79
SERVER_TRAFFIC_SECRET_0 51d10d8a21c82672807ae0fe9f72a324ffbc5fc689d13cf1d1557949c0beb248 027f1e90e637364ff48432b4e4de6457af2d8f7e20df4b3f75c13530ad533df3
EXPORTER_SECRET 51d10d8a21c82672807ae0fe9f72a324ffbc5fc689d13cf1d1557949c0beb248 eebda231d627ea63bbb67c5c7fa85e61b47f1b764afb6a51c5d468c0883517be
CLIENT_EARLY_TRAFFIC_SECRET 906462305b52d5b22dd4e34d2f8aa2798372a16b0b1ec87931b5b49d949a00b4 4c92a6eff07c0c6ab87044ac921aa75f3ff1f4aa65ad37b9841d881c4b4583e9b0b05c11c0314828133876880dd8e8ac
CLIENT_HANDSHAKE_TRAFFIC_SECRET 906462305b52d5b22dd4e34d2f8aa2798372a16b0b1ec87931b5b49d949a00b4 0ec6a8e317ff836ff5639d54619a583229faf552fe64980b36600c8ecb3ca05c833ee211d7f4dceae52a9b6c8f62aa60
SERVER_HANDSHAKE_TRAFFIC_SECRET 906462305b52d5b22dd4e34d2f8aa2798372a16b0b1ec87931b5b49d949a00b4 8abdb2d39c8c76ae173c8ab8387ed1fac604eeef20e0667bf6ba4a70edc1c5e9d3c23e6c59e263524d2babf5b6f25e7c
CLIENT_TRAFFIC_SECRET_0 906462305b52d5b22dd4e34d2f8aa2798372a16b0b1ec87931b5b49d949a00b4 846156be0ac0131c2554c1299a16eb770a3719a766a0a55ab96ba8dc813592cb4b7906f745421bb66af3517b879022c9
SERVER_TRAFFIC_SECRET_0 906462305b52d5b22dd4e34d2f8aa2798372a16b0b1ec87931b5b49d949a00b4 c01950371f5da16a51e42fa98888bee94b1bbcdb1c3a2197a07e1a628f7a10a8f897fa1336b378ddc0c760cecaec7089
EXPORTER_SECRET 906462305b52d5b22dd4e34d2f8aa2798372a16b0b1ec87931b5b49d949a00b4 8b67addf5c3969dcaacc035de7d6aec1b5a500a91fdfce2c85ef054bf6266deb8fc0e3f4866af6a706ba723390bb0ed9
CLIENT_EARLY_TRAFFIC_SECRET 8b3cf46f574fca6d2d52f44d046a4ddf6d842e042b7a7895ce831adf7b735196 098cfcccb92c9f2a37cce8903ff260328b1fe832d2de2424852bee524d043006
CLIENT_HANDSHAKE_TRAFFIC_SECRET 8b3cf46f574fca6d2d52f44d046a4ddf6d842e042b7a7895ce831adf7b735196 fc7d5733800914d35c5e7d83d3859ca0a365271fa74fd28f56a86dae71be2b90
SERVER_HANDSHAKE_TRAFFIC_SECRET 8b3cf46f574fca6d2d52f44d046a4ddf6d842e042b7a7895ce831adf7b735196 1dd575deb1090d6bdbc8d014ea2e27583714e6a1ab75d185145660d6c57bc676
CLIENT_TRAFFIC_SECRET_0 8b3cf46f574fca6d2d52f44d046a4ddf6d842e042b7a7895ce831adf7b735196 911949e575c39d52c763af38a992e8807728f424dae57bffad99bc9511a3a1a9
SERVER_TRAFFIC_SECRET_0 8b3cf46f574fca6d2d52f44d046a4ddf6d842e042b7a7895ce831adf7b735196 c3a1e04d737339f121fa88b243c35a759c4725f87c3691ea76014fc9391ef4e1
EXPORTER_SECRET 8b3cf46f574fca6d2d52f44d046a4ddf6d842e042b7a7895ce831adf7b735196 68e90c7ea5f9b7c5f812ee57bf44aaadffa716bc2222d6041c8be6bd56cd41db
CLIENT_EARLY_TRAFFIC_SECRET 0ecbb8bee1acfc9b8e09ea90130d2f87e2d6b7fbd60508b2a47e59fa74c66b37 cbe2b26e009e15e95df86cdc1cf2c7248efcb7209934fc83a834736cfd010a14
CLIENT_HANDSHAKE_TRAFFIC_SECRET 0ecbb8bee1acfc9b8e09ea90130d2f87e2d6b7fbd60508b2a47e59fa74c66b37 e188709d89a594e7c4581a595ce917ceae1b1666483f8d0fae99af95e0dda1ec
SERVER_HANDSHAKE_TRAFFIC_SECRET 0ecbb8bee1acfc9b8e09ea90130d2f87e2d6b7fbd60508b2a47e59fa74c66b37 0acc84b898353299eed57e804f30282cc32cccdb1d2f024594c5dd2b20fd27c8
CLIENT_TRAFFIC_SECRET_0 0ecbb8bee1acfc9b8e09ea90130d2f87e2d6b7fbd60508b2a47e59fa74c66b37 cc4584f26b22b90b25e3e614c69351ce6bff60fec9eda4136c67eed42892807e
SERVER_TRAFFIC_SECRET_0 0ecbb8bee1acfc9b8e09ea90130d2f87e2d6b7fbd60508b2a47e59fa74c66b37 b81fbfd78c9da98c1b4470830d73f304766e9a4fad5175740c43d654275e95f1
EXPORTER_SECRET 0ecbb8bee1acfc9b8e09ea90130d2f87e2d6b7fbd60508b2a47e59fa74c66b37 b96b01f0be484aeac31ffaafea83c32292a51516327d6a4d583c6e7a31d72c0b
CLIENT_EARLY_TRAFFIC_SECRET 396601de60fb880637fa7732861af28e3c86d09d0f06e0612248fa2e8b7214a8 f396ff606022ada2115aea8e9fe8826ff6117196a408d70bf70cba1baea1052d
CLIENT_HANDSHAKE_TRAFFIC_SECRET 396601de60fb880637fa7732861af28e3c86d09d0f06e0612248fa2e8b7214a8 5d43565a4a14057fee072892014be2094c503a53773c757623c7989a55f22300
SERVER_HANDSHAKE_TRAFFIC_SECRET 396601de60fb880637fa7732861af28e3c86d09d0f06e0612248fa2e8b7214a8 2ca8076a821dc8b7768158cee10420ec1d451ff0d87669fac982a90bd5eeb3f7
CLIENT_TRAFFIC_SECRET_0 396601de60fb880637fa7732861af28e3c86d09d0f06e0612248fa2e8b7214a8 d28e90d54d316d5752d265fed4f60df9e81cddcc689f74c7a2cb51c8b8dc102c
SERVER_TRAFFIC_SECRET_0 396601de60fb880637fa7732861af28e3c86d09d0f06e0612248fa2e8b7214a8 a3a59654f26d7033dc8789dc4b7fa9d7beb1972419212c807e5bf193c8b19809
EXPORTER_SECRET 396601de60fb880637fa7732861af28e3c86d09d0f06e0612248fa2e8b7214a8 f96e668c5e7db53c518ab958a3725b6b17fbadb56587ac06cde4581cbe44875b
CLIENT_EARLY_TRAFFIC_SECRET b985bc6f80e3fd3a671e909e549c946803d50e7dd1df626d36eb579c33746939 ab96b9a18d0b4878260fef6daacf0bffcbf598aaf49bbf9a713f459233ae420e
CLIENT_HANDSHAKE_TRAFFIC_SECRET b985bc6f80e3fd3a671e909e549c946803d50e7dd1df626d36eb579c33746939 16a2c4b2b8bf5a53e1fd9389f79578dbc1ad98dc7b816564b44666321481cf0a
SERVER_HANDSHAKE_TRAFFIC_SECRET b985bc6f80e3fd3a671e909e549c946803d50e7dd1df626d36eb579c33746939 0a2e20f2e7ede1eabdf06d78c4215d706f7196edd90e03fdccfb31424a16b359
CLIENT_TRAFFIC_SECRET_0 b985bc6f80e3fd3a671e909e549c946803d50e7dd1df626d36eb579c33746939 a2db71191ad245dd70626ac5b93cf0dcbba93a859ccd40ea7e50b43ff54b3619
SERVER_TRAFFIC_SECRET_0 b985bc6f80e3fd3a671e909e549c946803d50e7dd1df626d36eb579c33746939 9e01df38ce1d7d3608258963a4987c1250c8968df34ddb7bf20cd0117f9859cf
EXPORTER_SECRET b985bc6f80e3fd3a671e909e549c946803d50e7dd1df626d36eb579c33746939 8a8866169eef6d105ac957436a08e75b7c9f08ed3e992e33864b02e236082ecd
CLIENT_EARLY_TRAFFIC_SECRET e05a09a065bc185b0cbf0ebf21b7fdab4f334904523c4a3b34749d06daea8c99 355f793355a48fcc22ab2af7eef2eafdb1d7576c1b938769e690ad42a7ef5ff2
CLIENT_EARLY_TRAFFIC_SECRET e2c63dfb6f1e35f0b9ae59e5c1f45be92fa5e9b952bb64f60275e595834f800c bc6fcbead68dc7e41255411731d02e8543666848ed05fc69955049016370a6562948a170dd23ddb714312ae42860941a
CLIENT_HANDSHAKE_TRAFFIC_SECRET e05a09a065bc185b0cbf0ebf21b7fdab4f334904523c4a3b34749d06daea8c99 5524cdf9c7c3355ef20e0e42d5c8abfdecd735689247be78cc21ea9e116014f3
SERVER_HANDSHAKE_TRAFFIC_SECRET e05a09a065bc185b0cbf0ebf21b7fdab4f334904523c4a3b34749d06daea8c99 9d573ecb48925032277fe0ca6d24d8f3776068d346436153e33deab89bc46750
CLIENT_HANDSHAKE_TRAFFIC_SECRET e2c63dfb6f1e35f0b9ae59e5c1f45be92fa5e9b952bb64f60275e595834f800c d13571a79bb79eaf893610e7d1bdf1d06743705cf4ff7deed29855b72fdc2fa689d579f111a4045b084552718152c5b7
SERVER_HANDSHAKE_TRAFFIC_SECRET e2c63dfb6f1e35f0b9ae59e5c1f45be92fa5e9b952bb64f60275e595834f800c 3917a0e26f86f3b3af0e65dccb4d5bcd7df4bb14b951789b6c82ab034530e2f636bddcecaf0e63993376fbd404510a8a
CLIENT_TRAFFIC_SECRET_0 e2c63dfb6f1e35f0b9ae59e5c1f45be92fa5e9b952bb64f60275e595834f800c 676738f6d8672d0aae5b59faddbd3d57a0de583e65f7b595c3728f23b9d3f03f356759e074485e0279ca86167a15d253
SERVER_TRAFFIC_SECRET_0 e2c63dfb6f1e35f0b9ae59e5c1f45be92fa5e9b952bb64f60275e595834f800c a4b771b0881985fdf539db5d727c751d4b22e5bdd894130083b232a63f4905a8afd245329365a0714a987c2513b2276c
EXPORTER_SECRET e2c63dfb6f1e35f0b9ae59e5c1f45be92fa5e9b952bb64f60275e595834f800c df164a45cbc5f6b6b3afedb4d7ffbb41656bb0d6512e836688c197f1225671225a665a87ce41e558e32445963938ef70
CLIENT_TRAFFIC_SECRET_0 e05a09a065bc185b0cbf0ebf21b7fdab4f334904523c4a3b34749d06daea8c99 1d4c3665f1aa12c62a1e2c070464cb141d2fb62863035fd6e87e39fd626e830e
SERVER_TRAFFIC_SECRET_0 e05a09a065bc185b0cbf0ebf21b7fdab4f334904523c4a3b34749d06daea8c99 2f88dd50b4adaaebb86d5f92fad3d061ded414320a3f3c6c09e01bc03cae48a2
EXPORTER_SECRET e05a09a065bc185b0cbf0ebf21b7fdab4f334904523c4a3b34749d06daea8c99 ee2684a4cc90d704df8a4c4de1e5c8d91d8b2f01ee1d91fb3b2f577ced010da4
CLIENT_EARLY_TRAFFIC_SECRET 32aabd1eacd670651d221a12938e92a4f357738e4b760768ebe1a06608d5b5d9 69dd38c82c0678ab19446fa279c47ca2a18582d52138ccaa7a3046b430087c18
CLIENT_HANDSHAKE_TRAFFIC_SECRET 32aabd1eacd670651d221a12938e92a4f357738e4b760768ebe1a06608d5b5d9 78e390ee4f7b539d7c47624b2390a4b4fa90098a4f6e3753b4a9ca46c8048004
SERVER_HANDSHAKE_TRAFFIC_SECRET 32aabd1eacd670651d221a12938e92a4f357738e4b760768ebe1a06608d5b5d9 c4c16c52ab99e95d11899efd24ff30781d87bfab042412223c35405dbe10d1b9
CLIENT_TRAFFIC_SECRET_0 32aabd1eacd670651d221a12938e92a4f357738e4b760768ebe1a06608d5b5d9 d8e233065298ab10576f5feb852ba6a92c405f55f80c1b020d3a08d1083dc8f0
SERVER_TRAFFIC_SECRET_0 32aabd1eacd670651d221a12938e92a4f357738e4b760768ebe1a06608d5b5d9 2c74168e7e86660693b8501dc46103962a9f63fd002f012e215e99fd27d44396
EXPORTER_SECRET 32aabd1eacd670651d221a12938e92a4f357738e4b760768ebe1a06608d5b5d9 300d23d34fff96d4bd386dfe74a6eb11bf06d86bd9825f6ff82be028d4aef4e4
CLIENT_EARLY_TRAFFIC_SECRET d7be5c20c6fc12c879be13046cbc582a3c0b4e688db52ba605c689e258e2bc29 246b76582ddb651763277650b4dc6b27430103450b04fbe6fc737fb4ed2c6d0349fa4ef4cf081b3b051580b358c5e35a
CLIENT_HANDSHAKE_TRAFFIC_SECRET d7be5c20c6fc12c879be13046cbc582a3c0b4e688db52ba605c689e258e2bc29 5f61380750115e0b1d8fc9e179c5f93a3884d7c784cd021820d0a63dc346ad7551f65f2e66538fc7a2158556105b6d96
SERVER_HANDSHAKE_TRAFFIC_SECRET d7be5c20c6fc12c879be13046cbc582a3c0b4e688db52ba605c689e258e2bc29 268364a1683cbcaa9bb37c185b13388e20a0f9c6c4f550388d29cc9bbbf1bb08764ef3f2496adea7a7dadfc134d1aa36
CLIENT_TRAFFIC_SECRET_0 d7be5c20c6fc12c879be13046cbc582a3c0b4e688db52ba605c689e258e2bc29 51873540ceb707bc2914f544718fd9976d24bc1884f75972146f83449c0147b1289e102ded22a738ccdafd3903366e2d
SERVER_TRAFFIC_SECRET_0 d7be5c20c6fc12c879be13046cbc582a3c0b4e688db52ba605c689e258e2bc29 96e07fee29e8159d8538bfa031a44d39a15a7c9fadd492b0690676ae53821c64c1681bd0bfc401481889e383dc180a58
EXPORTER_SECRET d7be5c20c6fc12c879be13046cbc582a3c0b4e688db52ba605c689e258e2bc29 50faea65c8ad07e8e89742ce44bcce6780fc3a2d357a163b09e6f628524c2b619cf0abdbc8980b506a0846c779710c35
CLIENT_EARLY_TRAFFIC_SECRET dcd1af71fc6cef9e32265ca6bb25ed4fa2cfaadefba83b154495a938b5bc5e72 2ec188e1ec1cdf5cfae20e8aacc7a8b4632a56746221e1ec3c8fefaa8f4a4894
CLIENT_HANDSHAKE_TRAFFIC_SECRET dcd1af71fc6cef9e32265ca6bb25ed4fa2cfaadefba83b154495a938b5bc5e72 a2a9fc822cccfda938e7927bcb22c4f98c8dbc2edbaa4061a96515cb14a04d0b
SERVER_HANDSHAKE_TRAFFIC_SECRET dcd1af71fc6cef9e32265ca6bb25ed4fa2cfaadefba83b154495a938b5bc5e72 12b50c46007c032fa5c4c9acb6bb76a4eec05cdcc45e009f0e700991db641600
CLIENT_TRAFFIC_SECRET_0 dcd1af71fc6cef9e32265ca6bb25ed4fa2cfaadefba83b154495a938b5bc5e72 814fac0d6afac14f0c3b7d5f1b46697cf1cdf834d2fedcc908a65b022f1f6f24
SERVER_TRAFFIC_SECRET_0 dcd1af71fc6cef9e32265ca6bb25ed4fa2cfaadefba83b154495a938b5bc5e72 f5e6b2a1480a13a745128f37823414a40427fb11af2f8a442ad13d4bbd4ecc57
EXPORTER_SECRET dcd1af71fc6cef9e32265ca6bb25ed4fa2cfaadefba83b154495a938b5bc5e72 b00cf35c5d0f02d397a0d70ef24bb85c063f3adc360e6cf88e2d1aa8ef411882
CLIENT_EARLY_TRAFFIC_SECRET 1cab5710bd0ec8c0c6063772b11352d22d3e81ca318c41c8c619cb5690aa7b09 1383f208e1530a6135cb009d2668daf31605af2d4a3774bf3b7bc50d55aff1d568bb4fccc2d4abac4872eace3e1d3bff
CLIENT_HANDSHAKE_TRAFFIC_SECRET 1cab5710bd0ec8c0c6063772b11352d22d3e81ca318c41c8c619cb5690aa7b09 d16514c8d3e3d8410e73aa2476d105e838e2504be397da3c68780952a93a0889e3bc90b54d88eb2cca20735642a90c16
SERVER_HANDSHAKE_TRAFFIC_SECRET 1cab5710bd0ec8c0c6063772b11352d22d3e81ca318c41c8c619cb5690aa7b09 6250f5b0cbd8005cf8df3ebc203d9722cff1166a74d94337e42e6763a40e0696e0968ffea05953631f8da2faef24fd3f
CLIENT_TRAFFIC_SECRET_0 1cab5710bd0ec8c0c6063772b11352d22d3e81ca318c41c8c619cb5690aa7b09 d1c378f0d2ff1cab4901b76bebdf9b2d7e0055ceea99a30791770c76e02e1a2972d7531273232e38842d53eb9e70f697
SERVER_TRAFFIC_SECRET_0 1cab5710bd0ec8c0c6063772b11352d22d3e81ca318c41c8c619cb5690aa7b09 c3c6ef7a34b3493c10ac5b98b02ca74c097617dedab6bcb5c1721e29997df61117b5d0f651b7e12da65e37f5d2a0231a
EXPORTER_SECRET 1cab5710bd0ec8c0c6063772b11352d22d3e81ca318c41c8c619cb5690aa7b09 e5d27c022c97d9720bc37d78371ad749b50f6620c95420b0447cead957303789605670069c0b1f6678f8db49bbd0ac53
CLIENT_EARLY_TRAFFIC_SECRET 77fb5b8ce178f1aa66985a4baf57a886c4f96b776b68e341cab1bf6f5da35484 e487d9894514699df7539c3eb8e69ab2fbd536e0b1aad8de74efaaa4be16ca00
CLIENT_HANDSHAKE_TRAFFIC_SECRET 77fb5b8ce178f1aa66985a4baf57a886c4f96b776b68e341cab1bf6f5da35484 0bfacfb2efe767584b4728ee49168ad718a420294a8b08eb4b2f37a927382e07
SERVER_HANDSHAKE_TRAFFIC_SECRET 77fb5b8ce178f1aa66985a4baf57a886c4f96b776b68e341cab1bf6f5da35484 8bf4f5289f9dcb24478074f3b59ca46cbe9e66e8f318811c5d95ad9e3b4943c4
CLIENT_TRAFFIC_SECRET_0 77fb5b8ce178f1aa66985a4baf57a886c4f96b776b68e341cab1bf6f5da35484 d6e44cccf6290c74fdab186752a1348b463206d1180730b0e5053f3963876f93
SERVER_TRAFFIC_SECRET_0 77fb5b8ce178f1aa66985a4baf57a886c4f96b776b68e341cab1bf6f5da35484 3474cbbca9ffaea956fc83d5f72a05d977bcedf0a62d968bffdcc0c5efc73e86
EXPORTER_SECRET 77fb5b8ce178f1aa66985a4baf57a886c4f96b776b68e341cab1bf6f5da35484 8c6e408c0221fb6e55237a07f0949d04b332a299ac7e3842c82230a714b9e073
CLIENT_EARLY_TRAFFIC_SECRET 087d8590eda8338041bcb3e979d0675ef7a337305af62e1551d2150abcc7a9e8 96ae679fd54f48b5f4342c3277f547cdc9866ab0c06fca571179a13528cb0648
CLIENT_HANDSHAKE_TRAFFIC_SECRET 087d8590eda8338041bcb3e979d0675ef7a337305af62e1551d2150abcc7a9e8 e3768bfa3aa819179eb8b25543c91521b64281b4ba8aeabfd838de88d02576c7
SERVER_HANDSHAKE_TRAFFIC_SECRET 087d8590eda8338041bcb3e979d0675ef7a337305af62e1551d2150abcc7a9e8 e6823fe550fa588346993edafadc812a9f0e418adee859860329233c3f11748a
CLIENT_TRAFFIC_SECRET_0 087d8590eda8338041bcb3e979d0675ef7a337305af62e1551d2150abcc7a9e8 3901cb967c2769afa09de73712dd2cd9addde21510b45306c987b4e91a74951f
SERVER_TRAFFIC_SECRET_0 087d8590eda8338041bcb3e979d0675ef7a337305af62e1551d2150abcc7a9e8 cc42189b92380eec9c3623ae6a8cea8478ed8ffb48389f318f650d3d622401a9
EXPORTER_SECRET 087d8590eda8338041bcb3e979d0675ef7a337305af62e1551d2150abcc7a9e8 7ec85df415a1e7ca7572b19fb4a80e3d6822e8b116b8064f8666e69f38358734
CLIENT_EARLY_TRAFFIC_SECRET 4c49ba5ab6b32a37684232697635a001b3f9c5151fd8445ae096f88542fa374f 47823844e251e3d960c164b02eb67a5142c7ae5ed66a32accaf8197cb15da6d64f457d7c83d47c23d5db623ead8a7f42
CLIENT_HANDSHAKE_TRAFFIC_SECRET 4c49ba5ab6b32a37684232697635a001b3f9c5151fd8445ae096f88542fa374f 973db6ec9b3f3305e12eb5baec24df5da05db7199b5b882625d6a4b84cba203d5cb014f769e7fec460040114cb482d5a
SERVER_HANDSHAKE_TRAFFIC_SECRET 4c49ba5ab6b32a37684232697635a001b3f9c5151fd8445ae096f88542fa374f d70ab512b4c27fd90766c352cd4cef3d489425538c15d312d08a2b81ae2a46eceb07a1e1d6cad707c46bb28e117bae60
CLIENT_TRAFFIC_SECRET_0 4c49ba5ab6b32a37684232697635a001b3f9c5151fd8445ae096f88542fa374f a5c805405752f83c9afe4f9c186ab784eb630928545c91e45dcacaa493432b410f3c778ed97295bbfa6c1f2440bbc6c2
SERVER_TRAFFIC_SECRET_0 4c49ba5ab6b32a37684232697635a001b3f9c5151fd8445ae096f88542fa374f 60e25616516639cb768fac025237314aac9b63c27d83df8ecb1ea82827dc0e12decc25d57f52843af1ca8133a4923ca4
EXPORTER_SECRET 4c49ba5ab6b32a37684232697635a001b3f9c5151fd8445ae096f88542fa374f 957c3a647fb9f192d5e5b31cd6adae3fdd62c5ba9f4bf27cdea4307536b2ca0697446c8b67bf52017243c6a3ec91fe24
CLIENT_EARLY_TRAFFIC_SECRET 4a15c0804cc19ac58abb41fae669fd5b8424855922a71d1b7219a61e7e656abc 47e3227b0fe2b1b0d1cd3f793a45def1a83f314231b81703ea4c69f55d91b99c
CLIENT_HANDSHAKE_TRAFFIC_SECRET 4a15c0804cc19ac58abb41fae669fd5b8424855922a71d1b7219a61e7e656abc f021a795a85215d520098b035b8eb9588d2c0d8a73e5a5ec7d44387d70493d2f
SERVER_HANDSHAKE_TRAFFIC_SECRET 4a15c0804cc19ac58abb41fae669fd5b8424855922a71d1b7219a61e7e656abc a021ea1c597097e458e2052734b91dfa2c4d356001683d5b8d6c99089e818ca1
CLIENT_TRAFFIC_SECRET_0 4a15c0804cc19ac58abb41fae669fd5b8424855922a71d1b7219a61e7e656abc 300d34d73504beabe6f3dfc61bb2480fe957eb3bfadb949ef7fc88465cfc939d
SERVER_TRAFFIC_SECRET_0 4a15c0804cc19ac58abb41fae669fd5b8424855922a71d1b7219a61e7e656abc 31ab0581d388aca57d250d2abcc4136c6590799e75bea231f0d1248592c52e0c
EXPORTER_SECRET 4a15c0804cc19ac58abb41fae669fd5b8424855922a71d1b7219a61e7e656abc e2c7dba263c8761472fedc1085945375ef63e42a12475d3fdc1bea871cb04e3e
CLIENT_EARLY_TRAFFIC_SECRET 43837439d0356ee6d00f1fe359f41675e886c70074c2e13e6e02d16fbd3f3ef9 8d4733a69cc71278de27df3b23f2586f32a9484dd915e8a60edb84f52912cc281e5adfe9968d6b0b4cb7b6569f65519b
CLIENT_HANDSHAKE_TRAFFIC_SECRET 43837439d0356ee6d00f1fe359f41675e886c70074c2e13e6e02d16fbd3f3ef9 231dc875721ab80b7a9c284505b6d63e1178d59af510ab77f81a20a78d4a30d9a6130da92b0cb84ae71b81d25e1c9d27
SERVER_HANDSHAKE_TRAFFIC_SECRET 43837439d0356ee6d00f1fe359f41675e886c70074c2e13e6e02d16fbd3f3ef9 c466abdf31251a8cfd19569d35b7f151b571256a6e55563bba98a884bdbc132e442a302aba785606fa8e68fb86a72e05
CLIENT_TRAFFIC_SECRET_0 43837439d0356ee6d00f1fe359f41675e886c70074c2e13e6e02d16fbd3f3ef9 bf177091eb956850a0691663257265de5f43b2a3661156285f5ddf5d766000dfe26d4fa81eda2eded9820dd94fd93d5f
SERVER_TRAFFIC_SECRET_0 43837439d0356ee6d00f1fe359f41675e886c70074c2e13e6e02d16fbd3f3ef9 1bf4c9c8a0dd1974785a4287a8be35b7df3dbe5b3d4238ea5662f1960992b828e2537c41b17cfa1511cd20e735e59fc5
EXPORTER_SECRET 43837439d0356ee6d00f1fe359f41675e886c70074c2e13e6e02d16fbd3f3ef9 a169b29a2df307bf9377017eaa57bf212e88ce99c06fddf84d059040897fd1981074116584cdc9f833178dcf7e51f187
CLIENT_EARLY_TRAFFIC_SECRET 1f4a62b650683cb36ed4b4be70b0f3ffd577e7461c5f0bbeffcce9ca1addb340 a3043109a97a52e3418ff7f1aea970b56b8db78e0c93a6afbb4a67d4dd3df1cd
CLIENT_HANDSHAKE_TRAFFIC_SECRET 1f4a62b650683cb36ed4b4be70b0f3ffd577e7461c5f0bbeffcce9ca1addb340 dd33fd9ee6bfd71109b0ec04ed462e63f3983c111cce2fc8030c1549f98a9c23
SERVER_HANDSHAKE_TRAFFIC_SECRET 1f4a62b650683cb36ed4b4be70b0f3ffd577e7461c5f0bbeffcce9ca1addb340 3e3949f96c6a72ff5e926a9ed6c5efa32c48d700188fde1d2328e0fe8328e06e
CLIENT_TRAFFIC_SECRET_0 1f4a62b650683cb36ed4b4be70b0f3ffd577e7461c5f0bbeffcce9ca1addb340 2a6e42bcaeacdc23154fb0b505858a691940bb59da1a53c85f96e45f07eb053d
SERVER_TRAFFIC_SECRET_0 1f4a62b650683cb36ed4b4be70b0f3ffd577e7461c5f0bbeffcce9ca1addb340 7a3c7de9a621d24e29fa6fbaf0604a9d0c1ba421e8116b93bce0cab99e1dd1cb
EXPORTER_SECRET 1f4a62b650683cb36ed4b4be70b0f3ffd577e7461c5f0bbeffcce9ca1addb340 514f8419f94612632596fd22cee0503b923d0ab9b8fa272e9215792f08d81021
CLIENT_EARLY_TRAFFIC_SECRET 745d513906fb67c51a765a39af4affba9289ce46c0ecea9f8ad4f9d6324ed66b 550a45d9b4654bf6fdccade83499592d258f5a5eabaa19a7005fbeb665037023
CLIENT_HANDSHAKE_TRAFFIC_SECRET 745d513906fb67c51a765a39af4affba9289ce46c0ecea9f8ad4f9d6324ed66b 450773d2c8a7387038fac0ead5f536cfe586b989af623fdba0e474d5b8a9ef2c
SERVER_HANDSHAKE_TRAFFIC_SECRET 745d513906fb67c51a765a39af4affba9289ce46c0ecea9f8ad4f9d6324ed66b 7128f2b6cc18e5d10761ce0d2c4ccf0df0176f892185db35044dcded8eb3edba
CLIENT_TRAFFIC_SECRET_0 745d513906fb67c51a765a39af4affba9289ce46c0ecea9f8ad4f9d6324ed66b 77825d520ee968eb68a9d3854d776f8b3e280bd34d97e8df240ef3f06593bfae
SERVER_TRAFFIC_SECRET_0 745d513906fb67c51a765a39af4affba9289ce46c0ecea9f8ad4f9d6324ed66b d387f2056fefd5430cb564c70caa128d9cbd9a232b2c4414a73c61bffeb360da
EXPORTER_SECRET 745d513906fb67c51a765a39af4affba9289ce46c0ecea9f8ad4f9d6324ed66b b0ca5b0819e8859554a9b5173db04955da53cf906bd5762f2a10a85e04ce9a79
CLIENT_EARLY_TRAFFIC_SECRET a33832d4c81ffdec5ac85fc9272d44311721f14955d00bf3d2f3aa6cf6496920 d24508c83838bdf443385c452b2877f5f02676721fd3c116134168eff23a59da
CLIENT_HANDSHAKE_TRAFFIC_SECRET a33832d4c81ffdec5ac85fc9272d44311721f14955d00bf3d2f3aa6cf6496920 c4c5be3d6b2307e2aefea72176b84397420766e9c800e829c9ad6cdd2d3f37ad
SERVER_HANDSHAKE_TRAFFIC_SECRET a33832d4c81ffdec5ac85fc9272d44311721f14955d00bf3d2f3aa6cf6496920 1d077161c6c28ad343678670c42d336622a1c9cc80f3cc7cdfda455934bafffe
CLIENT_TRAFFIC_SECRET_0 a33832d4c81ffdec5ac85fc9272d44311721f14955d00bf3d2f3aa6cf6496920 7a336459aa6c4aac70f4d88a133e7cb7c221680f964a8c2f0e4ba0f4bb13e6d2
SERVER_TRAFFIC_SECRET_0 a33832d4c81ffdec5ac85fc9272d44311721f14955d00bf3d2f3aa6cf6496920 43c1a267e06008fe818ef1343c2e3f9b3a04045658eb8e512ef9f8e292f72666
EXPORTER_SECRET a33832d4c81ffdec5ac85fc9272d44311721f14955d00bf3d2f3aa6cf6496920 eca3c740ffd5d34367bac9c50cf063c73db5cd0796f8f8a94bb0dac977b452a3
CLIENT_EARLY_TRAFFIC_SECRET 64e9356e2dda1b79ce6e1c807fc0bebffca2030b8ec740bf07f77872f3dc687d c20813b1fd71a46c2c150e68b52d3d6a717d9ad456fea646e802797df4b630ad
CLIENT_HANDSHAKE_TRAFFIC_SECRET 64e9356e2dda1b79ce6e1c807fc0bebffca2030b8ec740bf07f77872f3dc687d 3bbf9cd9ef3ba8b4abb5f9b1f9cc638d891eb1284ee30f40d37d4b9e405e785a
SERVER_HANDSHAKE_TRAFFIC_SECRET 64e9356e2dda1b79ce6e1c807fc0bebffca2030b8ec740bf07f77872f3dc687d fd8858ae55c01039f4158e0fb2c548e73f0202faa1bc05a044c0a9710e88bf48
CLIENT_TRAFFIC_SECRET_0 64e9356e2dda1b79ce6e1c807fc0bebffca2030b8ec740bf07f77872f3dc687d ec93dc98c70ade5219e72c713ce62a23bdbac0fbc6a0c7156e8be3ee8491b05d
SERVER_TRAFFIC_SECRET_0 64e9356e2dda1b79ce6e1c807fc0bebffca2030b8ec740bf07f77872f3dc687d 63265cd1bb4de8788676c43f66f65d1eb5df0050bfc9391f49213f1603b95e5c
EXPORTER_SECRET 64e9356e2dda1b79ce6e1c807fc0bebffca2030b8ec740bf07f77872f3dc687d c199df15e0744013b27d515fd3d1361f0b694b4ebb71d804fef6a8dc09dfd095
CLIENT_EARLY_TRAFFIC_SECRET f39d0b4b8a89d0d461569312d2fad865c4cacc16a1ebce5010893fdf968b9c48 fa3100b575f0d283886e6f18ad25d05183c0d7c09b9a1e248ccb578b07473403
CLIENT_HANDSHAKE_TRAFFIC_SECRET f39d0b4b8a89d0d461569312d2fad865c4cacc16a1ebce5010893fdf968b9c48 83ad81e6f7516ba3be097bccc6e69d16f41f01797b04c6d7dfadeae8ba703ee0
SERVER_HANDSHAKE_TRAFFIC_SECRET f39d0b4b8a89d0d461569312d2fad865c4cacc16a1ebce5010893fdf968b9c48 c7ecce7f4ea03c608a6a4f527dbac5ebe1ef1c2fe4d1f22ea1b47fc4f17bbbae
CLIENT_TRAFFIC_SECRET_0 f39d0b4b8a89d0d461569312d2fad865c4cacc16a1ebce5010893fdf968b9c48 8d7aeb9335ad5c4ee16e8132af1aafabfb65a076de2cf81deaab87a6923be1d0
SERVER_TRAFFIC_SECRET_0 f39d0b4b8a89d0d461569312d2fad865c4cacc16a1ebce5010893fdf968b9c48 5c1b71a80fd54379c54469153dc18a619ad1d017a8fbdb883fd466db431953b1
EXPORTER_SECRET f39d0b4b8a89d0d461569312d2fad865c4cacc16a1ebce5010893fdf968b9c48 262bbb95e5558ace1039f636483fea608f385e3729eb7a1f0bdb71ca6737aaa6
CLIENT_EARLY_TRAFFIC_SECRET 38daa385a6c882fd1384de2d55cf43fcc888a5b8bd58ff9978695205fa1f3bdf 49e74beed057bf48fe1c79c4cfc9897c92fdb53266aa5da8b0f26ef1397c832b3a1686b96263029148376d7eb3850c62
CLIENT_HANDSHAKE_TRAFFIC_SECRET 38daa385a6c882fd1384de2d55cf43fcc888a5b8bd58ff9978695205fa1f3bdf b8870e57e3d2362fe07918cac25d0f16b2e05dc7515099a80bc58a3bb24785cede883377b53c43f616da78e85096acbd
SERVER_HANDSHAKE_TRAFFIC_SECRET 38daa385a6c882fd1384de2d55cf43fcc888a5b8bd58ff9978695205fa1f3bdf 35c385b66afaf613b8927c0c35d5e78703cc893905e873053d927ee74c31c881b1657370c9200d71d55355a84ef2de7b
CLIENT_TRAFFIC_SECRET_0 38daa385a6c882fd1384de2d55cf43fcc888a5b8bd58ff9978695205fa1f3bdf 409e55f106a845c3e8611ddaa00f284664e559fa56b2e69f0869464e23685e14cc95da28a48b653f2b8307fe38c55d23
SERVER_TRAFFIC_SECRET_0 38daa385a6c882fd1384de2d55cf43fcc888a5b8bd58ff9978695205fa1f3bdf ad16344eaaf4e4d4ec377f088a746bb4d18271b401c6a993e075f0c13e7bb2c533c2362e3b687b1e80f34c6ddcc3e0ce
EXPORTER_SECRET 38daa385a6c882fd1384de2d55cf43fcc888a5b8bd58ff9978695205fa1f3bdf 60a713e69a5ff3b17484f472e688e5ccc60725f3a132e2929aa9a15f45d76050d911d0aed1ed8677ce7296bb6bd33ac9
CLIENT_EARLY_TRAFFIC_SECRET 46b2ada8de7b929f0342a1be485b5e9b266fd2c430e5f48b0e8641b390b0ce10 8801773d7f3fbfbb230b6020cf4e78034de86fbc4b437aea9332602817a310b7
CLIENT_HANDSHAKE_TRAFFIC_SECRET 46b2ada8de7b929f0342a1be485b5e9b266fd2c430e5f48b0e8641b390b0ce10 c207a00a0cd270e6f2374c54689a615e9c33a4d80c2d41f537ff09f85a031d0b
SERVER_HANDSHAKE_TRAFFIC_SECRET 46b2ada8de7b929f0342a1be485b5e9b266fd2c430e5f48b0e8641b390b0ce10 e6b134fa0da4a359458959954abb60073e04b604489996bdf555826ba9788760
CLIENT_TRAFFIC_SECRET_0 46b2ada8de7b929f0342a1be485b5e9b266fd2c430e5f48b0e8641b390b0ce10 aa97c98da105974bc6985883f5f5ea97b4a65c53036da3937096674f9712a2e4
SERVER_TRAFFIC_SECRET_0 46b2ada8de7b929f0342a1be485b5e9b266fd2c430e5f48b0e8641b390b0ce10 5de9e012957d3df71d92a5fd32ef7dd9ca06f522b504dd1079de74e760cce74d
EXPORTER_SECRET 46b2ada8de7b929f0342a1be485b5e9b266fd2c430e5f48b0e8641b390b0ce10 7e6f52e7d56210c936932be42420fa71d35463de2a78b0b813db0246747d6a3b
CLIENT_EARLY_TRAFFIC_SECRET cbac254f005a76bf9120334a744d211fe7fc1918d345c005ce6e64f81605357f c015ec107b6c149e6c7b319d5e0221cb3293dbef82f2384c337a42dbdf366385
CLIENT_EARLY_TRAFFIC_SECRET d0c969ea92f697484a846a9cc7c0a59e139105bf3ba6c891a47cbc08c3049fe8 84edd171b6b592361a3029911e2927cc78fbe9e678ea15136d5b3d08006c3c134fcbcd0f06cf3c7f0d599e5f4ee3bb90
CLIENT_HANDSHAKE_TRAFFIC_SECRET d0c969ea92f697484a846a9cc7c0a59e139105bf3ba6c891a47cbc08c3049fe8 3c0e548f3b26cde3206fa6f3f19c665609ab183e475c73aad1e34c578c6320a661405fc100928485c4d40f0377caa6e0
SERVER_HANDSHAKE_TRAFFIC_SECRET d0c969ea92f697484a846a9cc7c0a59e139105bf3ba6c891a47cbc08c3049fe8 50d836210a5c9df1e06fd5b3fc32f98595da9a43a2c89dca0e984ba9d87bc0c933141b8920182bf6189f4c2051492459
CLIENT_TRAFFIC_SECRET_0 d0c969ea92f697484a846a9cc7c0a59e139105bf3ba6c891a47cbc08c3049fe8 cfc53ca51b3357c8d184e97b0ee9e26177b29393305bfe4cc94a8f7db16a20dc9127f90a07526e96d3384399035b5fdf
SERVER_TRAFFIC_SECRET_0 d0c969ea92f697484a846a9cc7c0a59e139105bf3ba6c891a47cbc08c3049fe8 9d422d289693aff685eff8ad69d34e965f8f9d5cca5c3d840779fa854e97eef7600667230a216af60b1b3ef6b7fc0040
EXPORTER_SECRET d0c969ea92f697484a846a9cc7c0a59e139105bf3ba6c891a47cbc08c3049fe8 09cbf8ef0257164149936f358cb2ed1b737856c5b183d900e383b7aa92f933b6559ea04e02af75e76d9eb3fa8372f258
CLIENT_HANDSHAKE_TRAFFIC_SECRET cbac254f005a76bf9120334a744d211fe7fc1918d345c005ce6e64f81605357f de92bbc6f748dd03816a20b5baff2d1d53f812ab367b8ba1576c86e370ae3e83
SERVER_HANDSHAKE_TRAFFIC_SECRET cbac254f005a76bf9120334a744d211fe7fc1918d345c005ce6e64f81605357f 5cafa6ce4b701da5cfd4b476747d5bee05ea995c06f485ba90d9eb727299f84a
CLIENT_TRAFFIC_SECRET_0 cbac254f005a76bf9120334a744d211fe7fc1918d345c005ce6e64f81605357f 4d3528abbee661ca20f5eaaedd16ebbf24dd9b76a5607b9cde97fd14069a9b4e
SERVER_TRAFFIC_SECRET_0 cbac254f005a76bf9120334a744d211fe7fc1918d345c005ce6e64f81605357f 39c156eaccc9c09806cf1090f5bed1029f46e4f7ac840a9e9438de60e3e353d6
EXPORTER_SECRET cbac254f005a76bf9120334a744d211fe7fc1918d345c005ce6e64f81605357f 402d53247cfd28779f92067229927f7e60b7812ddd0dfd777e8ef93cccef2a8a
CLIENT_EARLY_TRAFFIC_SECRET dced2ac029890fe2758ef922d818c5dd0f768d857f17028171303c5f27497b4e fd7d84b0ec61627c3cdc78509abb4a84ba47799a3796130c37bef96773f725b5
CLIENT_HANDSHAKE_TRAFFIC_SECRET dced2ac029890fe2758ef922d818c5dd0f768d857f17028171303c5f27497b4e 5dd5e2b3704c92ea49cc64edfeb02fc86b387c6712a32d852239d2d8b9cb6642
SERVER_HANDSHAKE_TRAFFIC_SECRET dced2ac029890fe2758ef922d818c5dd0f768d857f17028171303c5f27497b4e 82009b44a3d7195621e69d3f7d3fce0ca1c51aa7941411d1c6e0a4b5438ddf2d
CLIENT_TRAFFIC_SECRET_0 dced2ac029890fe2758ef922d818c5dd0f768d857f17028171303c5f27497b4e 38861e754043ca6fe0417b205a89dfad5d5bfe5c961ddab64ef86cced4f919b0
SERVER_TRAFFIC_SECRET_0 dced2ac029890fe2758ef922d818c5dd0f768d857f17028171303c5f27497b4e e75c9b5f1ea08d23f8b33542bf6711b7637eecc337d81427a8d6bf1512f254ad
EXPORTER_SECRET dced2ac029890fe2758ef922d818c5dd0f768d857f17028171303c5f27497b4e 1824064cfa73a78e3e331825e1b9d16fcf9576590b2d71018e64113971474cb9
CLIENT_EARLY_TRAFFIC_SECRET 9532eb102035ca3146171a6e24b32259a70b17baf4e879ba8c042293013bd344 ffb1b9f69c0d235a2121b08432d36280e77800a95e60137f99f5a525d30a09a7c6917863c35bfdde61378762ca7da4c4
CLIENT_HANDSHAKE_TRAFFIC_SECRET 9532eb102035ca3146171a6e24b32259a70b17baf4e879ba8c042293013bd344 2a9f6914fc2e6fce01cb3c58271940b236681e9573b17d56bdc937cea5ecc3ca548a3701c3787d84af02fd9185869ace
SERVER_HANDSHAKE_TRAFFIC_SECRET 9532eb102035ca3146171a6e24b32259a70b17baf4e879ba8c042293013bd344 54bee5a4ec5c8a6db7dadb409f44e71c598dcff65b3ce513e40edfc1384872768f6216ef4c3efaf7fb9d76d21c68f791
CLIENT_TRAFFIC_SECRET_0 9532eb102035ca3146171a6e24b32259a70b17baf4e879ba8c042293013bd344 cbfebd798942a71deb5cd9827b19418d2d830c83027455b1945ce81523ec6ea8e91f760248d89bd4b79602b7478321fa
SERVER_TRAFFIC_SECRET_0 9532eb102035ca3146171a6e24b32259a70b17baf4e879ba8c042293013bd344 4f52b9b705e330616d0fc24ba2bfb37da5b7c46155783158c477582276fc4a6f36f4065229f74bad1ae72ff332f3f87b
EXPORTER_SECRET 9532eb102035ca3146171a6e24b32259a70b17baf4e879ba8c042293013bd344 eb523b9425c2ecd67ced436b700d1ecdb8c88c38843f0a7d605928d11d92fc4bfdb52ef39fb946ffbdeb35fdf7c06a75
CLIENT_EARLY_TRAFFIC_SECRET ac1b07ef9dbdd97f1d9a4c012b6592a558bd4c4848504c2c88d94c82dae916fe ff8e2cd76bb2bc39a3b2a6e9058c8a3b71502a0cf51e407f0bb62ad89051b531
CLIENT_HANDSHAKE_TRAFFIC_SECRET ac1b07ef9dbdd97f1d9a4c012b6592a558bd4c4848504c2c88d94c82dae916fe ffbec1280830ff3736a6ae2fa294d3304d6a9211c23f6aab0ed0e87cbf8e4671
SERVER_HANDSHAKE_TRAFFIC_SECRET ac1b07ef9dbdd97f1d9a4c012b6592a558bd4c4848504c2c88d94c82dae916fe 61bd0deab01ea3ce9e6567509a2e3feb8a8ffeda5c6c2e1db5538230be7f1183
CLIENT_TRAFFIC_SECRET_0 ac1b07ef9dbdd97f1d9a4c012b6592a558bd4c4848504c2c88d94c82dae916fe 99cf00d04efbc924fbfaa18c190e567f02971cf1ef7862884b853e87d9bf6a9b
SERVER_TRAFFIC_SECRET_0 ac1b07ef9dbdd97f1d9a4c012b6592a558bd4c4848504c2c88d94c82dae916fe 38295778d1dcdfea420ae03ccbbfba123550bcb87a946b3d25748d277fca74f9
EXPORTER_SECRET ac1b07ef9dbdd97f1d9a4c012b6592a558bd4c4848504c2c88d94c82dae916fe a374a2361284695b472f7b61dbeae479c908e34d673b531e55dc25007aa89105
CLIENT_EARLY_TRAFFIC_SECRET 62189d11b4a204735e5c79a2085ce3c5a1d86b3755b695065fcd670d10802ac5 c7cb82dfb5d3270580357c8f9dab79032a03051eeb757975b5d5fc4ba65ab42d
CLIENT_HANDSHAKE_TRAFFIC_SECRET 62189d11b4a204735e5c79a2085ce3c5a1d86b3755b695065fcd670d10802ac5 d7264447a6ca893246fe3a57da269120dd97ee1251ede704bbcb887ef77a2936
SERVER_HANDSHAKE_TRAFFIC_SECRET 62189d11b4a204735e5c79a2085ce3c5a1d86b3755b695065fcd670d10802ac5 69cfc90444a308ef4764b036222694946d20f275e5badc5afae944b82229d02e
CLIENT_TRAFFIC_SECRET_0 62189d11b4a204735e5c79a2085ce3c5a1d86b3755b695065fcd670d10802ac5 c5d80bb3a0e018c91eced28ffc5a78f43288f115ca09128510ceca3a8453d5af
SERVER_TRAFFIC_SECRET_0 62189d11b4a204735e5c79a2085ce3c5a1d86b3755b695065fcd670d10802ac5 ba48140a7d9e5e0499c6e6186e255c66aa741692b6b479ff0a5db3190677c1e6
EXPORTER_SECRET 62189d11b4a204735e5c79a2085ce3c5a1d86b3755b695065fcd670d10802ac5 b57ced2a54fda57bbfb2906e6f925b7535f51be5b285341bea32439af7ded05d
CLIENT_EARLY_TRAFFIC_SECRET 160358c8af283bf1f5a274e1d67ffa2653fc79faa286c1a4d440f5190b028439 517253e6334ec76034552660dc77a4b1e5a8541aa0960208d92b7527208c1db0
CLIENT_HANDSHAKE_TRAFFIC_SECRET 160358c8af283bf1f5a274e1d67ffa2653fc79faa286c1a4d440f5190b028439 a820a6175a3f12cabfa6d8f98f175e7936b4284545ca12f1477ed59e6ba4bc8a
SERVER_HANDSHAKE_TRAFFIC_SECRET 160358c8af283bf1f5a274e1d67ffa2653fc79faa286c1a4d440f5190b028439 431c28f4a85dff463cdd08fdf6f113c324d3ab15ad58f5a229995ec21cbd1b3a
CLIENT_TRAFFIC_SECRET_0 160358c8af283bf1f5a274e1d67ffa2653fc79faa286c1a4d440f5190b028439 d345d9c6b551117d63708ae65fdd99953ad9738152864620fe757da68bbc7759
SERVER_TRAFFIC_SECRET_0 160358c8af283bf1f5a274e1d67ffa2653fc79faa286c1a4d440f5190b028439 a41b3b62b6c76541f98f602d55155058b1530e3a9501d6ad530fe0d224c882f0
EXPORTER_SECRET 160358c8af283bf1f5a274e1d67ffa2653fc79faa286c1a4d440f5190b028439 490a6c35a2b6e3d88cb5994cd87fc355a9aba80d0d59c2c7a43c2f41ca6b0d82
CLIENT_HANDSHAKE_TRAFFIC_SECRET ed36a904cef07d86cd88abe2703ed14e554024ed8edd9ee29be7d1e84e745e50 eb4cb79a3bdd9854bd317b897feb68ceaf9433e37a7c5e00c57c0b7c8d6c77eb
SERVER_HANDSHAKE_TRAFFIC_SECRET ed36a904cef07d86cd88abe2703ed14e554024ed8edd9ee29be7d1e84e745e50 38cf6495969c5f78c9cb8feda1d386cedfbeba21463f47e5d75eb415a2c0e7dc
CLIENT_TRAFFIC_SECRET_0 ed36a904cef07d86cd88abe2703ed14e554024ed8edd9ee29be7d1e84e745e50 53a1cd6c46b8edb0628691573d990a97a603e79c36246bf0663f0f8ef5f74a77
SERVER_TRAFFIC_SECRET_0 ed36a904cef07d86cd88abe2703ed14e554024ed8edd9ee29be7d1e84e745e50 405eefe9bb45f257a0abbfc6bbf7860a428471f47c9e6b5f770b9b54cd45c92e
EXPORTER_SECRET ed36a904cef07d86cd88abe2703ed14e554024ed8edd9ee29be7d1e84e745e50 e261ee623f19db9e010c9ccc06212ee332bacd3a887bc86b417493189ad68867
CLIENT_EARLY_TRAFFIC_SECRET 8b1f69bd2bd5814dfc1da07e54aaccdd4ee74710ffdcab8759d42a2ab5284582 4b2b2c1c5406792652df639709ae9dd977980d32b9648be0f37c76e454adee98
CLIENT_HANDSHAKE_TRAFFIC_SECRET 8b1f69bd2bd5814dfc1da07e54aaccdd4ee74710ffdcab8759d42a2ab5284582 aa3eea06373705b97f0e16c544d777d51c5aa3df354ecf9131d9a634634e82ec
SERVER_HANDSHAKE_TRAFFIC_SECRET 8b1f69bd2bd5814dfc1da07e54aaccdd4ee74710ffdcab8759d42a2ab5284582 039a7deb1618d59aedce566d049cb48b05644ea32468c1ed8e4747497a48ad5c
CLIENT_TRAFFIC_SECRET_0 8b1f69bd2bd5814dfc1da07e54aaccdd4ee74710ffdcab8759d42a2ab5284582 811d6cdb24a3c34fc76343cb9cbd39c1e83c9cec86285c211f1e572e8a6e2795
SERVER_TRAFFIC_SECRET_0 8b1f69bd2bd5814dfc1da07e54aaccdd4ee74710ffdcab8759d42a2ab5284582 31cb24a5ba48d91cdbdd279365a645bb6769cb274489e5fe006a0e819f03e6db
EXPORTER_SECRET 8b1f69bd2bd5814dfc1da07e54aaccdd4ee74710ffdcab8759d42a2ab5284582 94d8d729bd534921c0f6f11f2748f1f171fa17ee24a6c1cab256c3a31b412be5
CLIENT_EARLY_TRAFFIC_SECRET e3dc3704882568c789f7661201401d683476ebfa021555eeb6e311325d7e6cc9 e787b5c060e064b3e27ce8612a185edda54259e5a1b91ace50343305e060788eb1a1ed4fb3a2d1bd0ec827828bab87ef
CLIENT_HANDSHAKE_TRAFFIC_SECRET e3dc3704882568c789f7661201401d683476ebfa021555eeb6e311325d7e6cc9 f3954d01c93636ae9ba59d78eee6ba33984343a51280c86cd8447fb139340d4f675999d6e622bf59ddb605af2a4701ba
SERVER_HANDSHAKE_TRAFFIC_SECRET e3dc3704882568c789f7661201401d683476ebfa021555eeb6e311325d7e6cc9 2a05a80f651dc387f1c2a7e38e8ed4b5dd6c4dc46fed1f54f6b03a4edb52f6475a4b640322ccb0e8019840071728f77a
CLIENT_TRAFFIC_SECRET_0 e3dc3704882568c789f7661201401d683476ebfa021555eeb6e311325d7e6cc9 aeedb9994c0309fe4e163019b2b37e22f8b9992ce5530e693dc492a8606ca55347882c7a46eff93f3a137d8e9695f7ce
SERVER_TRAFFIC_SECRET_0 e3dc3704882568c789f7661201401d683476ebfa021555eeb6e311325d7e6cc9 be28cd4ce40fc944113492879f326b3f0856602fb2a16948fe11d2341c5bca4d4aee80ca42508bcad2def42c5356abff
EXPORTER_SECRET e3dc3704882568c789f7661201401d683476ebfa021555eeb6e311325d7e6cc9 a553f4b20b058604a7306efb3f7451a9e9cbd996fcf52eef52ab1889dd155f73dcbf66ffcf8dd45d6c8e33cfef5e21fc
CLIENT_EARLY_TRAFFIC_SECRET 496d20823579c3b7b22f88096f78dab80d46e306f2dde44af622f780ebb19fb7 f7187c0216d2e14f33eb29a96a6d606545aadea241550d68530674f1cd26244c
CLIENT_HANDSHAKE_TRAFFIC_SECRET 496d20823579c3b7b22f88096f78dab80d46e306f2dde44af622f780ebb19fb7 04a0e69686256ba381592f3e762c51239c72ae907469c7a169e43fe2d14ebfea
SERVER_HANDSHAKE_TRAFFIC_SECRET 496d20823579c3b7b22f88096f78dab80d46e306f2dde44af622f780ebb19fb7 64575599326d12928129cbd0ba216caf669f2e14c58d8dcfa68aaf79648a7db2
CLIENT_TRAFFIC_SECRET_0 496d20823579c3b7b22f88096f78dab80d46e306f2dde44af622f780ebb19fb7 672ca829f93720653116f2c678dd7a473c799b9ba8bcc20207eb85c9117dbbf2
SERVER_TRAFFIC_SECRET_0 496d20823579c3b7b22f88096f78dab80d46e306f2dde44af622f780ebb19fb7 9227a45700c0ca2081b84e3ed897e35847843f76f3da6b3f705eae664d89ae1b
EXPORTER_SECRET 496d20823579c3b7b22f88096f78dab80d46e306f2dde44af622f780ebb19fb7 5e749e81633b67c15cef7e576689065fbdfd6c4d19630ddf30f40051ae160f2a
CLIENT_EARLY_TRAFFIC_SECRET d066bf4333ea7b0ba7a5279c995561cf0cb16ea50971b88eb81ca88fd70d9918 f5cb987923efe9ca1d83d313eb7e6a9c0d56a44e352cdba0eb9287675916e773d6d050098f32dc8911084dadb8f65bda
CLIENT_HANDSHAKE_TRAFFIC_SECRET d066bf4333ea7b0ba7a5279c995561cf0cb16ea50971b88eb81ca88fd70d9918 dfb7be3b983889bde921f74bfffb4d11b4f146f1b5cf2eda0d4297fbbd93631c9ccfdc5731e651ab55e224ac5ef70a15
SERVER_HANDSHAKE_TRAFFIC_SECRET d066bf4333ea7b0ba7a5279c995561cf0cb16ea50971b88eb81ca88fd70d9918 bc9397400d5c87105fc504db95383d6446f5b6da96c8ff01841604c1e4ffff25d8fd71a4aceb82a03ec9a91bf7f383aa
CLIENT_TRAFFIC_SECRET_0 d066bf4333ea7b0ba7a5279c995561cf0cb16ea50971b88eb81ca88fd70d9918 297c73c787d8673f17177b6e67f269dff92743f03287d170ed4626d6cf1ff9ffa6a294e4766624b4afe42fa786fda8a8
SERVER_TRAFFIC_SECRET_0 d066bf4333ea7b0ba7a5279c995561cf0cb16ea50971b88eb81ca88fd70d9918 216d0ca73db7433b25995d579069a24886d863de18df09ad3fed77c46ec677bccd4e5853adb59bc18c0250ecb7f157da
EXPORTER_SECRET d066bf4333ea7b0ba7a5279c995561cf0cb16ea50971b88eb81ca88fd70d9918 cf5a580284c6754b481bfbda24cc9bb67e97f1f6eb4dbfb934be25d9bf59b50cf4c3c388d5c68f5da73472126804e30a
CLIENT_EARLY_TRAFFIC_SECRET 061feb9bfd8b66e50d9c1a1413e8ebc26a2831072c6244e6d878f26acdb5636e e9d0c9986cae367261634f09ef1a4ba0b86dd594187c2ef4542e96b575c36b1fc260a4bc16cbf339ee78a2580e6f10ef
CLIENT_HANDSHAKE_TRAFFIC_SECRET 061feb9bfd8b66e50d9c1a1413e8ebc26a2831072c6244e6d878f26acdb5636e ab8923d6681b26d2f672e75948cc8b7c78e0e9b534ecc69478fe7d0d1e6b73ee8ea1dd4de9108f34ef481560a2a4f549
SERVER_HANDSHAKE_TRAFFIC_SECRET 061feb9bfd8b66e50d9c1a1413e8ebc26a2831072c6244e6d878f26acdb5636e 636248391d4870a4467c819c118902110c691298922b7a447ef27e507847599929645edfa8495567105249dfc142a0c1
CLIENT_TRAFFIC_SECRET_0 061feb9bfd8b66e50d9c1a1413e8ebc26a2831072c6244e6d878f26acdb5636e 51c80b0538952d596e850d36ecc684d49b80db2db3937cc8a3668b5da4770c085f0d8ead0b4fa7231816cce55276eb26
SERVER_TRAFFIC_SECRET_0 061feb9bfd8b66e50d9c1a1413e8ebc26a2831072c6244e6d878f26acdb5636e 566bebe661edad7e108d8d91a55b58f80e274ae090f0c59a7f797bdaafe98fb426f67cea3fbe3550079def64a5acdad5
EXPORTER_SECRET 061feb9bfd8b66e50d9c1a1413e8ebc26a2831072c6244e6d878f26acdb5636e 166e1ad145e32a12ba67ed26ba055309573e993e850a148b917da9297d834f5fc39041c1139a52b63fbf7c0fc16c31ee
CLIENT_EARLY_TRAFFIC_SECRET f3cf0a6da23fa246bfc5436d63ed22669c26b00f30abb33241921ca6347c547f 9750e68204a34573a6a18344ef49fc699a645a5dd44b7f6ba0285d1a385ba8f1
CLIENT_HANDSHAKE_TRAFFIC_SECRET f3cf0a6da23fa246bfc5436d63ed22669c26b00f30abb33241921ca6347c547f 140e9b3950a4d51fdf155f21d31d7384b2894600b7a090177e51eea986856b49
SERVER_HANDSHAKE_TRAFFIC_SECRET f3cf0a6da23fa246bfc5436d63ed22669c26b00f30abb33241921ca6347c547f 4324670e1d57cfab9afa655f8bae0589b48694628019fd648691262382fb1687
CLIENT_TRAFFIC_SECRET_0 f3cf0a6da23fa246bfc5436d63ed22669c26b00f30abb33241921ca6347c547f b3a46759af5c0086ba8cad452f019bc680484b2a501cfc7e122d1688789982d3
SERVER_TRAFFIC_SECRET_0 f3cf0a6da23fa246bfc5436d63ed22669c26b00f30abb33241921ca6347c547f 2ca66f048e0eb7c566e92d1d7711f40215f79df1bd9e5a61c558df49865c4788
EXPORTER_SECRET f3cf0a6da23fa246bfc5436d63ed22669c26b00f30abb33241921ca6347c547f c1bc2f8dd432f9415daaec95206613bbdfe4d95bd8a29e8815d894d2bd0b7bfe
CLIENT_EARLY_TRAFFIC_SECRET 5c35789ba74137e4b246e301e6ee159c2fc4baab0b399365f33afb2909dc81bb 3d726f1e5188d615d072739e383c09cb2e0d1660ed0e6d20d2a91fc97b51d1ca2eaaf28020c694ff1a9f9757c7b692ca
CLIENT_HANDSHAKE_TRAFFIC_SECRET 5c35789ba74137e4b246e301e6ee159c2fc4baab0b399365f33afb2909dc81bb ed52d8547ef2bfe716fe7e7cdd5bdf5280dff24002c2d11df3f9b4f45f69169d22470973c79a58eef8f99b500a51b653
SERVER_HANDSHAKE_TRAFFIC_SECRET 5c35789ba74137e4b246e301e6ee159c2fc4baab0b399365f33afb2909dc81bb 94cbed5152025913f893d937a8d16c0e56ed1eb00a8e959d1e4ff32dc66984c1b51846bbc4f8d7ceeda482e94e7be7a9
CLIENT_TRAFFIC_SECRET_0 5c35789ba74137e4b246e301e6ee159c2fc4baab0b399365f33afb2909dc81bb eff27d464b062e15ee6263a6417ddf40e33d01ee790efd55ceb22dba3408ed2850be8599ccd70dd5017aea57a80d56ff
SERVER_TRAFFIC_SECRET_0 5c35789ba74137e4b246e301e6ee159c2fc4baab0b399365f33afb2909dc81bb 2289c6e7810776c8d883c66724dab300e12dd96cfca32da92338ad4018ea529b1098614232a6a81b365c0359845995da
EXPORTER_SECRET 5c35789ba74137e4b246e301e6ee159c2fc4baab0b399365f33afb2909dc81bb 1e5ccfdd128acabbbe10edd1425af5c56269016f24dde6fe7973f7dbdd8c7a6de69a9ec0627dd90281aac7161313e43b
CLIENT_EARLY_TRAFFIC_SECRET 4cd6407b87dea906c282e850d29e45be7583f7d66b2a00b6b30ee7957b247e51 3f5f4d7b4c8a6bbaf7b55e74b5bec94f4ca7c82a00865f87f93e0ba1f28c8d33
CLIENT_HANDSHAKE_TRAFFIC_SECRET 4cd6407b87dea906c282e850d29e45be7583f7d66b2a00b6b30ee7957b247e51 8cda99ea7ebd27befdab40be4269f58864cf9bce01e0b520d0e744059dfe1c51
SERVER_HANDSHAKE_TRAFFIC_SECRET 4cd6407b87dea906c282e850d29e45be7583f7d66b2a00b6b30ee7957b247e51 27b0de4a5bc9f7d0e447108270a447e1f8c6b1f55815dab791c666f29101d1f0
CLIENT_TRAFFIC_SECRET_0 4cd6407b87dea906c282e850d29e45be7583f7d66b2a00b6b30ee7957b247e51 dcdc162b323495644f168ae491e74d774101cdf130cd902182fe3f79759b0457
SERVER_TRAFFIC_SECRET_0 4cd6407b87dea906c282e850d29e45be7583f7d66b2a00b6b30ee7957b247e51 0d153fe543fab9a23413833835f636b269fd0d07b692cc28aac64ad4b3a38b2f
EXPORTER_SECRET 4cd6407b87dea906c282e850d29e45be7583f7d66b2a00b6b30ee7957b247e51 cc342a77fa5a137f24a45c319418ce1be32d70df884b6802e561d473b15d8999
CLIENT_EARLY_TRAFFIC_SECRET ef07eaeebac7eef6c251bdffb40f9f37d400dfefc1b84cd305f934a93b573a95 aa4a37c4e8a7b9497711a86594c8a1f98f9bec06c0b724f51de6338622ef35da
CLIENT_HANDSHAKE_TRAFFIC_SECRET ef07eaeebac7eef6c251bdffb40f9f37d400dfefc1b84cd305f934a93b573a95 efc4cbe7fdb1d959e29d7bd524969ad19650b486a0f2176993fdd46762cc0eec
SERVER_HANDSHAKE_TRAFFIC_SECRET ef07eaeebac7eef6c251bdffb40f9f37d400dfefc1b84cd305f934a93b573a95 5f16e153e32c1371726ee62c079fa4a1627aa3c0996e4ef24eb6367ee32a9d16
CLIENT_TRAFFIC_SECRET_0 ef07eaeebac7eef6c251bdffb40f9f37d400dfefc1b84cd305f934a93b573a95 d740108c39366b66c66e350fb713762147bc57795b138f1dba8ee607564436ac
SERVER_TRAFFIC_SECRET_0 ef07eaeebac7eef6c251bdffb40f9f37d400dfefc1b84cd305f934a93b573a95 0eba0c6ab24aa0a84230d53d286c587656d5970999cfaae04f29b613e2fbac4e
EXPORTER_SECRET ef07eaeebac7eef6c251bdffb40f9f37d400dfefc1b84cd305f934a93b573a95 2f9ee1b81d168a6e194c18f23cfb3cf063f55de4a23ffda01b1062b988e75f2a
CLIENT_EARLY_TRAFFIC_SECRET a542036429a698b1303abdc9f3d79cd0e58b0e360af15ae3fff35407bea6147e 35e82735bf954a6fab2b75ab1ce459ed99a8ee57502c7c99e1d6a120a5839ded
CLIENT_HANDSHAKE_TRAFFIC_SECRET a542036429a698b1303abdc9f3d79cd0e58b0e360af15ae3fff35407bea6147e e1c81fb6b7281e13d5abce6eb8fa14f72f9c4a13aa3fca90c21aef80c366f6da
SERVER_HANDSHAKE_TRAFFIC_SECRET a542036429a698b1303abdc9f3d79cd0e58b0e360af15ae3fff35407bea6147e 87048a3cfc9c605e1d5b4616f6a48d2ecb91d6acc608ddbe2fb8fd2dd1ee7bf9
CLIENT_TRAFFIC_SECRET_0 a542036429a698b1303abdc9f3d79cd0e58b0e360af15ae3fff35407bea6147e a63a350d5249f534b3850b117a3a5449c4a1bf4842e92a82f5f585c7edb37799
SERVER_TRAFFIC_SECRET_0 a542036429a698b1303abdc9f3d79cd0e58b0e360af15ae3fff35407bea6147e e8c942825e4f7dbbd3f33d96f8958e2d441b802b35b78a2e9a4436463782cde5
EXPORTER_SECRET a542036429a698b1303abdc9f3d79cd0e58b0e360af15ae3fff35407bea6147e 6558883db5f7be6371a17de817546236f29794dfd5b93a84b13c75bcd4b0f485
CLIENT_EARLY_TRAFFIC_SECRET 084e6012d8bc6cb1b3a4d3d39dbfd7d87705efd20e5773619879bea7d0f5c086 37e661b958e925d43cdd75b52695de584e1fdea1a910a37aa7cbb8e6d5b366092553d65e3f0dad885e512a272894e9ee
CLIENT_HANDSHAKE_TRAFFIC_SECRET 084e6012d8bc6cb1b3a4d3d39dbfd7d87705efd20e5773619879bea7d0f5c086 d17f30d19a6d9635f801d7f8034aa80d001f129321810b231e0c868d565a5f98bef1d239447e714f8207d1cb9d63971b
SERVER_HANDSHAKE_TRAFFIC_SECRET 084e6012d8bc6cb1b3a4d3d39dbfd7d87705efd20e5773619879bea7d0f5c086 c4341b5f68720e518cfed39a8d053e15b32058572433dd3d834908e4c31f965787305c06797a7509c2a8e43e5283db02
CLIENT_TRAFFIC_SECRET_0 084e6012d8bc6cb1b3a4d3d39dbfd7d87705efd20e5773619879bea7d0f5c086 8aad2fd98b3a811f9d50d5460662c788943d3c86a6a22e8f9bf03e3eefd7015109a12debeee5ba225ae220c35a9d61a9
SERVER_TRAFFIC_SECRET_0 084e6012d8bc6cb1b3a4d3d39dbfd7d87705efd20e5773619879bea7d0f5c086 8af19323a940f8717a09408628580585094fdef70bc84566f273ac07215f2d0cc473fc11bef99ddad323554819d0baa5
EXPORTER_SECRET 084e6012d8bc6cb1b3a4d3d39dbfd7d87705efd20e5773619879bea7d0f5c086 9582f7a2c72b5c15f4886e7bab30222d00df27838f0c094f4dfff551e0e38a5cdfb5767a7de9837fff4d7d0950ce32d0
CLIENT_EARLY_TRAFFIC_SECRET 55bd935c4e83395fd5a2326da9016608fe6b25cf2559af72ac47ddfa1e90d73b af8e4478733d0bd8c339b3766b21a1fc65b76e9b0dedd6699966ea1a4b061a13
CLIENT_HANDSHAKE_TRAFFIC_SECRET 55bd935c4e83395fd5a2326da9016608fe6b25cf2559af72ac47ddfa1e90d73b 5ea69878b77896ff9123ea0057a936d67ba9f134bc65ea826b9a9012524406d6
SERVER_HANDSHAKE_TRAFFIC_SECRET 55bd935c4e83395fd5a2326da9016608fe6b25cf2559af72ac47ddfa1e90d73b bdc0f7f0079495a979f9d69c0af4923d356d2ab79cceed18895aa4cc9c6e36db
CLIENT_TRAFFIC_SECRET_0 55bd935c4e83395fd5a2326da9016608fe6b25cf2559af72ac47ddfa1e90d73b 469f455da80c21d42926f721a0f1481c0c0f823f61e928b42d74d8d3d670a558
SERVER_TRAFFIC_SECRET_0 55bd935c4e83395fd5a2326da9016608fe6b25cf2559af72ac47ddfa1e90d73b 02c8d243d828d7d808666c55a720ad63961571cbce4c8b898f4336ace2113076
EXPORTER_SECRET 55bd935c4e83395fd5a2326da9016608fe6b25cf2559af72ac47ddfa1e90d73b d0fbb410277485cdb5f15387a945314858e90a71bf3246ff8f0b928cbfa5ed49
CLIENT_EARLY_TRAFFIC_SECRET 80f5eb235997250f0d1fe906ad4065a468dbaf2532d90ad732523e19560e98a2 afb0d27776757bb4a14a89a0cabce3953a0f7e50f97736dd153ed4fffb7c929ac2628871c839865a6c4f5e8d004192bd
CLIENT_HANDSHAKE_TRAFFIC_SECRET 80f5eb235997250f0d1fe906ad4065a468dbaf2532d90ad732523e19560e98a2 6f8a379b1a52c5045ec0db2af9c79e99221cb9a6be97b9936f69c3421d894d06df70b2b420f7926304a4a1e63bd1ef1d
SERVER_HANDSHAKE_TRAFFIC_SECRET 80f5eb235997250f0d1fe906ad4065a468dbaf2532d90ad732523e19560e98a2 1e650b3eb0386462380c753f4ea5c1dc7f26b6d2c6021fad8fa2c22d79859398c6f8528348d3fbab91a625d30cb0b9a0
CLIENT_TRAFFIC_SECRET_0 80f5eb235997250f0d1fe906ad4065a468dbaf2532d90ad732523e19560e98a2 142c1f246150788400b691d888140a7e498d6b91340d6041b0d7ce901e0f46da7ef481113e65cb5584388127b969d796
SERVER_TRAFFIC_SECRET_0 80f5eb235997250f0d1fe906ad4065a468dbaf2532d90ad732523e19560e98a2 653ef85b349812ad47379113f4f8e19ae635c4403271339427cc89e82d1a77c36af307c998cfdd04cb9bd509cae634ad
EXPORTER_SECRET 80f5eb235997250f0d1fe906ad4065a468dbaf2532d90ad732523e19560e98a2 f4dc117a55a7e590d3a5e6b5e9802f1811c3bd587be4cf6553bd50c1e797e39305ff5f6821699d14ca37ce354056f50d
CLIENT_EARLY_TRAFFIC_SECRET d6fc8446f5e8d810a83cc7bec25ab50a5387973a1cad48449fbe9d4aa383f7b8 5a238d663e0a76ed830fe0df20513ab373da8ad0b62142e3837f2dc688980221
CLIENT_HANDSHAKE_TRAFFIC_SECRET d6fc8446f5e8d810a83cc7bec25ab50a5387973a1cad48449fbe9d4aa383f7b8 ecc77a19973ff9bbc5d65edf7c9b4771a3499ffc98df6b732d8ae23f3ccab26f
SERVER_HANDSHAKE_TRAFFIC_SECRET d6fc8446f5e8d810a83cc7bec25ab50a5387973a1cad48449fbe9d4aa383f7b8 490f378a4eabe6aa6c40ba6f5c77427820c9cf795fa700407e7ca3a54a6272d0
CLIENT_TRAFFIC_SECRET_0 d6fc8446f5e8d810a83cc7bec25ab50a5387973a1cad48449fbe9d4aa383f7b8 c7ace36143f9d1da18973a6ac5381359ff795b40e29d7d522e1ebbd4a5adc145
SERVER_TRAFFIC_SECRET_0 d6fc8446f5e8d810a83cc7bec25ab50a5387973a1cad48449fbe9d4aa383f7b8 764bfefa91124b02b6f3bae0e229c0ba7be68e4076028e94e61a007793499057
EXPORTER_SECRET d6fc8446f5e8d810a83cc7bec25ab50a5387973a1cad48449fbe9d4aa383f7b8 cb6c3dd6ca0b11af07d645ea10b8b9207a6bfed8268b73c8861a21329e297a2a
CLIENT_EARLY_TRAFFIC_SECRET 4e38b2c215479f76a64387b2ae241534919ad9d5e28ad1a42dc1c18e55feeaf1 1ac34d03dd234e39e282b882b623e10cf8d059ce3ed5d555bad16ebfb1815c98e8047611f32bcf2f74bd828e6af4284c
CLIENT_EARLY_TRAFFIC_SECRET 7bb9b78f0aedf98792b6f6032e62826a133cf86f66bd2f811b647f212cb14afe 314fb0018adc852f67cd514240802f17c1daf66760baa6b38685405111020b48
CLIENT_HANDSHAKE_TRAFFIC_SECRET 7bb9b78f0aedf98792b6f6032e62826a133cf86f66bd2f811b647f212cb14afe 8c90875cb47d39e5c20e778877b5dc2c2a1d7c5ad69d5b9e2c6509c3ec951506
SERVER_HANDSHAKE_TRAFFIC_SECRET 7bb9b78f0aedf98792b6f6032e62826a133cf86f66bd2f811b647f212cb14afe ae763be329866eba649b4bfeaa2f4ed5328e5148c729fb8acc4d4fde2704626a
CLIENT_HANDSHAKE_TRAFFIC_SECRET 4e38b2c215479f76a64387b2ae241534919ad9d5e28ad1a42dc1c18e55feeaf1 084abb9e8b2a8daac7bc52779b9f2720c8146f2597e0e439f5a3d241063737a2909be6b971f7e0721f562ee0528ff517
SERVER_HANDSHAKE_TRAFFIC_SECRET 4e38b2c215479f76a64387b2ae241534919ad9d5e28ad1a42dc1c18e55feeaf1 d050d7019ef0a83831aa3111eab9fcaad5953cb9e2c305c131c8a140693c0ec4b662a238377747139980e01454824b88
CLIENT_TRAFFIC_SECRET_0 4e38b2c215479f76a64387b2ae241534919ad9d5e28ad1a42dc1c18e55feeaf1 aa8325f282d0c8a0446cdf71bf4a29dcb6e080d5b5e3e579d63d1fa72967915e372982bb468182a2907b09c8e63b8de2
SERVER_TRAFFIC_SECRET_0 4e38b2c215479f76a64387b2ae241534919ad9d5e28ad1a42dc1c18e55feeaf1 8ec88b723d253211c3e6b50a334468c35936346e59e1448f4a307d4621724471d8b3b0b9127f154719365180f5796345
EXPORTER_SECRET 4e38b2c215479f76a64387b2ae241534919ad9d5e28ad1a42dc1c18e55feeaf1 480fb4aa6f66d4486be76560e40a21fe6f87bbe4070070e596aaabc339b142c174a025645d5de5eee04dfb6734d63e90
CLIENT_TRAFFIC_SECRET_0 7bb9b78f0aedf98792b6f6032e62826a133cf86f66bd2f811b647f212cb14afe 54f1e38269c037df5ec19f578e5c55a6b26b20ae7c2269744cd24d62e7eae2f6
SERVER_TRAFFIC_SECRET_0 7bb9b78f0aedf98792b6f6032e62826a133cf86f66bd2f811b647f212cb14afe 429497b09cd7c4280504d9d74095aee1464b4c1194dd8f7f8f8cb0da85ecc9d8
EXPORTER_SECRET 7bb9b78f0aedf98792b6f6032e62826a133cf86f66bd2f811b647f212cb14afe 513149d3fe7b1e241612457717faccf3e5b8554e3e579f0b227add8b5105db42
CLIENT_EARLY_TRAFFIC_SECRET 0cc46b4de9ae471204f31cb361ca47066df9ce9c1c5e4f25df2b4c88af2a8c02 95d2e84caf19690dff17166d466eafb6634b85089672fd188d56f132f3b6f7c5
CLIENT_HANDSHAKE_TRAFFIC_SECRET 0cc46b4de9ae471204f31cb361ca47066df9ce9c1c5e4f25df2b4c88af2a8c02 1db26e8bdb29a9f77b763f94659e5717ad1259685bf046aea44bf075028c3fb2
SERVER_HANDSHAKE_TRAFFIC_SECRET 0cc46b4de9ae471204f31cb361ca47066df9ce9c1c5e4f25df2b4c88af2a8c02 546a2e2aad5a6720c583b7b4c7f00f00887c7babe6d2bf1b595925297eeeba94
CLIENT_TRAFFIC_SECRET_0 0cc46b4de9ae471204f31cb361ca47066df9ce9c1c5e4f25df2b4c88af2a8c02 ac67282095f51ce093d083664799ae27cf58571030cdddacf1aaade6d241b486
SERVER_TRAFFIC_SECRET_0 0cc46b4de9ae471204f31cb361ca47066df9ce9c1c5e4f25df2b4c88af2a8c02 8990fd8834aeececf435bb7cb1837bb7a48cad03ee815763dae53fc91ef0711d
EXPORTER_SECRET 0cc46b4de9ae471204f31cb361ca47066df9ce9c1c5e4f25df2b4c88af2a8c02 f0e8744f7f173aec9a999a30bc1ef30ec5bbdc1e5b31eca329205eb253e3a619
CLIENT_EARLY_TRAFFIC_SECRET dd4b7422128275c1119ea1c1759d021ab2e2bf285f9c352c3f747b2fa3f90311 d71bd5fecfe7fa3e41e64acaa805ba4354640a0660e43f767b304d0374aaec8d
CLIENT_HANDSHAKE_TRAFFIC_SECRET dd4b7422128275c1119ea1c1759d021ab2e2bf285f9c352c3f747b2fa3f90311 0f608b99e1899fcd7fb1a5647b70e8268f1b2404796d55ecf119d7b45f730e80
SERVER_HANDSHAKE_TRAFFIC_SECRET dd4b7422128275c1119ea1c1759d021ab2e2bf285f9c352c3f747b2fa3f90311 f3f9c07ea5a9edc68b69da4e63137e4a7700d13baa242c1fa8631bcff6d7ae6e
CLIENT_TRAFFIC_SECRET_0 dd4b7422128275c1119ea1c1759d021ab2e2bf285f9c352c3f747b2fa3f90311 e2da8f0d15146362288e5864d3b8e55c10d4bbc555d7368285468b17ed5ee396
SERVER_TRAFFIC_SECRET_0 dd4b7422128275c1119ea1c1759d021ab2e2bf285f9c352c3f747b2fa3f90311 4dfdabe644d2df6acdeb5008035683ba552a19059562dd0653ee71c3d5b52758
EXPORTER_SECRET dd4b7422128275c1119ea1c1759d021ab2e2bf285f9c352c3f747b2fa3f90311 f9045f3c2d8fa838ccbfc8ec6a556abdeb5cbc1d41766ef832c5fe0c94581256
CLIENT_EARLY_TRAFFIC_SECRET 935cbf5a5036538d13d00d6e5ba07351c02d4951ee6a55eaa13503851f83647a 143875dd7b02c981e3cce2b79c09026e8866ae529f2db97588e48fce765e3958
CLIENT_EARLY_TRAFFIC_SECRET 48eab2415909e44bef34bfcf7c84a7209b51144526aa34ed229ae871a21cd980 68d5707eca4d65d6e2d8709ebf811ecaf61ff64f5a918d06059a9255e6689bb32eff2e00ca2cac03cc64b0c2fb093b06
CLIENT_HANDSHAKE_TRAFFIC_SECRET 48eab2415909e44bef34bfcf7c84a7209b51144526aa34ed229ae871a21cd980 cb9b2f3956779df3af8112633d543996b3e9e73b627f65970bd21267ebdcaa62d1af35e16654a4e99c9a916c73584868
SERVER_HANDSHAKE_TRAFFIC_SECRET 48eab2415909e44bef34bfcf7c84a7209b51144526aa34ed229ae871a21cd980 bdecc0d0fbcaa5beb8f041fd9582b8b3bd0b796afc10c90aee7ae187188c4472dc1937b14afc4c08963d69d37bca13b3
CLIENT_TRAFFIC_SECRET_0 48eab2415909e44bef34bfcf7c84a7209b51144526aa34ed229ae871a21cd980 8d69f07f574b34e71f36a1e12913d5ddeffccee6dd22bb871fc5843da503e0ae7cf4973d10d168fe412a15a7473c0039
SERVER_TRAFFIC_SECRET_0 48eab2415909e44bef34bfcf7c84a7209b51144526aa34ed229ae871a21cd980 58475071794b64acb577ccc569fe42193c235250601fe986b8bdd5b00658417c67c45eb7985eedd5262df8da9de01c17
EXPORTER_SECRET 48eab2415909e44bef34bfcf7c84a7209b51144526aa34ed229ae871a21cd980 98933d02cd5a88925a9ac30cd355fe03280ef17e1b4e97a5c64654862fd3f4fc4d099445fdbaea8e5085453cea9d3171
CLIENT_HANDSHAKE_TRAFFIC_SECRET 935cbf5a5036538d13d00d6e5ba07351c02d4951ee6a55eaa13503851f83647a 366e2cabc8069f63e201acb771c460595e789e7a976e2b3a63be0b0cbaec4b3b
SERVER_HANDSHAKE_TRAFFIC_SECRET 935cbf5a5036538d13d00d6e5ba07351c02d4951ee6a55eaa13503851f83647a 8641bffe81f00df1010b54788db32804aefb7c1451d43199cb4fa11ea4c10e7a
CLIENT_TRAFFIC_SECRET_0 935cbf5a5036538d13d00d6e5ba07351c02d4951ee6a55eaa13503851f83647a 7be58c0f9fba7885e5d96fbfe95d63d97d0191ad9767d1b3ac99621b8c162a7b
SERVER_TRAFFIC_SECRET_0 935cbf5a5036538d13d00d6e5ba07351c02d4951ee6a55eaa13503851f83647a 916e5546d32cb6b78e8c77afbdc90b3e51303021775e9ad6cb01117e1405914b
EXPORTER_SECRET 935cbf5a5036538d13d00d6e5ba07351c02d4951ee6a55eaa13503851f83647a 0a2ca53303d90b0d1d7f05724f954024b58927f84456d2037e66b4cf02879109
